2026/09/21 18:40:36.479, 0, 0, 0
2026/09/21 18:40:36.484, 1, 0, 0
2026/09/21 18:40:51.494, 0, 0, 559
2026/09/21 18:40:51.495, 1, 1, 559
2026/09/21 18:41:06.495, 0, 0, 59359
2026/09/21 18:41:06.496, 1, 0, 60173
2026/09/21 18:41:21.497, 0, 0, 60987
2026/09/21 18:41:21.497, 1, 0, 60987
2026/09/21 18:41:36.498, 0, 0, 60987
2026/09/21 18:41:36.499, 1, 0, 60987
2026/09/21 18:41:51.501, 0, 0, 60987
2026/09/21 18:41:51.501, 1, 0, 60987
2026/09/21 18:42:06.501, 0, 0, 60987
2026/09/21 18:42:06.501, 1, 0, 60987
2026/09/21 18:42:21.503, 0, 0, 60987
2026/09/21 18:42:21.503, 1, 0, 60987
2026/09/21 18:42:36.505, 0, 0, 60987
2026/09/21 18:42:36.505, 1, 0, 60987
2026/09/21 18:42:51.506, 0, 0, 60987
2026/09/21 18:42:51.506, 1, 0, 60987
2026/09/21 18:43:06.507, 0, 0, 60987
2026/09/21 18:43:06.507, 1, 0, 60987
2026/09/21 18:43:21.507, 0, 0, 60987
2026/09/21 18:43:21.507, 1, 0, 60987
2026/09/21 18:43:36.509, 0, 0, 67771
2026/09/21 18:43:36.509, 1, 0, 60987
2026/09/21 18:43:51.510, 0, 0, 82967
2026/09/21 18:43:51.510, 1, 0, 82967
2026/09/21 18:44:06.511, 0, 94, 90009
2026/09/21 18:44:06.511, 1, 93, 90009
2026/09/21 18:44:21.512, 0, 93, 90009
2026/09/21 18:44:21.512, 1, 92, 90009
2026/09/21 18:44:36.513, 0, 93, 90009
2026/09/21 18:44:36.514, 1, 93, 90009
2026/09/21 18:44:51.515, 0, 93, 90009
2026/09/21 18:44:51.515, 1, 93, 90009
2026/09/21 18:45:06.515, 0, 85, 90009
2026/09/21 18:45:06.516, 1, 93, 90009
2026/09/21 18:45:21.517, 0, 94, 90009
2026/09/21 18:45:21.517, 1, 94, 90009
2026/09/21 18:45:36.518, 0, 85, 90009
2026/09/21 18:45:36.518, 1, 92, 90009
2026/09/21 18:45:51.518, 0, 93, 90009
2026/09/21 18:45:51.518, 1, 93, 90009
2026/09/21 18:46:06.519, 0, 93, 90009
2026/09/21 18:46:06.519, 1, 94, 90009
2026/09/21 18:46:21.520, 0, 92, 90009
2026/09/21 18:46:21.520, 1, 93, 90009
2026/09/21 18:46:36.521, 0, 93, 90009
2026/09/21 18:46:36.522, 1, 94, 90009
2026/09/21 18:46:51.522, 0, 93, 90009
2026/09/21 18:46:51.523, 1, 93, 90009
2026/09/21 18:47:06.524, 0, 93, 90009
2026/09/21 18:47:06.524, 1, 93, 90009
2026/09/21 18:47:21.525, 0, 94, 90009
2026/09/21 18:47:21.526, 1, 93, 90009
2026/09/21 18:47:36.527, 0, 91, 90009
2026/09/21 18:47:36.527, 1, 93, 90009
2026/09/21 18:47:51.527, 0, 93, 90009
2026/09/21 18:47:51.528, 1, 93, 90009
2026/09/21 18:48:06.529, 0, 92, 90009
2026/09/21 18:48:06.529, 1, 92, 90009
2026/09/21 18:48:21.530, 0, 93, 90009
2026/09/21 18:48:21.530, 1, 93, 90009
2026/09/21 18:48:36.531, 0, 93, 90009
2026/09/21 18:48:36.531, 1, 93, 90009
2026/09/21 18:48:51.533, 0, 93, 90009
2026/09/21 18:48:51.533, 1, 92, 90009
2026/09/21 18:49:06.534, 0, 93, 90009
2026/09/21 18:49:06.534, 1, 92, 90009
2026/09/21 18:49:21.535, 0, 92, 90009
2026/09/21 18:49:21.535, 1, 93, 90009
2026/09/21 18:49:36.536, 0, 92, 90009
2026/09/21 18:49:36.536, 1, 93, 90009
2026/09/21 18:49:51.538, 0, 93, 90009
2026/09/21 18:49:51.538, 1, 92, 90009
2026/09/21 18:50:06.539, 0, 92, 90009
2026/09/21 18:50:06.539, 1, 93, 90009
2026/09/21 18:50:21.539, 0, 93, 90009
2026/09/21 18:50:21.540, 1, 93, 90009
2026/09/21 18:50:36.541, 0, 93, 90009
2026/09/21 18:50:36.541, 1, 93, 90009
2026/09/21 18:50:51.542, 0, 93, 90009
2026/09/21 18:50:51.542, 1, 92, 90009
2026/09/21 18:51:06.543, 0, 92, 90009
2026/09/21 18:51:06.543, 1, 93, 90009
2026/09/21 18:51:21.544, 0, 93, 90009
2026/09/21 18:51:21.544, 1, 93, 90009
2026/09/21 18:51:36.545, 0, 92, 90009
2026/09/21 18:51:36.545, 1, 93, 90009
2026/09/21 18:51:51.546, 0, 93, 90009
2026/09/21 18:51:51.547, 1, 92, 90009
2026/09/21 18:52:06.547, 0, 92, 90009
2026/09/21 18:52:06.547, 1, 93, 90009
2026/09/21 18:52:21.549, 0, 94, 90009
2026/09/21 18:52:21.549, 1, 92, 90009
2026/09/21 18:52:36.549, 0, 92, 90009
2026/09/21 18:52:36.549, 1, 92, 90009
2026/09/21 18:52:51.551, 0, 94, 90009
2026/09/21 18:52:51.551, 1, 93, 90009
2026/09/21 18:53:06.552, 0, 84, 90009
2026/09/21 18:53:06.552, 1, 93, 90009
2026/09/21 18:53:21.553, 0, 93, 90009
2026/09/21 18:53:21.553, 1, 92, 90009
2026/09/21 18:53:36.554, 0, 93, 90009
2026/09/21 18:53:36.554, 1, 93, 90009
2026/09/21 18:53:51.556, 0, 93, 90009
2026/09/21 18:53:51.556, 1, 92, 90009
2026/09/21 18:54:06.557, 0, 93, 90009
2026/09/21 18:54:06.557, 1, 93, 90009
2026/09/21 18:54:21.558, 0, 93, 90009
2026/09/21 18:54:21.559, 1, 93, 90009
2026/09/21 18:54:36.560, 0, 94, 90009
2026/09/21 18:54:36.560, 1, 93, 90009
2026/09/21 18:54:51.562, 0, 92, 90009
2026/09/21 18:54:51.562, 1, 92, 90009
2026/09/21 18:55:06.562, 0, 85, 90009
2026/09/21 18:55:06.562, 1, 94, 90009
2026/09/21 18:55:21.564, 0, 93, 90009
2026/09/21 18:55:21.564, 1, 94, 90009
2026/09/21 18:55:36.565, 0, 93, 90009
2026/09/21 18:55:36.565, 1, 93, 90009
2026/09/21 18:55:51.566, 0, 94, 90009
2026/09/21 18:55:51.566, 1, 93, 90009
2026/09/21 18:56:06.567, 0, 93, 90009
2026/09/21 18:56:06.567, 1, 93, 90009
2026/09/21 18:56:21.568, 0, 94, 90009
2026/09/21 18:56:21.569, 1, 94, 90009
2026/09/21 18:56:36.569, 0, 93, 90009
2026/09/21 18:56:36.569, 1, 93, 90009
2026/09/21 18:56:51.570, 0, 94, 90009
2026/09/21 18:56:51.570, 1, 93, 90009
2026/09/21 18:57:06.571, 0, 87, 90009
2026/09/21 18:57:06.571, 1, 93, 90009
2026/09/21 18:57:21.573, 0, 93, 90009
2026/09/21 18:57:21.573, 1, 93, 90009
2026/09/21 18:57:36.574, 0, 93, 90009
2026/09/21 18:57:36.574, 1, 92, 90009
2026/09/21 18:57:51.575, 0, 93, 90009
2026/09/21 18:57:51.575, 1, 93, 90009
2026/09/21 18:58:06.577, 0, 93, 90009
2026/09/21 18:58:06.577, 1, 93, 90009
2026/09/21 18:58:21.578, 0, 94, 90009
2026/09/21 18:58:21.578, 1, 93, 90009
2026/09/21 18:58:36.579, 0, 93, 90009
2026/09/21 18:58:36.579, 1, 93, 90009
2026/09/21 18:58:51.581, 0, 93, 90009
2026/09/21 18:58:51.581, 1, 93, 90009
2026/09/21 18:59:06.582, 0, 94, 90009
2026/09/21 18:59:06.582, 1, 93, 90009
2026/09/21 18:59:21.583, 0, 84, 90009
2026/09/21 18:59:21.583, 1, 94, 90009
2026/09/21 18:59:36.584, 0, 93, 90009
2026/09/21 18:59:36.584, 1, 94, 90009
2026/09/21 18:59:51.585, 0, 93, 90009
2026/09/21 18:59:51.585, 1, 93, 90009
2026/09/21 19:00:06.586, 0, 92, 90009
2026/09/21 19:00:06.586, 1, 93, 90009
2026/09/21 19:00:21.587, 0, 93, 90009
2026/09/21 19:00:21.587, 1, 93, 90009
2026/09/21 19:00:36.588, 0, 93, 90009
2026/09/21 19:00:36.589, 1, 93, 90009
2026/09/21 19:00:51.590, 0, 85, 90009
2026/09/21 19:00:51.590, 1, 93, 90009
2026/09/21 19:01:06.591, 0, 93, 90009
2026/09/21 19:01:06.591, 1, 94, 90009
2026/09/21 19:01:21.593, 0, 93, 90009
2026/09/21 19:01:21.593, 1, 93, 90009
2026/09/21 19:01:36.594, 0, 93, 90009
2026/09/21 19:01:36.594, 1, 93, 90009
2026/09/21 19:01:51.595, 0, 94, 90009
2026/09/21 19:01:51.595, 1, 93, 90009
2026/09/21 19:02:06.596, 0, 94, 90009
2026/09/21 19:02:06.596, 1, 93, 90009
2026/09/21 19:02:21.597, 0, 93, 90009
2026/09/21 19:02:21.597, 1, 94, 90009
2026/09/21 19:02:36.598, 0, 86, 90009
2026/09/21 19:02:36.598, 1, 92, 90009
2026/09/21 19:02:51.599, 0, 93, 90009
2026/09/21 19:02:51.600, 1, 93, 90009
2026/09/21 19:03:06.601, 0, 93, 90009
2026/09/21 19:03:06.601, 1, 93, 90009
2026/09/21 19:03:21.602, 0, 94, 90009
2026/09/21 19:03:21.602, 1, 93, 90009
2026/09/21 19:03:36.603, 0, 93, 90009
2026/09/21 19:03:36.603, 1, 93, 90009
2026/09/21 19:03:51.604, 0, 93, 90009
2026/09/21 19:03:51.604, 1, 94, 90009
2026/09/21 19:04:06.606, 0, 94, 90009
2026/09/21 19:04:06.606, 1, 93, 90009
2026/09/21 19:04:21.607, 0, 86, 90009
2026/09/21 19:04:21.607, 1, 93, 90009
2026/09/21 19:04:36.608, 0, 93, 90009
2026/09/21 19:04:36.608, 1, 94, 90009
2026/09/21 19:04:51.610, 0, 94, 90009
2026/09/21 19:04:51.610, 1, 93, 90009
2026/09/21 19:05:06.610, 0, 93, 90009
2026/09/21 19:05:06.610, 1, 93, 90009
2026/09/21 19:05:21.611, 0, 93, 90009
2026/09/21 19:05:21.611, 1, 94, 90009
2026/09/21 19:05:36.612, 0, 93, 90009
2026/09/21 19:05:36.613, 1, 93, 90009
2026/09/21 19:05:51.614, 0, 94, 90009
2026/09/21 19:05:51.614, 1, 93, 90009
2026/09/21 19:06:06.615, 0, 86, 90009
2026/09/21 19:06:06.615, 1, 93, 90009
2026/09/21 19:06:21.616, 0, 88, 90009
2026/09/21 19:06:21.616, 1, 94, 90009
2026/09/21 19:06:36.617, 0, 94, 90009
2026/09/21 19:06:36.617, 1, 93, 90009
2026/09/21 19:06:51.618, 0, 94, 90009
2026/09/21 19:06:51.618, 1, 93, 90009
2026/09/21 19:07:06.619, 0, 93, 90009
2026/09/21 19:07:06.619, 1, 94, 90009
2026/09/21 19:07:21.620, 0, 85, 90009
2026/09/21 19:07:21.620, 1, 93, 90009
2026/09/21 19:07:36.622, 0, 94, 90009
2026/09/21 19:07:36.622, 1, 93, 90009
2026/09/21 19:07:51.623, 0, 93, 90009
2026/09/21 19:07:51.623, 1, 93, 90009
2026/09/21 19:08:06.625, 0, 94, 90009
2026/09/21 19:08:06.625, 1, 93, 90009
2026/09/21 19:08:21.626, 0, 94, 90009
2026/09/21 19:08:21.626, 1, 93, 90009
2026/09/21 19:08:36.627, 0, 94, 90009
2026/09/21 19:08:36.627, 1, 93, 90009
2026/09/21 19:08:51.629, 0, 94, 90009
2026/09/21 19:08:51.629, 1, 94, 90009
2026/09/21 19:09:06.630, 0, 93, 90009
2026/09/21 19:09:06.630, 1, 94, 90009
2026/09/21 19:09:21.631, 0, 93, 90009
2026/09/21 19:09:21.632, 1, 93, 90009
2026/09/21 19:09:36.633, 0, 93, 90009
2026/09/21 19:09:36.633, 1, 95, 90009
2026/09/21 19:09:51.634, 0, 94, 90009
2026/09/21 19:09:51.635, 1, 93, 90009
2026/09/21 19:10:06.635, 0, 93, 90009
2026/09/21 19:10:06.636, 1, 94, 90009
2026/09/21 19:10:21.637, 0, 93, 90009
2026/09/21 19:10:21.637, 1, 93, 90009
2026/09/21 19:10:36.638, 0, 93, 90009
2026/09/21 19:10:36.638, 1, 93, 90009
2026/09/21 19:10:51.639, 0, 87, 90009
2026/09/21 19:10:51.639, 1, 94, 90009
2026/09/21 19:11:06.640, 0, 93, 90009
2026/09/21 19:11:06.640, 1, 94, 90009
2026/09/21 19:11:21.641, 0, 93, 90009
2026/09/21 19:11:21.641, 1, 94, 90009
2026/09/21 19:11:36.643, 0, 93, 90009
2026/09/21 19:11:36.643, 1, 93, 90009
2026/09/21 19:11:51.644, 0, 93, 90009
2026/09/21 19:11:51.644, 1, 93, 90009
2026/09/21 19:12:06.645, 0, 93, 90009
2026/09/21 19:12:06.645, 1, 94, 90009
2026/09/21 19:12:21.647, 0, 93, 90009
2026/09/21 19:12:21.647, 1, 94, 90009
2026/09/21 19:12:36.647, 0, 93, 90009
2026/09/21 19:12:36.648, 1, 93, 90009
2026/09/21 19:12:51.648, 0, 93, 90009
2026/09/21 19:12:51.648, 1, 94, 90009
2026/09/21 19:13:06.649, 0, 77, 90009
2026/09/21 19:13:06.650, 1, 93, 90009
2026/09/21 19:13:21.650, 0, 93, 90009
2026/09/21 19:13:21.651, 1, 93, 90009
2026/09/21 19:13:36.652, 0, 86, 90009
2026/09/21 19:13:36.652, 1, 94, 90009
2026/09/21 19:13:51.653, 0, 93, 90009
2026/09/21 19:13:51.653, 1, 93, 90009
