region,box_width_cells,channel,predicted_anomaly_second_moment,target_anomaly_second_moment,anomaly_cross_moment,anomaly_mse,origins
global,0,uo_0,0.2993675548620898,0.44721102353298303,0.27941929240419405,0.1877399943392686,99
global,0,uo_1,0.34034647182984784,0.4892850692826088,0.320001277959708,0.18962898143012114,99
global,0,uo_2,0.37068668399194277,0.5141384291528451,0.347008440079111,0.19080823915775377,99
global,0,uo_3,0.35564667287499013,0.4994141889943017,0.33036865956253475,0.19432354620610826,99
global,0,uo_4,0.28783369199796155,0.41877185425373037,0.2611399857383786,0.18432557793578716,99
global,0,uo_5,0.23356285059090817,0.35726736470906423,0.2038898728411607,0.18305046690834892,99
global,0,uo_6,0.22066142297152316,0.33777143317039565,0.18426627492663836,0.18990030869691057,99
global,0,uo_7,0.27840012342038783,0.4361954295273983,0.23818538074541573,0.2382247955209077,99
global,0,uo_8,0.2935651811686429,0.4782874265102425,0.25537966869094153,0.2610932764681903,99
global,0,uo_9,0.2876822153727214,0.474885123847711,0.24762220996798892,0.26732291717721957,99
global,0,uo_10,0.2753167110260087,0.46598353349801264,0.2332116353391397,0.2748769750498762,99
global,0,uo_11,0.26944573103177427,0.4623004673707365,0.22188506448509718,0.28797606958283317,99
global,0,uo_12,0.26653542467440017,0.4591639156293387,0.20697162413235867,0.3117560948988404,99
global,0,uo_13,0.2691846876734435,0.4531179103586409,0.19232305733844487,0.3376564844088121,99
global,0,uo_14,0.2761960974847428,0.4730939139621426,0.18990805985951664,0.3694738941361206,99
global,0,uo_15,0.28576129102947734,0.5348082880179087,0.18671208605019732,0.44714540002321956,99
global,0,uo_16,0.28296247124671936,0.591971294446425,0.17225450096708356,0.5304247613507088,99
global,0,uo_17,0.28320217674428766,0.5408051128339286,0.15578817463282382,0.5124309487415083,99
global,0,uo_18,0.223812042011155,0.4628845456272665,0.1408307571152244,0.40503506949453644,99
global,0,vo_0,0.4012680697922755,0.6371854534654906,0.36385788580383915,0.31073775405835624,99
global,0,vo_1,0.4196106430256005,0.6362425067810097,0.3818863434622986,0.2920804640861473,99
global,0,vo_2,0.4413598556109149,0.648544268174605,0.4063758606260473,0.2771524025334252,99
global,0,vo_3,0.4512364722863592,0.6636316661882882,0.4213632604088446,0.27214161088370314,99
global,0,vo_4,0.4369436032844312,0.6494225721166591,0.4082185427347819,0.26992909369444607,99
global,0,vo_5,0.40935909206216986,0.6217725180616283,0.3770478494239576,0.2770359082655473,99
global,0,vo_6,0.39914697589296283,0.6010017714115105,0.36175348541953345,0.27664178203452716,99
global,0,vo_7,0.401135109289728,0.6081744083250412,0.36666888118994356,0.2759717565895331,99
global,0,vo_8,0.40174542262096596,0.6197710308161649,0.3695926341143521,0.28233119062703066,99
global,0,vo_9,0.39771012555469165,0.6211628179357509,0.36561911395101837,0.2876347107718689,99
global,0,vo_10,0.3905527317764783,0.6176243183588741,0.3554224161186604,0.29733221217839406,99
global,0,vo_11,0.3823272603930849,0.6179243880088883,0.34149591790305245,0.31725981620827104,99
global,0,vo_12,0.373332770183833,0.6115481636740945,0.3182182050112522,0.3484445277488593,99
global,0,vo_13,0.36287322489902224,0.6008604271243317,0.28921159304151633,0.3853104617258515,99
global,0,vo_14,0.35409422474678115,0.6120739320311883,0.2663722054825889,0.4334237473179596,99
global,0,vo_15,0.3463245585109248,0.6541493498917782,0.23920218631474657,0.5220695312577065,99
global,0,vo_16,0.32148059961771724,0.6619076939544293,0.20546000894874034,0.5724682762767329,99
global,0,vo_17,0.3249413039949205,0.6014474726686574,0.19286830437303792,0.5406521670144013,99
global,0,vo_18,0.2812979212312987,0.5472261285541034,0.1784910646953968,0.47154192280287693,99
global,0,thetao_0,0.004692449471960315,0.004692449471960315,0.004692449471960315,0.0,99
global,0,thetao_1,0.00540157047693025,0.004617655645077577,0.003931264783434495,0.002156696519861468,99
global,0,thetao_2,0.004968967879040524,0.004567033011522709,0.0035366486802678367,0.0024627035453144196,99
global,0,thetao_3,0.006148791046474467,0.005106154850430109,0.0032125781795875443,0.00482978956359956,99
global,0,thetao_4,0.006836453480928233,0.006511206004881497,0.0035747870911063268,0.006198085402373714,99
global,0,thetao_5,0.007790402311718825,0.008594779946813078,0.004663379909941042,0.007058422542130104,99
global,0,thetao_6,0.007602734241935641,0.009852218935548357,0.004610218135922244,0.00823451689152856,99
global,0,thetao_7,0.007618783027723883,0.010582081841850522,0.004608284235188756,0.008984296441529736,99
global,0,thetao_8,0.009298819982719541,0.012330281416499856,0.00548299044991533,0.01066312026420627,99
global,0,thetao_9,0.011084123505185348,0.01264511344182973,0.0062475934050826715,0.011234050353217607,99
global,0,thetao_10,0.010642507518030177,0.011373987120359835,0.005507064658696904,0.011002365085813735,99
global,0,thetao_11,0.011193370615894144,0.010857388433633429,0.004217495603223491,0.013615767904228032,99
global,0,thetao_12,0.011251695444713336,0.00874126399632054,0.002539227276833521,0.014914505070809162,99
global,0,thetao_13,0.006649165785862039,0.003358381772131631,0.0005281205707102675,0.008951306465373498,99
global,0,thetao_14,0.005393728745555637,0.002070766046991327,0.0004948577531989701,0.0064747792085388094,99
global,0,thetao_15,0.005388875270845613,0.0014909403198727904,0.0006809291721443937,0.005517957186458086,99
global,0,thetao_16,0.008730431830491683,0.0024294304529750587,0.0006719259180674198,0.009816010463794675,99
global,0,thetao_17,0.008005597365248685,0.005719828687495355,0.0019693173940829706,0.009786791299855468,99
global,0,thetao_18,0.005077334346644806,0.007358547648170379,0.003026373451575637,0.0063831350587383665,99
global,0,so_0,0.014888724744921982,0.010010514530644875,0.002380623513917354,0.020137992235973026,99
global,0,so_1,0.012112834791869226,0.008220969642879385,0.0022532997407122618,0.015827204956851824,99
global,0,so_2,0.009578524919396097,0.007238024323614258,0.0020502380746877705,0.012716073185355977,99
global,0,so_3,0.006631604678025751,0.0063998075343216915,0.0015943981765891718,0.009842615772151586,99
global,0,so_4,0.005940143907950683,0.006201809065209495,0.0014890740611449335,0.009163804813241116,99
global,0,so_5,0.006211196345211279,0.006020669759523989,0.0012492289892491893,0.009733408049802588,99
global,0,so_6,0.007281772745302831,0.008865191380145273,0.0018379741778710122,0.012471015696799514,99
global,0,so_7,0.008417340494090259,0.011169775596095456,0.002726187756651956,0.01413474071093581,99
global,0,so_8,0.0071597734720192175,0.009192689622968736,0.0024797157384455204,0.011393031603985965,99
global,0,so_9,0.005438700191337954,0.005987436049664864,0.001499875254618625,0.008426385804672133,99
global,0,so_10,0.0035243948023164213,0.003247073127163781,0.0007216976214708252,0.005328072658316655,99
global,0,so_11,0.0033345114101063123,0.004086708428921422,0.0011687266529829363,0.005083766577746531,99
global,0,so_12,0.0028664382889565794,0.003555877319998061,0.0009779587524444467,0.0044663980805475,99
global,0,so_13,0.001581522587903145,0.0008070928901857274,0.00017746566072214545,0.0020336841369480497,99
global,0,so_14,0.0014641652709211815,0.0002785836290003675,5.641918039026393e-05,0.00162991054586577,99
global,0,so_15,0.0020026327310732066,0.00035754559535740153,0.00011669907417863306,0.002126780166902175,99
global,0,so_16,0.003483159135970654,0.0008594542477195236,0.00038897354938348546,0.0035646662534675514,99
global,0,so_17,0.008000047802172526,0.008903453639247503,0.003958772352868409,0.008985956679239418,99
global,0,so_18,0.005672194651619653,0.009725005530535874,0.005135566308962727,0.00512606766300671,99
global,0,zos,0.006809747335736198,0.006809747335736198,0.006809747335736198,0.0,99
global,3,uo_0,0.06424898785924671,0.1357585975919107,0.05478430994682842,0.09043896514357942,99
global,3,uo_1,0.07620484427069173,0.1651368833551503,0.06640062458587415,0.1085404780025434,99
global,3,uo_2,0.08941037952899933,0.19310436766557018,0.07878107833440857,0.12495258939687652,99
global,3,uo_3,0.09628972313319793,0.2088035914030942,0.08519127934870094,0.13471075425846407,99
global,3,uo_4,0.08965071667023379,0.1929820766954711,0.07919273021245243,0.12424733519855172,99
global,3,uo_5,0.08724914476124927,0.18577127926277393,0.07658539283456224,0.11984963639818057,99
global,3,uo_6,0.10269143680731456,0.2134924487333105,0.09081612271491928,0.13455164003552814,99
global,3,uo_7,0.14394394511526282,0.298437485791216,0.1300073731878791,0.18236668302555276,99
global,3,uo_8,0.1575867860305189,0.3321562003005635,0.14576292670134341,0.19821712901495925,99
global,3,uo_9,0.15654452566546623,0.32568685484654974,0.144141631370241,0.1939481192767018,99
global,3,uo_10,0.1510510230907286,0.3121235662638539,0.13640840547253388,0.190357779613649,99
global,3,uo_11,0.1458664479279759,0.3016504536975514,0.12898742610758002,0.18954205091553505,99
global,3,uo_12,0.14562396930925775,0.2922661942665023,0.11964076975680361,0.19860862421266962,99
global,3,uo_13,0.14968441246133862,0.28367112065204464,0.10872897874526304,0.21589757607440757,99
global,3,uo_14,0.15115198959605863,0.2954982558284143,0.10151008230568183,0.24363008066259248,99
global,3,uo_15,0.1480530355915879,0.3245864646001296,0.08918803230379567,0.2942634384439449,99
global,3,uo_16,0.14187039991821906,0.3582704816803788,0.07337690825865727,0.3533870683173941,99
global,3,uo_17,0.15007320723750375,0.3200020025474857,0.06504993991117285,0.33997532996264374,99
global,3,uo_18,0.10942228830823994,0.25980070052724896,0.05560808224283686,0.25800682182865914,99
global,3,vo_0,0.12755639504904698,0.24842068342247395,0.11303356312441104,0.14990994876081293,99
global,3,vo_1,0.13605725742650754,0.26838431499823173,0.12213572611411412,0.16017012373365538,99
global,3,vo_2,0.15071102871437264,0.2968813009334333,0.13684220137921246,0.17390792764196492,99
global,3,vo_3,0.16448860878896232,0.3261714589716208,0.1509742849703991,0.18871150368993933,99
global,3,vo_4,0.16840480102433097,0.3348247435959903,0.15562001126583178,0.19198952585157722,99
global,3,vo_5,0.17477674255467424,0.3430927600523438,0.16086538617659096,0.19613872769505086,99
global,3,vo_6,0.18568562046445983,0.35689466529422337,0.17011634448562005,0.20234759633589272,99
global,3,vo_7,0.1909764255538131,0.3684024666294907,0.17688699954687948,0.20560489128334353,99
global,3,vo_8,0.19290952730660488,0.37265488505363464,0.17872555599068152,0.20811330399127922,99
global,3,vo_9,0.1906899937776604,0.3665777685666325,0.17546636061836976,0.2063350429137548,99
global,3,vo_10,0.18594619405992102,0.35532290194973803,0.1681043714886964,0.20506035393536692,99
global,3,vo_11,0.1811208926668071,0.3462645574049516,0.1587898711664508,0.20980570999660877,99
global,3,vo_12,0.17658976427834444,0.336746537324154,0.14398244128684806,0.22537141586794998,99
global,3,vo_13,0.17232658420548294,0.3275634128637988,0.1252377973963516,0.2494143991157262,99
global,3,vo_14,0.16674529106327982,0.3304015009692221,0.10892741246656938,0.2792919663467793,99
global,3,vo_15,0.16163912987468218,0.3485310634579321,0.0897994658561668,0.33057126252338137,99
global,3,vo_16,0.1478936964213246,0.36081405721529564,0.07124413320361966,0.36621948625102185,99
global,3,vo_17,0.15300973331687426,0.3261077668931749,0.06484161080284552,0.34943427762599905,99
global,3,vo_18,0.12477679385079278,0.2797344947102094,0.05477893561350577,0.2949534133829252,99
global,3,thetao_0,0.0002488757148820135,0.0002488757148820135,0.0002488757148820135,0.0,99
global,3,thetao_1,0.00034897984270091086,0.00026470188752893885,0.00019289408322433103,0.00022789356172334103,99
global,3,thetao_2,0.00040106181580940205,0.0003297916816952027,0.00018218503130195343,0.0003664834322548951,99
global,3,thetao_3,0.0005157259542781934,0.00047697763239748476,0.00017573541051454166,0.000641232769174332,99
global,3,thetao_4,0.0007269629183215926,0.0006767940711032486,0.00022003489089047893,0.0009636872082318396,99
global,3,thetao_5,0.0009543786020573191,0.0009428182137057637,0.00033603931954742005,0.001225118177256199,99
global,3,thetao_6,0.0012195494244665358,0.0013726592273216205,0.0004888775110517562,0.0016144536461474167,99
global,3,thetao_7,0.0016144192624705457,0.0017543798594763784,0.0007169246838211712,0.001934949778998741,99
global,3,thetao_8,0.002585842633958567,0.002313565281737182,0.0011092115627517078,0.002680984807831019,99
global,3,thetao_9,0.003503115377341858,0.0028882528833969676,0.0014769253779597807,0.0034375175048192643,99
global,3,thetao_10,0.0035551509495373025,0.0025709776932166684,0.0012817793840899914,0.003562569883981287,99
global,3,thetao_11,0.004495628493264167,0.002246985689388833,0.000722288839034548,0.005298036517518939,99
global,3,thetao_12,0.005532776240748588,0.0010793063650848438,0.00016896684930102447,0.006274148868867243,99
global,3,thetao_13,0.0026119552844326302,0.00037240660531832036,0.00011750116979296441,0.0027493595244419394,99
global,3,thetao_14,0.0019001609144845243,0.00036003284868925357,0.00013870601061639854,0.0019827817585507425,99
global,3,thetao_15,0.0014264331401485687,0.0003550945892295038,0.00016071845488058347,0.001460090807563804,99
global,3,thetao_16,0.0024652827926205864,0.0003675115838613963,6.554373146053592e-05,0.00270170690915124,99
global,3,thetao_17,0.0019407534367414285,0.00014219667663741293,2.5376111712679023e-05,0.0020321978907561814,99
global,3,thetao_18,0.000787562316735134,5.638599237738732e-05,1.3733972162648423e-05,0.0008164803677407855,99
global,3,so_0,0.00706566230516241,0.002064980183154194,0.00024078573255792435,0.008649071024711987,99
global,3,so_1,0.005977290823604121,0.001635119600593103,0.0002387544971123483,0.0071349013690846135,99
global,3,so_2,0.0036975049244409256,0.0010247621708784742,0.0002141003351379818,0.004294066450022387,99
global,3,so_3,0.0018561492577627904,0.0008004789529932719,0.00010917008633744747,0.0024382880315034078,99
global,3,so_4,0.0016495668566832789,0.0008644662777460509,0.000111191147733174,0.002291650842931686,99
global,3,so_5,0.0018601354218624306,0.0009642199588459775,0.00011750119981547639,0.002589352976888268,99
global,3,so_6,0.0024792322950117815,0.001436565179528311,0.00018910523273245986,0.0035375870077522715,99
global,3,so_7,0.0028848284761411975,0.0016800679249990016,0.00037554929425676515,0.003813797798515721,99
global,3,so_8,0.002102245357960011,0.0015700199250884429,0.00042157955796956416,0.0028291061906275724,99
global,3,so_9,0.0014997152729204508,0.0011629470520549351,0.00024954492174502875,0.002163572512059049,99
global,3,so_10,0.0010019656667024875,0.0006058146821974654,0.0001014604279800845,0.0014048594842674305,99
global,3,so_11,0.0007859358188903166,0.0006671086708648187,0.00011646820267843496,0.0012201080945405092,99
global,3,so_12,0.0007046268455627742,0.000384612099768481,0.00011115017931466226,0.0008669385793524785,99
global,3,so_13,0.0003171310683058556,0.00010231410543025105,3.759954952237413e-05,0.00034424607616124884,99
global,3,so_14,0.000280527144287139,3.234788612580172e-05,1.6503079321691674e-06,0.00030957441306625954,99
global,3,so_15,0.0002783613686327531,4.3129187535595695e-05,9.536732939137217e-06,0.0003024170897204918,99
global,3,so_16,0.0006656492872144839,7.227879115192201e-05,3.0744835200093206e-06,0.0007317791142585603,99
global,3,so_17,0.0015624620907027462,0.00010885363537289032,9.340954786085428e-06,0.0016526338206886342,99
global,3,so_18,0.0004895384640390562,4.516671723456856e-05,1.8852642604156934e-05,0.0004969998980129157,99
global,3,zos,0.0012481199151770485,0.0012481199151770485,0.0012481199151770485,0.0,99
global,9,uo_0,0.1896143573703188,0.28231362998485565,0.17274771570557296,0.12643255647083726,99
global,9,uo_1,0.22309334696543337,0.338312824567159,0.20775208148089322,0.1459020141399268,99
global,9,uo_2,0.255844045468051,0.3837872090363743,0.23951876690291396,0.16059372641823508,99
global,9,uo_3,0.2634791968145756,0.401367921419818,0.2462198075019952,0.17240750533763807,99
global,9,uo_4,0.23146171837744087,0.35853613326043793,0.21225845572924373,0.16548094168455915,99
global,9,uo_5,0.20028085991589709,0.32109582243543683,0.1775312939978609,0.16631409616181345,99
global,9,uo_6,0.199385243985388,0.31744887220739115,0.17015912602044114,0.1765158621951787,99
global,9,uo_7,0.2576147293803668,0.4174266144482776,0.2240818597451605,0.22687762072592071,99
global,9,uo_8,0.27362707618511084,0.4611571927865346,0.24280117512351335,0.24918192128340402,99
global,9,uo_9,0.2689042535394129,0.45956576833821305,0.2373690969414181,0.2537318245329038,99
global,9,uo_10,0.25858046897131987,0.4513454988147273,0.22515796817312336,0.25961003234290114,99
global,9,uo_11,0.2530588006431406,0.44788803385965753,0.2149194638536434,0.2711079055913771,99
global,9,uo_12,0.2502173962015094,0.4441119980330419,0.1999930322471291,0.29434333184752803,99
global,9,uo_13,0.2520373957325714,0.4347141544626217,0.18352784276610673,0.31969586917848297,99
global,9,uo_14,0.2541685810293814,0.44565149088098543,0.17674787914512133,0.3463243128675403,99
global,9,uo_15,0.25558437602688566,0.4902543338260265,0.16649925242168734,0.4128402089229738,99
global,9,uo_16,0.24551862402997834,0.5337443032650032,0.14803791098823452,0.48318709869577425,99
global,9,uo_17,0.24963280227449205,0.4914873140026825,0.1359521730078591,0.46921576664905357,99
global,9,uo_18,0.190180259822595,0.4137805056090307,0.11991492621224335,0.3641309118030047,99
global,9,vo_0,0.3405719700485769,0.4996948034474344,0.31450345073685504,0.21125987428005297,99
global,9,vo_1,0.36123532177221895,0.534844407529542,0.33793746537030345,0.2202048021735567,99
global,9,vo_2,0.3957281874285804,0.5778750400952618,0.3732069137722555,0.2271894005813984,99
global,9,vo_3,0.4240860273741712,0.6219498078630428,0.40134177093554024,0.24335230149403966,99
global,9,vo_4,0.41888038196949046,0.6250576774279276,0.39615872803360525,0.25162060378175793,99
global,9,vo_5,0.39988138248222044,0.6097550711246452,0.3729971900130763,0.2636420680115921,99
global,9,vo_6,0.39472720659140387,0.5941722579676696,0.3618733280836934,0.265152810197888,99
global,9,vo_7,0.39772125837778805,0.6035425277671429,0.3680075066860276,0.26524876720375484,99
global,9,vo_8,0.3986655392430045,0.6156825338951265,0.37135670100799717,0.27163467112213674,99
global,9,vo_9,0.3946379567637588,0.6171180051986618,0.3677687431224669,0.2762184814371244,99
global,9,vo_10,0.3874446021185981,0.612499880670297,0.35771431826581856,0.2845158576965332,99
global,9,vo_11,0.3783462881439864,0.6104038724995623,0.34324717943114463,0.302255797265756,99
global,9,vo_12,0.3669778247072239,0.6009972950424811,0.31839583287335405,0.33118344768129215,99
global,9,vo_13,0.35345478340832875,0.5866308284528328,0.2866531407291239,0.3667793298008466,99
global,9,vo_14,0.3416749296164272,0.5928004937942581,0.26181547223317503,0.4108444768371004,99
global,9,vo_15,0.3295996797205222,0.6261749676983766,0.23211954233020243,0.4915355597481583,99
global,9,vo_16,0.3011244839490062,0.6264801615416401,0.19506949698082124,0.537465654238306,99
global,9,vo_17,0.301424758903908,0.5670756769902778,0.18076802293459573,0.5069643815960547,99
global,9,vo_18,0.25122993100773205,0.5080896980232663,0.16353936214940717,0.4322409021733987,99
global,9,thetao_0,0.0007781343084214387,0.0007781343084214387,0.0007781343084214387,0.0,99
global,9,thetao_1,0.0012008748275952206,0.0008187490936387518,0.0006140312973663888,0.0007915613082745535,99
global,9,thetao_2,0.0013763720811711569,0.001030920018122127,0.000586793794134406,0.0012337045027930853,99
global,9,thetao_3,0.0019226777802381402,0.001500226890037984,0.000609663228393824,0.002203578198789572,99
global,9,thetao_4,0.0027440868440375787,0.002212047685088232,0.0008613603592925527,0.003233413825827566,99
global,9,thetao_5,0.003526510094584088,0.003059662532795108,0.0013035888515525694,0.003978994968958726,99
global,9,thetao_6,0.003798977744699729,0.0039791471343675645,0.0015269364218575634,0.004724252056518588,99
global,9,thetao_7,0.004457495137672834,0.00465899771267567,0.0019856185776962326,0.0051452557443443575,99
global,9,thetao_8,0.006260968373166491,0.005813566963141313,0.00294746128099058,0.006179612717882852,99
global,9,thetao_9,0.0077995872642431,0.00684063249465191,0.00378012726309173,0.0070799652280079,99
global,9,thetao_10,0.007629493105629779,0.006147438824891743,0.0033886413456815662,0.006999649220343792,99
global,9,thetao_11,0.008413267425364919,0.005549237578919139,0.0021976970037388983,0.009567111156730338,99
global,9,thetao_12,0.00897699799576793,0.0031251332045278764,0.0007334299740673166,0.010635271357993284,99
global,9,thetao_13,0.0050173717823745025,0.000951414887271257,0.00028048303846100515,0.005407820563913897,99
global,9,thetao_14,0.00409958769350943,0.0008308755026923285,0.0003084959693057839,0.004313471280226503,99
global,9,thetao_15,0.0038441818423870238,0.0008382479121645141,0.00039660097293866176,0.0038892278174935567,99
global,9,thetao_16,0.006688348572663587,0.0009616238518966117,0.0001960367621675209,0.007257898883762384,99
global,9,thetao_17,0.005507299601279124,0.00042475183580230656,2.0167199949989453e-05,0.0058917170155304245,99
global,9,thetao_18,0.002270447864018456,0.0002290036129786379,6.127176693737074e-05,0.002376907926071623,99
global,9,so_0,0.011607958643574907,0.005838853690415771,0.0009682656108075988,0.01551028120924126,99
global,9,so_1,0.009412923131627267,0.004568814551645909,0.0009346984025805887,0.012112340795798133,99
global,9,so_2,0.00700390436263247,0.0034349972894885624,0.0008004896896609077,0.00883792225986418,99
global,9,so_3,0.004407042790335988,0.0028066972994969953,0.0005465482915469418,0.006120643493804065,99
global,9,so_4,0.0038256205811231124,0.0029017667643575357,0.0005101279101000553,0.005707131482359737,99
global,9,so_5,0.004025273394272334,0.0029383118127971285,0.00048356277149669226,0.005996459662312209,99
global,9,so_6,0.004916141604571932,0.0042775811279437154,0.0007036713997344251,0.0077863800188883985,99
global,9,so_7,0.005732888374665771,0.0049348929426585786,0.0011797743223870944,0.008308232611402719,99
global,9,so_8,0.0049299247459405,0.0040963328904425255,0.0012775083564014898,0.006471240911820922,99
global,9,so_9,0.00364960909755242,0.0027285303398402352,0.0007756926410953806,0.004826754129331822,99
global,9,so_10,0.0023638045772759603,0.0014955913048294005,0.00034653218263158144,0.0031663315262494968,99
global,9,so_11,0.002157094869574513,0.001663025873101721,0.0004324268886579596,0.0029552669941701674,99
global,9,so_12,0.0018427734782994545,0.0011160119573087103,0.00035260764045894825,0.0022535701517504875,99
global,9,so_13,0.0009728401336075757,0.0002754387099441668,0.00011316256014385609,0.001021953718854359,99
global,9,so_14,0.0009052037259074624,8.697921440776701e-05,1.2308657412149566e-05,0.0009675656187799618,99
global,9,so_15,0.0010590962195449105,0.00011283345248566639,2.7547318927415722e-05,0.0011168350383281857,99
global,9,so_16,0.0021621491101504577,0.00020125559151920518,1.9814580281378095e-07,0.002363008414065898,99
global,9,so_17,0.00456654830751094,0.00035573158829444736,-3.307422821308137e-05,0.004988428266399136,99
global,9,so_18,0.001467336619489196,0.0001850875711592968,5.679830095999418e-05,0.001538827603758134,99
global,9,zos,0.003241605760360306,0.003241605760360306,0.003241605760360306,0.0,99
tropics,0,uo_0,0.5783412468553794,0.7836021510037509,0.5519740655265674,0.2579952683111634,99
tropics,0,uo_1,0.6634338254278357,0.8999076777636402,0.6396964463320646,0.2839485951746353,99
tropics,0,uo_2,0.7096812707005125,0.9245029055710995,0.6790605985155009,0.27606299895830827,99
tropics,0,uo_3,0.6473080705512654,0.858669931840415,0.6126737778234963,0.2806304405734997,99
tropics,0,uo_4,0.4789055423303084,0.6761662767391012,0.4402523964944512,0.2745670164474333,99
tropics,0,uo_5,0.32197213353532733,0.49999478399151503,0.2754348727187725,0.2710971725408477,99
tropics,0,uo_6,0.19850474091792347,0.3147453959241058,0.1389342031695626,0.23538173012661212,99
tropics,0,uo_7,0.17229767008261246,0.2993023735706252,0.11394225410891301,0.24371553821997208,99
tropics,0,uo_8,0.1533769868841075,0.30010783973366323,0.09875246923830774,0.2559798894205479,99
tropics,0,uo_9,0.1448529740475645,0.3108469390808934,0.0883462874200007,0.279007338965782,99
tropics,0,uo_10,0.14045491506053945,0.32686166209403916,0.08243781439207419,0.3024409470534084,99
tropics,0,uo_11,0.14804100373176612,0.3439712056306877,0.07812737032883998,0.33575746958906,99
tropics,0,uo_12,0.1541235986532587,0.3634971235737656,0.06893103668522654,0.37975865150942945,99
tropics,0,uo_13,0.16185409748795057,0.36379707521862453,0.0648204267184918,0.39601031969291994,99
tropics,0,uo_14,0.15920308540866832,0.3357286943931772,0.0647937525628191,0.36534427031122074,99
tropics,0,uo_15,0.16991317964563465,0.36636987509149493,0.0710973698420055,0.39408831403713035,99
tropics,0,uo_16,0.18171810862993953,0.3567244756703425,0.07111092972936052,0.39622072709931266,99
tropics,0,uo_17,0.2025686071978675,0.2737392473100412,0.05613046738253248,0.36404691802130806,99
tropics,0,uo_18,0.12402192570946434,0.20102465784910953,0.042377592534805185,0.2402913982820029,99
tropics,0,vo_0,0.5181774174926257,0.7771376594148501,0.4605177359448539,0.37427961976841245,99
tropics,0,vo_1,0.541095457594804,0.8140579955746429,0.4877636062376427,0.37962624400553074,99
tropics,0,vo_2,0.5469614860385356,0.7873076338960667,0.5021183207781628,0.3300324822917129,99
tropics,0,vo_3,0.5225915791410388,0.7633916341295146,0.48912612597147626,0.3077309622307016,99
tropics,0,vo_4,0.45379455417695674,0.6891549533665783,0.4216709714947325,0.29960755793133165,99
tropics,0,vo_5,0.30204826006383606,0.5255965069688932,0.2671918108908817,0.2932611497664692,99
tropics,0,vo_6,0.17325112456926192,0.3406774877297758,0.13159202611205553,0.25074455713984944,99
tropics,0,vo_7,0.12139485023840509,0.27436590375322284,0.08634089061407128,0.22307897095728402,99
tropics,0,vo_8,0.09981735028100736,0.2636210805538929,0.06975479126729146,0.22392885070858579,99
tropics,0,vo_9,0.08790432183880999,0.2660198673756436,0.058204331501114245,0.23751552613696666,99
tropics,0,vo_10,0.07910590603797123,0.2785220266592623,0.04836547549701098,0.2608969851274683,99
tropics,0,vo_11,0.07463099754819966,0.2989661102042054,0.039552720809223674,0.2944916622205214,99
tropics,0,vo_12,0.08423314153245001,0.3261665287945006,0.03430094138126482,0.34179778622858453,99
tropics,0,vo_13,0.09866120049146691,0.3323423707424992,0.03583091152173401,0.3593417475319872,99
tropics,0,vo_14,0.10567557420393434,0.3336011896831821,0.042295891659879924,0.3546849826369623,99
tropics,0,vo_15,0.12787476851783616,0.3937529650601474,0.05148365034373722,0.4186604308961618,99
tropics,0,vo_16,0.15135380046235192,0.3886973869920981,0.06415698666012648,0.41173721112386147,99
tropics,0,vo_17,0.20395843925500157,0.29779451784461436,0.06265544343852636,0.3764420675508904,99
tropics,0,vo_18,0.15871235374549422,0.25564977978215075,0.056079931434883615,0.3022022694349289,99
tropics,0,thetao_0,0.0035379888146476013,0.0035379888146476013,0.0035379888146476013,0.0,99
tropics,0,thetao_1,0.003876061123475959,0.0036444677806675733,0.002895905862026142,0.0017287171165919816,99
tropics,0,thetao_2,0.004356113029643893,0.004318149411119521,0.002964838885354123,0.002744584651240571,99
tropics,0,thetao_3,0.006303381261820293,0.006174127329046829,0.0034568152940747414,0.005563877993310341,99
tropics,0,thetao_4,0.008860400257011255,0.009684875899116801,0.005510153836862306,0.007524968510625338,99
tropics,0,thetao_5,0.011981358596434196,0.013902921257822803,0.008466136533616468,0.00895200665532188,99
tropics,0,thetao_6,0.010261139432626843,0.013258141413744953,0.006730118497143114,0.010059043736846157,99
tropics,0,thetao_7,0.0075172491776145465,0.00898536310220758,0.00309806543748092,0.010306481403684375,99
tropics,0,thetao_8,0.00801387568465387,0.006422260531572381,0.0016205962138800796,0.011194943713795657,99
tropics,0,thetao_9,0.00886360669715537,0.004431121719229703,0.0013125438520666024,0.010669640782806609,99
tropics,0,thetao_10,0.007790473835411096,0.0033535589863819006,0.0004327106176866308,0.010278611688526592,99
tropics,0,thetao_11,0.010318767486347092,0.0020770698508266548,-0.00018443549755125797,0.012764708204853415,99
tropics,0,thetao_12,0.014303851788016882,0.0017853809363029972,-0.0004666100427828202,0.017022453003911055,99
tropics,0,thetao_13,0.009784666473290534,0.002266096368648413,-0.0003242716260079172,0.012699306180531328,99
tropics,0,thetao_14,0.007154631132090633,0.001125025383615396,-0.00013615648166972214,0.008551969512770272,99
tropics,0,thetao_15,0.00574964192705323,0.0003230016416343249,-6.2414656934315e-05,0.006197472822598435,99
tropics,0,thetao_16,0.009645965270171261,0.0008525876851630106,9.456444051478583e-05,0.010309424129023094,99
tropics,0,thetao_17,0.007852122987234833,0.003177670884237747,0.0013013553983212045,0.008427083158319948,99
tropics,0,thetao_18,0.004344828518559084,0.004552470249678902,0.0016590761152481793,0.005579146542445276,99
tropics,0,so_0,0.013901430530229,0.01250841323700216,0.003082945863945607,0.020243952050805092,99
tropics,0,so_1,0.010362018261932664,0.009793034622991326,0.0028680197452430173,0.014419013577880281,99
tropics,0,so_2,0.010609504127065943,0.009980273625879275,0.003154632248245462,0.014280513305254657,99
tropics,0,so_3,0.006725787848347064,0.009434723953782307,0.0023030033944359267,0.0115545050269275,99
tropics,0,so_4,0.006069458814130889,0.009026006828391492,0.0019285129466990122,0.011238439789399354,99
tropics,0,so_5,0.00639196675308425,0.007477581957261069,0.0011909596767215379,0.011487629283407722,99
tropics,0,so_6,0.006428623619028414,0.010261412601767465,0.0017089614014945585,0.013272113524226829,99
tropics,0,so_7,0.006172613555922954,0.011646958848818986,0.0018015730611020417,0.014216426251964136,99
tropics,0,so_8,0.00551960471020353,0.007153455182119753,0.0011024066584973803,0.010468246462293948,99
tropics,0,so_9,0.004624378152492672,0.0038699655360871494,0.0008028392307225126,0.0068886652729953785,99
tropics,0,so_10,0.0027052780373417067,0.0014512119485498077,0.0001609871899267771,0.0038345156289223167,99
tropics,0,so_11,0.002202306135623443,0.0006568781244262789,8.719861728197907e-05,0.002684787009852101,99
tropics,0,so_12,0.0018375262258235705,0.00043601606269320003,-2.5422149869543796e-05,0.002324386593895127,99
tropics,0,so_13,0.0011514972594350275,0.00020157820262917966,9.722567756978804e-06,0.0013336303262886677,99
tropics,0,so_14,0.0011542387262005547,5.956508870109577e-05,-7.222020060464844e-06,0.0012282478585462979,99
tropics,0,so_15,0.0017875663223535273,5.593689473409375e-05,1.6805962618514287e-05,0.0018098912733334183,99
tropics,0,so_16,0.003206063972108743,0.0005280300980725448,0.0002691944626147031,0.0031957051086455883,99
tropics,0,so_17,0.00750920499176389,0.00536903872088802,0.002784122430691213,0.007309998832454886,99
tropics,0,so_18,0.004185085641126139,0.005779714761019656,0.0029712260472635277,0.004022348354655233,99
tropics,0,zos,0.004469632891928683,0.004469632891928683,0.004469632891928683,0.0,99
tropics,3,uo_0,0.05631821369281923,0.11357210832412797,0.039241558636980825,0.09140720549556944,99
tropics,3,uo_1,0.06616065150710067,0.13722494929426848,0.0476097184788398,0.1081661633921392,99
tropics,3,uo_2,0.07519707046072892,0.15556599922252423,0.05521748602540806,0.12032809815924576,99
tropics,3,uo_3,0.07788397371768951,0.1645757897634699,0.05666513044876282,0.1291295039382848,99
tropics,3,uo_4,0.06837015200142908,0.14691175294644904,0.04867254955825782,0.1179368066215756,99
tropics,3,uo_5,0.05479789130163915,0.1196795574793912,0.03459339126041441,0.10529066629783072,99
tropics,3,uo_6,0.04266969697794529,0.08920764260821873,0.01973722524226013,0.09240288889468318,99
tropics,3,uo_7,0.04019860283593939,0.08835533246247455,0.013212561151106852,0.10212881313730972,99
tropics,3,uo_8,0.034089724561481766,0.08521732928776982,0.010205479823241029,0.09889609351603672,99
tropics,3,uo_9,0.03183800456198779,0.08541669312751654,0.008925035602949334,0.09940462529358238,99
tropics,3,uo_10,0.031124819860313877,0.08690270638526087,0.008280320504605018,0.10146688526929026,99
tropics,3,uo_11,0.033816033786143916,0.09072436821280104,0.007931434118125419,0.10867753353985873,99
tropics,3,uo_12,0.04276629770644987,0.10140342272893348,0.0077449483234721065,0.12867982407109907,99
tropics,3,uo_13,0.054660571833150554,0.10585624829988287,0.008920942039174295,0.14267493769375963,99
tropics,3,uo_14,0.053708211189568644,0.09520996467332647,0.007612981612335789,0.13369221195127023,99
tropics,3,uo_15,0.055813591024189285,0.09948923890337799,0.005963777443876189,0.1433752764656086,99
tropics,3,uo_16,0.06758108870549635,0.09432488318645593,0.009295161554796828,0.14331564992064177,99
tropics,3,uo_17,0.11296286140427444,0.09210750167116974,0.01678506635741514,0.17150022872168608,99
tropics,3,uo_18,0.06872846626422623,0.08469381134467896,0.014793288729369941,0.12383570062993753,99
tropics,3,vo_0,0.08951101873559181,0.17073375746758299,0.0675754291240615,0.12509392006228667,99
tropics,3,vo_1,0.09374119379002639,0.18243906368510893,0.07249251519790803,0.13119522707931924,99
tropics,3,vo_2,0.09960901037310109,0.19343309872078174,0.07949187068475617,0.13405836516558522,99
tropics,3,vo_3,0.10383575627900134,0.2054240373951016,0.08381034746164023,0.14163910183641645,99
tropics,3,vo_4,0.09560406238141686,0.1950764118721991,0.07668553714198295,0.13730940064697555,99
tropics,3,vo_5,0.07397279651327567,0.15952767476891028,0.054269840997276886,0.12496078797061035,99
tropics,3,vo_6,0.05279999211280033,0.11821465216802829,0.031206949058957774,0.10860074605002548,99
tropics,3,vo_7,0.03825158836564632,0.10117205706509677,0.02038773587632059,0.09864817416728144,99
tropics,3,vo_8,0.03246450725227895,0.09620697427578646,0.01574894797169801,0.09717358603621974,99
tropics,3,vo_9,0.030546948671190427,0.09679016741839322,0.01301699403598152,0.10130312858205853,99
tropics,3,vo_10,0.027832239489964765,0.09924273877733886,0.010592199579784365,0.10589057861855536,99
tropics,3,vo_11,0.02674878981303085,0.10381893617938263,0.008500446691859814,0.1135668314316056,99
tropics,3,vo_12,0.03613408843074182,0.11597142752372858,0.007172530989809082,0.13776045428080994,99
tropics,3,vo_13,0.04479702099254637,0.12109653147483113,0.006992835680630195,0.1519078826061403,99
tropics,3,vo_14,0.04415430888684109,0.1183386037897582,0.007154772845108646,0.14818336649073494,99
tropics,3,vo_15,0.051260590139362544,0.12715600152509382,0.007228250807328449,0.1639600894366852,99
tropics,3,vo_16,0.05912031368775801,0.11649062890898097,0.010179007381219605,0.15525292868566032,99
tropics,3,vo_17,0.10849457730849583,0.10880847922479263,0.014771166252856604,0.18776072245655637,99
tropics,3,vo_18,0.0905794697729024,0.11527665689437076,0.01997690266433332,0.16590232274146996,99
tropics,3,thetao_0,7.860092261001806e-05,7.860092261001806e-05,7.860092261001806e-05,0.0,99
tropics,3,thetao_1,0.0001919822252327294,9.766586226025465e-05,4.624640876665415e-05,0.0001971552723482477,99
tropics,3,thetao_2,0.0002477946864662109,0.0001768965080510966,4.524177065740323e-05,0.0003342076520449623,99
tropics,3,thetao_3,0.00039088860950244574,0.0003301415847017044,4.534245552882438e-05,0.0006303452801975337,99
tropics,3,thetao_4,0.0006378016204131071,0.0005092720231840933,8.519841970274968e-05,0.0009766768092628229,99
tropics,3,thetao_5,0.0008203031394085047,0.0006691259202650852,0.000141018311489571,0.0012073924381643384,99
tropics,3,thetao_6,0.0010998028852609973,0.00080464957364261,0.00011052238360115543,0.0016834076924362416,99
tropics,3,thetao_7,0.0014898835909505836,0.0007047224748700932,5.3082281407445073e-05,0.002088441541700652,99
tropics,3,thetao_8,0.0029296232646124232,0.0005589992321223359,3.2773085018157464e-05,0.0034230763487743607,99
tropics,3,thetao_9,0.004044299409019224,0.0004775625206130284,3.4603500531970025e-05,0.004452654927254024,99
tropics,3,thetao_10,0.0037792352724331196,0.000374636095725094,-3.1120808904518645e-05,0.004216112981954909,99
tropics,3,thetao_11,0.006332853084637059,0.00026112078260418707,-0.00016536253370401082,0.006924698881880202,99
tropics,3,thetao_12,0.009700006287958887,0.00019934446776680875,-0.0004001891947788836,0.010699728983595516,99
tropics,3,thetao_13,0.005075092690836901,0.00010494667021886944,-7.223496669956313e-05,0.0053245093099622415,99
tropics,3,thetao_14,0.0033196248443364495,4.433570222428182e-05,-4.7214435773015e-05,0.0034583894385382384,99
tropics,3,thetao_15,0.0020619284507414006,2.42545641348709e-05,-1.2911359343322624e-05,0.00211200577376241,99
tropics,3,thetao_16,0.003364746980933529,4.6248007474603566e-05,-5.5637149276350615e-05,0.003522269277259557,99
tropics,3,thetao_17,0.0022435359906104175,4.768873553286833e-05,2.5418538698006914e-05,0.002240387645239631,99
tropics,3,thetao_18,0.0009775038877963041,3.22410163826502e-05,-5.160807357220485e-07,0.0010107770618615728,99
tropics,3,so_0,0.005746463412475406,0.00197042288456225,0.00026898153580555347,0.007178923246836421,99
tropics,3,so_1,0.00408028349553169,0.0013562309458108638,0.0003328994950039726,0.004770715483417264,99
tropics,3,so_2,0.0041400584970798454,0.0009668911607333958,0.00035423285620377715,0.004398483980559941,99
tropics,3,so_3,0.0011157633212272716,0.0007780613448245056,7.113875951631885e-05,0.0017515471289781008,99
tropics,3,so_4,0.0009701522925605226,0.0008886780265267148,5.1971797866273315e-05,0.0017548867176766648,99
tropics,3,so_5,0.0010311806455696698,0.0009032753255039528,2.843706600786372e-05,0.0018775818359125594,99
tropics,3,so_6,0.0011405320720502524,0.0012778811688262104,4.9135184980573885e-05,0.002320142883826235,99
tropics,3,so_7,0.0011955171922278223,0.0012205922070683704,5.9664336258536406e-05,0.0022967807134857987,99
tropics,3,so_8,0.0010810414460873364,0.0008030447337513018,5.9401026750162025e-05,0.0017652841322500297,99
tropics,3,so_9,0.0012696462335309597,0.0004591584262071234,2.74139561655045e-05,0.001673976754336947,99
tropics,3,so_10,0.0008196872976523908,0.00017574272601220833,-1.0201857614132714e-05,0.0010158337465713196,99
tropics,3,so_11,0.0006750076597631731,8.189756574045697e-05,-2.1663304632644637e-05,0.0008002318344267104,99
tropics,3,so_12,0.0005336331287069679,4.3943580510471056e-05,-4.0726638642331404e-05,0.0006590299884497065,99
tropics,3,so_13,0.00020289023975945183,1.3986680458383306e-05,-1.73736558562796e-06,0.00022035165124859737,99
tropics,3,so_14,0.00019538097658001753,5.268781556750206e-06,-1.476577185289717e-06,0.00020360291495712267,99
tropics,3,so_15,0.0002571223634400998,4.778025767235603e-06,3.9569498824580087e-07,0.00026110899849263294,99
tropics,3,so_16,0.0006762674599274466,1.623418439071475e-05,-1.3954535082424021e-05,0.000720410720642769,99
tropics,3,so_17,0.0018150051173782258,5.6936582794408264e-05,5.362372695629466e-05,0.0017646942499347708,99
tropics,3,so_18,0.0006182676862050412,3.0816548583015444e-05,6.4092502963539385e-06,0.0006362657360215154,99
tropics,3,zos,0.00014180140965206625,0.00014180140965206625,0.00014180140965206625,0.0,99
tropics,9,uo_0,0.31156893420701076,0.447842682551856,0.2909664105285298,0.17747879103578704,99
tropics,9,uo_1,0.36683842599994004,0.5379361678855588,0.34951081721469607,0.2057529567468046,99
tropics,9,uo_2,0.4123605059252845,0.5933930666157694,0.39458847437242067,0.21657662816119916,99
tropics,9,uo_3,0.4074485651170365,0.602080035992343,0.38815550024461265,0.23321759640568435,99
tropics,9,uo_4,0.3348325897346843,0.5172613476864015,0.31025586435289093,0.23158220450083414,99
tropics,9,uo_5,0.24001209001348475,0.4052439145367555,0.20623910938850556,0.2327777844185781,99
tropics,9,uo_6,0.15065334857714296,0.2637368311183621,0.1036174502788168,0.20715527943890505,99
tropics,9,uo_7,0.1286138588129872,0.2533344120690317,0.07920482318208676,0.2235386260230132,99
tropics,9,uo_8,0.11227743365246841,0.25882390698399205,0.06790319916726363,0.23529494275348356,99
tropics,9,uo_9,0.10750982654516143,0.2748771926971397,0.06397276507182555,0.2544414897759755,99
tropics,9,uo_10,0.10870531765800534,0.2943352751358591,0.0645272797255805,0.2739860329664115,99
tropics,9,uo_11,0.11930861075719197,0.314700534096872,0.06471707815812393,0.3045749894597314,99
tropics,9,uo_12,0.12865087984487264,0.33683158065935576,0.05808202546934193,0.34931840950792487,99
tropics,9,uo_13,0.1381240478067687,0.3351976311568058,0.05269930999011102,0.3679230574405555,99
tropics,9,uo_14,0.12908220200827628,0.29334099018814586,0.04577983391819277,0.33086352276079584,99
tropics,9,uo_15,0.12871820299011288,0.2956569981996459,0.041193494554420916,0.34198821162936666,99
tropics,9,uo_16,0.13046324825046038,0.2674963773802073,0.03834246328533298,0.3212746998878441,99
tropics,9,uo_17,0.16610223777366406,0.21620897738018421,0.03797005397277047,0.30637110784800364,99
tropics,9,uo_18,0.10129909164676762,0.1701551509475467,0.03220440432278797,0.2070454331961545,99
tropics,9,vo_0,0.40169832291025104,0.5900988347000546,0.3703428321715557,0.2511115013951003,99
tropics,9,vo_1,0.4229029909227834,0.6272133709204317,0.39578470888763967,0.2585469473793049,99
tropics,9,vo_2,0.449611078458603,0.6465980976518958,0.42651835821493705,0.24317246976524892,99
tropics,9,vo_3,0.45879393514960704,0.6688076889876163,0.4363298553107965,0.25494191607441563,99
tropics,9,vo_4,0.40811173377012966,0.6268480272606166,0.3852882422883101,0.26438328277583073,99
tropics,9,vo_5,0.2774736231023615,0.4926077163580692,0.2505219120419387,0.2690375200425736,99
tropics,9,vo_6,0.16089295761452782,0.32037550542089677,0.1245261738547171,0.23221611464866485,99
tropics,9,vo_7,0.1114461211995645,0.25902949860601715,0.08157221224121373,0.20733119652728843,99
tropics,9,vo_8,0.09123571010099517,0.24960079126887852,0.06578405686851704,0.2092683876704688,99
tropics,9,vo_9,0.07972755655646324,0.2522216553639884,0.0550561799206818,0.22183685381003101,99
tropics,9,vo_10,0.07155536608111979,0.26243024071057636,0.045879975883196096,0.2422256540469449,99
tropics,9,vo_11,0.06777182646622562,0.2800428984743176,0.03761590560051528,0.2725829122343449,99
tropics,9,vo_12,0.07690947532954842,0.305617707696828,0.03264559320446969,0.3172359945196094,99
tropics,9,vo_13,0.08883782137523998,0.31282841286273916,0.032646355501404316,0.33637352754371336,99
tropics,9,vo_14,0.09270617817387436,0.3107153540006792,0.036770835819870534,0.32987986309359774,99
tropics,9,vo_15,0.11051103352296232,0.3572635405292415,0.04343836863685136,0.38089783324135673,99
tropics,9,vo_16,0.13000918992541052,0.3420304928464119,0.05248940510280205,0.36706087565181234,99
tropics,9,vo_17,0.1820399902685724,0.26300273745348957,0.051025026854165274,0.3429926760268934,99
tropics,9,vo_18,0.13936146273456437,0.23377142876687676,0.04878376220174209,0.27556537001421955,99
tropics,9,thetao_0,0.0003904461821851631,0.0003904461821851631,0.0003904461821851631,0.0,99
tropics,9,thetao_1,0.000869404138865495,0.00047802167704724,0.0002725244181658696,0.0008023769748773463,99
tropics,9,thetao_2,0.0011734925974818944,0.0008670795394926134,0.0002965425053182778,0.0014474871145053344,99
tropics,9,thetao_3,0.002053756496135258,0.001586605514860665,0.0004148571115181748,0.0028106477887680135,99
tropics,9,thetao_4,0.0032425006508187515,0.0027614949280490176,0.0009257133651496561,0.004152568800356051,99
tropics,9,thetao_5,0.004288163294808732,0.0038838007327432586,0.001558591912716928,0.005054780253858277,99
tropics,9,thetao_6,0.003923110823814917,0.0037921582339237436,0.0010744390604697695,0.005566390955613719,99
tropics,9,thetao_7,0.003958205473750379,0.0027405607368270256,0.00048170056187599484,0.005735365024796038,99
tropics,9,thetao_8,0.0056363751575576534,0.0019076901553857206,0.00030145729220803884,0.006941150699864433,99
tropics,9,thetao_9,0.006717474745454813,0.0015036705434510504,0.0002532251383680051,0.00771469504788819,99
tropics,9,thetao_10,0.00608410273274087,0.0012726131520901967,7.81664071892561e-05,0.00720038308263427,99
tropics,9,thetao_11,0.008854043331335892,0.0009530890348480281,-0.00016547309853121253,0.010138078555088453,99
tropics,9,thetao_12,0.013039938465814398,0.0006597394522307723,-0.00044311803878482544,0.014585914090275764,99
tropics,9,thetao_13,0.00850752309303392,0.0003984469157229695,-0.00015182486300784718,0.00920961976916802,99
tropics,9,thetao_14,0.00618704470495383,0.00016880041867908504,-8.372794980808829e-05,0.006523301077047081,99
tropics,9,thetao_15,0.004741617553688661,9.837360869483984e-05,-5.1678047494726456e-05,0.004943347192661028,99
tropics,9,thetao_16,0.007788065802117791,0.0001464900362241844,-0.00014987278134665557,0.008234301356203629,99
tropics,9,thetao_17,0.005740916511664788,0.00017209747021857912,3.770078269823641e-05,0.005837612371477816,99
tropics,9,thetao_18,0.002354229850967349,0.00010890824466854372,1.0738561880239902e-05,0.002441660959668683,99
tropics,9,so_0,0.010140624819229347,0.0064990166668789555,0.001017149009229145,0.014605343379456587,99
tropics,9,so_1,0.007363846944174682,0.004546214856978769,0.000989323121022534,0.009931415564032516,99
tropics,9,so_2,0.0072776839616849566,0.0038262699410846136,0.0010103622353015435,0.009083229469869173,99
tropics,9,so_3,0.0037755470280770704,0.0033822017274985107,0.00048572176904535165,0.006186305263051481,99
tropics,9,so_4,0.0033418716124324786,0.003650212357046478,0.00041454524049333135,0.006162993534646853,99
tropics,9,so_5,0.003476119931843696,0.003238239045715844,0.00027244401312003386,0.006169471052484681,99
tropics,9,so_6,0.0035414743575860152,0.004214468374472074,0.0003212289008631775,0.007113484985599614,99
tropics,9,so_7,0.0035854726089070543,0.003969325213646045,0.00035357408812316604,0.006847649657477935,99
tropics,9,so_8,0.0034613373496503843,0.002293219467662651,0.0002176302022777199,0.0053192963964785595,99
tropics,9,so_9,0.0031110778864887026,0.0012347794171996564,0.000104518036921789,0.004136821236273255,99
tropics,9,so_10,0.0018957925776979237,0.00048355226383798504,-1.7903411167861634e-05,0.00241515166925812,99
tropics,9,so_11,0.0015345600720570243,0.00022861731680806237,2.900061737061996e-06,0.00175737727179446,99
tropics,9,so_12,0.0012193891770121727,0.00010894918552660995,-3.4351269204482305e-05,0.0013970408960236142,99
tropics,9,so_13,0.0006973194957927171,4.108634546888296e-05,-7.655809252578318e-06,0.0007537174558342256,99
tropics,9,so_14,0.0007174417195427748,1.9465605469627513e-05,3.5605867608296935e-07,0.0007361952148406117,99
tropics,9,so_15,0.0009684515029257822,1.6178827683339624e-05,1.4569379084093152e-07,0.0009843389400177533,99
tropics,9,so_16,0.0021017345134168863,5.033917249870637e-05,-4.425837871185833e-05,0.0022405904642485005,99
tropics,9,so_17,0.004649694251705601,0.00020892455065011452,0.0001093153598894144,0.004639988026647556,99
tropics,9,so_18,0.0015603840701526614,0.0001253164141095535,2.7988956835020423e-05,0.0016297225903888996,99
tropics,9,zos,0.0009003529893093263,0.0009003529893093263,0.0009003529893093263,0.0,99
extratropics,0,uo_0,0.13839542843175656,0.25310816683552484,0.12215098151654909,0.14720162824548857,99
extratropics,0,uo_1,0.1539200884525222,0.25234949814550806,0.13553223480479887,0.13520511608533184,99
extratropics,0,uo_2,0.17447055198929526,0.27661213971147636,0.15481071264454813,0.14146126611064178,99
extratropics,0,uo_3,0.18638551099733872,0.290925697244779,0.16653726468182573,0.14423667978156696,99
extratropics,0,uo_4,0.17688119486726897,0.26930685807960203,0.15713214467872272,0.13192376276158324,99
extratropics,0,uo_5,0.1822527427263934,0.27443262934684753,0.1623672970918694,0.13195077879260284,99
extratropics,0,uo_6,0.23361517308336316,0.35123346158952423,0.21076932820406827,0.1633099779637173,99
extratropics,0,uo_7,0.3411702233733553,0.5171812218849106,0.3116874797175629,0.2349764948541468,99
extratropics,0,uo_8,0.37738586134380764,0.5848237492821433,0.34902948502338293,0.2641506318492119,99
extratropics,0,uo_9,0.3742469585303104,0.5743040297970627,0.3441548106646297,0.2602413704599997,99
extratropics,0,uo_10,0.3579470491168475,0.5512240336398886,0.3255913353929616,0.25798840399342354,99
extratropics,0,uo_11,0.34445975826244163,0.5354142423832056,0.3107106258170773,0.2584527556342308,99
extratropics,0,uo_12,0.3364662943464337,0.5186777786173001,0.29284602734777665,0.2694520251919525,99
extratropics,0,uo_13,0.33617020977867973,0.5088634590307871,0.27189804824313735,0.3012375768386956,99
extratropics,0,uo_14,0.34933089336963613,0.5589638156722291,0.2681196279296971,0.3720554531824709,99
extratropics,0,uo_15,0.3581083955788853,0.6399980259664131,0.2589134361707803,0.4802795543213083,99
extratropics,0,uo_16,0.3476670875091745,0.7423160214616795,0.23689471365827502,0.6161936846646395,99
extratropics,0,uo_17,0.33378918514107214,0.7083539565404257,0.21831032332747874,0.6055224959296409,99
extratropics,0,uo_18,0.2880875353861337,0.6315502659841017,0.20424510395587092,0.5111475915017755,99
extratropics,0,vo_0,0.33380959762467277,0.5564309150883646,0.3080836874668044,0.2740731403382138,99
extratropics,0,vo_1,0.349512056870894,0.5336402862360983,0.32079356186317676,0.24156521787547103,99
extratropics,0,vo_2,0.38023576080197036,0.5682255746138216,0.3509584301047855,0.2465444729484693,99
extratropics,0,vo_3,0.4098266504629694,0.605737510955695,0.382038138430528,0.2514878818483064,99
extratropics,0,vo_4,0.4271585796818589,0.626350674966369,0.4004069801532861,0.25269530156646114,99
extratropics,0,vo_5,0.47163919999141884,0.6775903442893365,0.44080511939646017,0.2676193015743988,99
extratropics,0,vo_6,0.5312152282156125,0.7531983551352915,0.49631557892067263,0.2917824185857869,99
extratropics,0,vo_7,0.5666291334412314,0.8056551513045725,0.5325106036181402,0.3072630799177921,99
extratropics,0,vo_8,0.5822728769947784,0.8327185818643281,0.5488703109399237,0.31725083908649404,99
extratropics,0,vo_9,0.5854745874501238,0.8364048552031469,0.5519344373182817,0.31801055356709645,99
extratropics,0,vo_10,0.5813774030015926,0.8253935870498118,0.5435573970428621,0.3196562040935863,99
extratropics,0,vo_11,0.5724477912440444,0.8150035805172391,0.5280617324992863,0.33132792362059005,99
extratropics,0,vo_12,0.553180296312679,0.7890827481192771,0.49484180470909733,0.3525794332075601,99
extratropics,0,vo_13,0.527769183871722,0.7684438066049055,0.4473476662780299,0.40151766273710465,99
extratropics,0,vo_14,0.5093859232435323,0.7861530840998948,0.40644698823341213,0.4826450362952069,99
extratropics,0,vo_15,0.48274637292129824,0.816766806925186,0.3564323400608217,0.5866485051434449,99
extratropics,0,vo_16,0.43020754992359816,0.836514640938152,0.29576587270606647,0.6751904589961274,99
extratropics,0,vo_17,0.40084220303429496,0.7919498995096996,0.2745598015761135,0.6436724939731636,99
extratropics,0,vo_18,0.3602561268842582,0.7350324311039664,0.25733689768145784,0.5806147594644566,99
extratropics,0,thetao_0,0.0053585917016284335,0.0053585917016284335,0.0053585917016284335,0.0,99
extratropics,0,thetao_1,0.006281813486676776,0.005179200634228612,0.004528683408003564,0.002403647495396059,99
extratropics,0,thetao_2,0.005323699522631789,0.0047110915724940675,0.0038676226201156774,0.0022995458372558155,99
extratropics,0,thetao_3,0.006059077036839844,0.004486373715065044,0.00307083898929484,0.004403772773315208,99
extratropics,0,thetao_4,0.0056611791046129335,0.004668304851899545,0.002450949358377568,0.005427585303256608,99
extratropics,0,thetao_5,0.005358096085150133,0.005514092470585096,0.0024563726613937753,0.005959443178855711,99
extratropics,0,thetao_6,0.006048519709947134,0.0078609744886482,0.003370835782132215,0.0071678226625528,99
extratropics,0,thetao_7,0.0076788507655940275,0.01152669923436461,0.0055017281097896175,0.008202093912081586,99
extratropics,0,thetao_8,0.010067107494581829,0.01586277766924615,0.007792375539664669,0.010345134300866513,99
extratropics,0,thetao_9,0.012429916807873682,0.017623379995877094,0.009238586074324569,0.011576124673916234,99
extratropics,0,thetao_10,0.012389958986655028,0.01628813427882363,0.008616141100047213,0.011445811225308312,99
extratropics,0,thetao_11,0.011733774923615985,0.016282605214251414,0.006937377465267976,0.014141625263775237,99
extratropics,0,thetao_12,0.009352963239029802,0.013068486296694087,0.004409144569019025,0.013603160298909203,99
extratropics,0,thetao_13,0.004692285100581369,0.004040082215773638,0.001060102536517073,0.006612162326810637,99
extratropics,0,thetao_14,0.004292952677592485,0.0026619684002879593,0.0008893178874683199,0.005176285309999278,99
extratropics,0,thetao_15,0.005163577046584,0.002220317573201927,0.0011451470911399359,0.005093600403404597,99
extratropics,0,thetao_16,0.008145319504870309,0.0034371805965260726,0.001040913973055366,0.009500672184683458,99
extratropics,0,thetao_17,0.008101882873987309,0.007314699711372154,0.0023883760640999734,0.010639830370142002,99
extratropics,0,thetao_18,0.005549146582118489,0.009165961389439274,0.003907058945377216,0.006900990047877786,99
extratropics,0,so_0,0.015458410398827659,0.008569189361437704,0.0019753728641933206,0.020076853966321608,99
extratropics,0,so_1,0.013123084273603227,0.007313864526686946,0.0018985969722365038,0.016639754844058042,99
extratropics,0,so_2,0.008981776226199034,0.005650761598401299,0.0014109950379769534,0.011810547728655916,99
extratropics,0,so_3,0.00657694690832586,0.004638540868957837,0.00118317012910289,0.008849147552003464,99
extratropics,0,so_4,0.005865053640622081,0.004561840972834916,0.0012338987305863863,0.007959097115830942,99
extratropics,0,so_5,0.006106283440433367,0.005175121787070024,0.0012830469823169588,0.008715311328720565,99
extratropics,0,so_6,0.007780560391080199,0.008048902538539184,0.001913400651473138,0.012002661617265807,99
extratropics,0,so_7,0.009745318743616643,0.01088747518569833,0.003273188816195335,0.014086416461552032,99
extratropics,0,so_8,0.00814045530113608,0.010411978990893172,0.003303230055748965,0.011945974326344451,99
extratropics,0,so_9,0.0059322382963140205,0.007270775081571004,0.0019223289764156999,0.009358355436812748,99
extratropics,0,so_10,0.004026270629085525,0.004347404140527501,0.0010652470701101302,0.006243180667021961,99
extratropics,0,so_11,0.004034082892096855,0.00620594508287431,0.001836985310850044,0.006566057414418519,99
extratropics,0,so_12,0.0035065196365155656,0.0054967284362499765,0.0016021573083531675,0.005798933458411031,99
extratropics,0,so_13,0.0018499033864248884,0.001184997454549026,0.0002821549087365374,0.002470591025558686,99
extratropics,0,so_14,0.001657906962050633,0.0004154966957161598,9.620262069875761e-05,0.0018809984245271695,99
extratropics,0,so_15,0.0021369417263853428,0.0005459001145532562,0.000179082283769579,0.0023246772911851153,99
extratropics,0,so_16,0.0036602486442360613,0.0010712652865825503,0.0004655235800351195,0.0038004667531096876,99
extratropics,0,so_17,0.008307987673565595,0.01112083601530152,0.004695711382241411,0.010037400966717137,99
extratropics,0,so_18,0.006630051909296802,0.012266194429060425,0.006529632593608565,0.005836980972401422,99
extratropics,0,zos,0.008160030426965519,0.008160030426965519,0.008160030426965519,0.0,99
extratropics,3,uo_0,0.0688251747251159,0.1485605575520583,0.06375272489256328,0.08988028380906943,99
extratropics,3,uo_1,0.08200050709825574,0.18124252045997466,0.07724327646722698,0.10875647462377644,99
extratropics,3,uo_2,0.0976373025714749,0.2148322584954175,0.09242011305659709,0.12762933412585595,99
extratropics,3,uo_3,0.10697121459125268,0.23447050966999747,0.10174598845869604,0.13794974606446544,99
extratropics,3,uo_4,0.10200803252783688,0.2197344492782246,0.09691534966531426,0.12791178315275847,99
extratropics,3,uo_5,0.10608290986280249,0.224128993924218,0.10095632490184572,0.12829925405858744,99
extratropics,3,uo_6,0.13778267943798894,0.2861545964924976,0.13237184436634333,0.1591935877246086,99
extratropics,3,uo_7,0.20531957227774342,0.4227218513536935,0.19910304955761843,0.22983531939862956,99
extratropics,3,uo_8,0.23142758342954847,0.479804758471672,0.2268148192552605,0.257602702337082,99
extratropics,3,uo_9,0.23212559069647934,0.4713077487969639,0.22609254778033555,0.2512482445348393,99
extratropics,3,uo_10,0.22453027211054408,0.45011725690629745,0.2149129824505912,0.2448215666744444,99
extratropics,3,uo_11,0.21510058505968613,0.43197827748578005,0.20378596027090093,0.2395069417026308,99
extratropics,3,uo_12,0.20961124412339144,0.41100102843660297,0.18925063899069122,0.24211099984669926,99
extratropics,3,uo_13,0.20898923834767005,0.39464621531842936,0.17101964249153329,0.26159616973665023,99
extratropics,3,uo_14,0.21206613441910407,0.4207026582173627,0.1602071188013963,0.31235455142127144,99
extratropics,3,uo_15,0.20565653690184005,0.46515960344160445,0.14116154633688205,0.38849304480986163,99
extratropics,3,uo_16,0.18934822428708126,0.5269564351048133,0.11433114555447993,0.48764236587466614,99
extratropics,3,uo_17,0.17335508959461945,0.46297593189008307,0.09532982148606368,0.4456713786630919,99
extratropics,3,uo_18,0.13563345771546315,0.3725882250853259,0.08189716562628746,0.344427349591496,99
extratropics,3,vo_0,0.14950917932120236,0.29324727016265945,0.13926362517205151,0.16422919868820846,99
extratropics,3,vo_1,0.16047429782573622,0.31797609184727527,0.1507806409187991,0.17688910241680916,99
extratropics,3,vo_2,0.18028980297873717,0.35675899127517086,0.17003760825503955,0.1969735777438289,99
extratropics,3,vo_3,0.19968754971268202,0.3962453498382761,0.1899518304400974,0.21602923852024655,99
extratropics,3,vo_4,0.21067911687523427,0.41597455017494434,0.20145609222277247,0.22374147899223096,99
extratropics,3,vo_5,0.23328041036923727,0.44962858340956946,0.22273032728469733,0.23744834041354632,99
extratropics,3,vo_6,0.2633761656705779,0.49643706974357066,0.2513286332891445,0.25715596447087297,99
extratropics,3,vo_7,0.28132826360789215,0.526495675847988,0.2694717889482325,0.2688803641182004,99
extratropics,3,vo_8,0.2888420850339562,0.5379473518843603,0.27617178360621136,0.27444587136157833,99
extratropics,3,vo_9,0.28774812170351394,0.5300883358777172,0.2739222848957235,0.26999189907854254,99
extratropics,3,vo_10,0.2828232247118998,0.5122242073218027,0.2646126893132624,0.26582205521337915,99
extratropics,3,vo_11,0.27650491893291473,0.4960677909730661,0.25165127217769623,0.2692701622392192,99
extratropics,3,vo_12,0.2639665785762999,0.4740896974549149,0.22909124872901224,0.279873788356781,99
extratropics,3,vo_13,0.2519183809107,0.45642036259776414,0.19903503253002358,0.3102686745349807,99
extratropics,3,vo_14,0.24337947744913777,0.46296646017016785,0.17254761478515587,0.3612507094036449,99
extratropics,3,vo_15,0.2305704883553765,0.48677971296840244,0.14136515693231064,0.4346198867065738,99
extratropics,3,vo_16,0.20462819617806058,0.5169596045908301,0.11027046737044749,0.5010468625661099,99
extratropics,3,vo_17,0.18093716571427354,0.46243458805662213,0.09625425137052632,0.45086325539482963,99
extratropics,3,vo_18,0.1468035267910572,0.3856628949594016,0.07719516065536124,0.37807610540679004,99
extratropics,3,thetao_0,0.00034712693792758413,0.00034712693792758413,0.00034712693792758413,0.0,99
extratropics,3,thetao_1,0.0004395699452472418,0.00036108429159150654,0.00027751208872727184,0.0002456300586492595,99
extratropics,3,thetao_2,0.0004897756014616614,0.0004182901645591953,0.00026145025266386155,0.0003851652539316377,99
extratropics,3,thetao_3,0.000588173377139475,0.0005621916612708998,0.000251406937928146,0.0006475511481491567,99
extratropics,3,thetao_4,0.0007787376543450537,0.0007740717012002462,0.0002983324303211776,0.0009561444984306816,99
extratropics,3,thetao_5,0.0010321922153422628,0.0011016613082969655,0.00044922382339148434,0.001235405860393487,99
extratropics,3,thetao_6,0.0012895584287535814,0.0017047416820952838,0.0007100798768188918,0.0015741403701461174,99
extratropics,3,thetao_7,0.001688094503914166,0.0023753559851849623,0.0011096530890261586,0.001844144341620532,99
extratropics,3,thetao_8,0.0023802907530669913,0.0033626473706328507,0.0017528307419552496,0.002237276646844817,99
extratropics,3,thetao_9,0.0031751199211511347,0.004349303539992884,0.0023510754696385128,0.0028222724771823243,99
extratropics,3,thetao_10,0.0034178534212211766,0.003916684686290947,0.002086198427761444,0.0031621412637483593,99
extratropics,3,thetao_11,0.0033604379254158095,0.003474019484293431,0.0012707542157684914,0.004292949022856926,99
extratropics,3,thetao_12,0.0029403619759838387,0.0016267265456568712,0.0005230361588694381,0.003521016218012782,99
extratropics,3,thetao_13,0.0010746996532278981,0.0005393296123289437,0.00023591638609738737,0.0011421964983596947,99
extratropics,3,thetao_14,0.0010128247850301742,0.0005573817232454365,0.00025492875305865186,0.0010603489906931616,99
extratropics,3,thetao_15,0.0010295666747190285,0.0005617040515797344,0.00026915020061271135,0.0010529703147841073,99
extratropics,3,thetao_16,0.0018904406690236294,0.0005728291016015592,0.0001429896689263511,0.0021772904373291465,99
extratropics,3,thetao_17,0.0017507972285113853,0.0002014880217647067,2.534949582105592e-05,0.0019015862742871648,99
extratropics,3,thetao_18,0.0006652197787641651,7.193793576196626e-05,2.2912526540981484e-05,0.0006913326691243459,99
extratropics,3,so_0,0.00782686136568887,0.0021195414057471836,0.000224516352660669,0.00949737002057108,99
extratropics,3,so_1,0.00707189417491206,0.0017960428429598157,0.0001844314026285899,0.008499074092304165,99
extratropics,3,so_2,0.0034413471526344016,0.0010582589964156575,0.00013298912682730037,0.0042336279140653636,99
extratropics,3,so_3,0.0022858207189299243,0.0008134886456625254,0.00013124097509864093,0.0028368274145054093,99
extratropics,3,so_4,0.00204409287320544,0.0008504070380392174,0.00014557894716901243,0.002603342029915163,99
extratropics,3,so_5,0.002341236620482923,0.0009995905801211719,0.00016919141710263142,0.0030024444021171694,99
extratropics,3,so_6,0.003261892962260078,0.0015293386673103228,0.0002709376297784132,0.004249356364868957,99
extratropics,3,so_7,0.003884223158085587,0.0019518932941454377,0.0005624264777365207,0.004711263474415649,99
extratropics,3,so_8,0.002712838902053508,0.0020286061746924364,0.0006381316896001196,0.0034651816893143186,99
extratropics,3,so_9,0.00163915376249475,0.0015894933227412027,0.000384172155978064,0.002460302787390773,99
extratropics,3,so_10,0.0011136482711975471,0.0008693214281311616,0.00016987634407629194,0.0016432170123520373,99
extratropics,3,so_11,0.0008544766313556318,0.0010287011309169382,0.00020181742009372835,0.0014795429164995298,99
extratropics,3,so_12,0.0008110012376982004,0.0005965403897330316,0.00020563203401656615,0.0009962775441112392,99
extratropics,3,so_13,0.0003884293061370651,0.00015743966614169003,6.214990226182654e-05,0.00042156916496231025,99
extratropics,3,so_14,0.0003337538145562502,4.927559969317629e-05,3.6049888491029745e-06,0.00037581943365923987,99
extratropics,3,so_15,0.000291625134802113,6.707947356673427e-05,1.5245307567414729e-05,0.00032821399244395167,99
extratropics,3,so_16,0.0006588632358482691,0.00010809654354075478,1.3957622223741014e-05,0.0007390445304065567,99
extratropics,3,so_17,0.0014040245618106742,0.00014142478411109422,-1.844067655974093e-05,0.0015823306972066863,99
extratropics,3,so_18,0.0004066231691706549,5.440976026948927e-05,2.686751566105875e-05,0.0004072979006168404,99
extratropics,3,zos,0.0018864829972800282,0.0018864829972800282,0.0018864829972800282,0.0,99
extratropics,9,uo_0,0.11924469252728452,0.18680082336820739,0.10453370988670022,0.09697809837984317,99
extratropics,9,uo_1,0.1401502289856323,0.22312709192434946,0.1259551059567567,0.11136710688923344,99
extratropics,9,uo_2,0.16524952469450055,0.2624635947774155,0.1497616484911755,0.12818982557515907,99
extratropics,9,uo_3,0.17992880925385638,0.2848877702096496,0.16384963119270826,0.1371173152718881,99
extratropics,9,uo_4,0.1714358502867246,0.2663668484398813,0.1553528704727539,0.12709696101720888,99
extratropics,9,uo_5,0.17722205591924262,0.2722587985823853,0.16087015033370317,0.1277405513506947,99
extratropics,9,uo_6,0.22787597910924393,0.3488512159597994,0.20906220406594903,0.15860278844231307,99
extratropics,9,uo_7,0.3339315035728493,0.5145033838773014,0.3097909553484483,0.22885297765635482,99
extratropics,9,uo_8,0.3701005099397717,0.582135381120624,0.34737537274456987,0.25748514632383984,99
extratropics,9,uo_9,0.36672081730582495,0.5715002839011375,0.34245967172613045,0.25330176166813784,99
extratropics,9,uo_10,0.3504095526054652,0.547546257575353,0.32357700966825387,0.2508017846731224,99
extratropics,9,uo_11,0.33570088762225525,0.5301824645562605,0.30772708853085834,0.2504291742136984,99
extratropics,9,uo_12,0.32584335436724654,0.5108506504935447,0.2882752039215781,0.26014359325471553,99
extratropics,9,uo_13,0.3231312533219655,0.4968228882009333,0.26517854329913554,0.28959705582772843,99
extratropics,9,uo_14,0.3323626993882536,0.5408639952991948,0.25861874418427244,0.3559892147478431,99
extratropics,9,uo_15,0.33481226003531256,0.6117803051014139,0.24475264955650677,0.45708727445265257,99
extratropics,9,uo_16,0.31904977891180253,0.7039016449090206,0.21814357361408196,0.586664270571988,99
extratropics,9,uo_17,0.30203728422974097,0.6641883838056314,0.19742311100767115,0.5713794547500033,99
extratropics,9,uo_18,0.24742922517988417,0.5707012405901244,0.176409863311835,0.465310736136003,99
extratropics,9,vo_0,0.30530115058927826,0.4475303280233133,0.28228329287634957,0.18826488714025477,99
extratropics,9,vo_1,0.3256521513967803,0.48154613014423486,0.30455873620630514,0.19808080912840487,99
extratropics,9,vo_2,0.36453982073851304,0.5380969399755652,0.3423493134252953,0.21793812648816543,99
extratropics,9,vo_3,0.40394382705592147,0.5947565821686176,0.3810369784783835,0.23662645046157066,99
extratropics,9,vo_4,0.4251336395138442,0.6240181453300245,0.40247112181451583,0.24420954798809205,99
extratropics,9,vo_5,0.4709233042567667,0.6777440357689906,0.4440782934126228,0.26051074898604193,99
extratropics,9,vo_6,0.5314365766867243,0.7542454227052554,0.5006364888013012,0.2844090163707733,99
extratropics,9,vo_7,0.5670813114354105,0.8073560523264336,0.5374623076482252,0.2995127487664271,99
extratropics,9,vo_8,0.5824825766712728,0.8345684523534294,0.5540633069144355,0.3089244236247708,99
extratropics,9,vo_9,0.5854961718573715,0.8382713006000326,0.5572948955526256,0.30917767202011265,99
extratropics,9,vo_10,0.5809911630972467,0.8269889077754936,0.5487764273026977,0.3104272090425395,99
extratropics,9,vo_11,0.5702452223108272,0.8145285983278294,0.5320918000105656,0.32059022784233093,99
extratropics,9,vo_12,0.5474279835970715,0.7847515404826463,0.49615972120352464,0.33986009521917865,99
extratropics,9,vo_13,0.5186034742027822,0.7575121973500107,0.44517997117957686,0.38575573551534403,99
extratropics,9,vo_14,0.4973105020595319,0.769137831649395,0.4024955720612497,0.46145718988746104,99
extratropics,9,vo_15,0.4664204578206997,0.7941100723815687,0.3499508629543613,0.5606287994770088,99
extratropics,9,vo_16,0.41048317666005607,0.8082701124326147,0.2861915275906072,0.6463702369217921,99
extratropics,9,vo_17,0.37632305814762307,0.7578415930873216,0.2621647468721024,0.6098351490618003,99
extratropics,9,vo_18,0.3232851768984939,0.6847799408315408,0.2374542174164695,0.5331566884662166,99
extratropics,9,thetao_0,0.0010018364621580324,0.0010018364621580324,0.0010018364621580324,0.0,99
extratropics,9,thetao_1,0.0013921386726915535,0.0010153541783567029,0.0008110861462127003,0.0007853205821411025,99
extratropics,9,thetao_2,0.001493802436420487,0.0011257538883570543,0.0007547964747628254,0.0011099633546734248,99
extratropics,9,thetao_3,0.0018466082707310867,0.0014500984054228122,0.0007227159339247855,0.0018512748130079773,99
extratropics,9,thetao_4,0.0024546658822495225,0.001892992317667137,0.0008239916648076039,0.002699674866773715,99
extratropics,9,thetao_5,0.0030844695983699177,0.002581357520845051,0.0011555928057247792,0.0033546414913026372,99
extratropics,9,thetao_6,0.0037264047576246236,0.004088469080137785,0.0017914855629299776,0.004231902761290772,99
extratropics,9,thetao_7,0.0047528746424976625,0.005793942947580357,0.0028753347713688406,0.004796148075562234,99
extratropics,9,thetao_8,0.006634422018183301,0.008148950929142008,0.004529547938757172,0.005724277018070823,99
extratropics,9,thetao_9,0.00845542580190331,0.0100752128513925,0.005917681889100509,0.006695274870391145,99
extratropics,9,thetao_10,0.008576359402275446,0.0091342633552473,0.005416982162819065,0.006876658389551772,99
extratropics,9,thetao_11,0.008140920167506643,0.008389123489685131,0.0036578615116087173,0.009214320803305717,99
extratropics,9,thetao_12,0.00644946177819311,0.004658843136646531,0.0014653549825941975,0.008177594897911103,99
extratropics,9,thetao_13,0.0028391519086341365,0.0012965247909905333,0.0005502884303845201,0.0030350998335640237,99
extratropics,9,thetao_14,0.0027946755713359876,0.0012447524726428467,0.000553683305777741,0.0029320614036135,99
extratropics,9,thetao_15,0.0032837339418215882,0.0013002991415278027,0.000676551037068206,0.0032309310162684534,99
extratropics,9,thetao_16,0.005985525718918352,0.001482570708512959,0.00041710537025761425,0.006633885708082505,99
extratropics,9,thetao_17,0.005360735933098829,0.0005832593358883804,9.167175149101893e-06,0.005925660934111085,99
extratropics,9,thetao_18,0.0022164835627520025,0.000306357849639784,9.382054307971342e-05,0.002335200337881241,99
extratropics,9,so_0,0.012454634259520756,0.005457930045785627,0.0009400592101185178,0.016032445799521726,99
extratropics,9,so_1,0.010595272803171114,0.004581855403052436,0.0009031791776192911,0.013370769785133877,99
extratropics,9,so_2,0.006845436167122439,0.003208521826456141,0.000679011716618499,0.008695934457008284,99
extratropics,9,so_3,0.0047735215606864055,0.0024727122514800292,0.0005818480105995379,0.006082537786263709,99
extratropics,9,so_4,0.0041065268627734795,0.0024671561503312503,0.0005656314024236053,0.005442420232363723,99
extratropics,9,so_5,0.004343986525341417,0.0027642433385769226,0.0006060899670983692,0.005896049965586927,99
extratropics,9,so_6,0.005719830488993062,0.0043144799307967075,0.0009272634286922638,0.008179783543590644,99
extratropics,9,so_7,0.007003297239090457,0.005506121892143379,0.0016685534501448274,0.00917231220977776,99
extratropics,9,so_8,0.005808015556234603,0.005174442123847477,0.00191122585216142,0.007160006053369455,99
extratropics,9,so_9,0.003975997954099016,0.003633850235303845,0.0011824723891678708,0.005244903449872227,99
extratropics,9,so_10,0.0026505572340366516,0.002115671521739451,0.0005698232879777523,0.003626582179820598,99
extratropics,9,so_11,0.0025417491807743454,0.002549323735457629,0.000697824556023033,0.003695423792426785,99
extratropics,9,so_12,0.002230577939895518,0.0017425010023130612,0.0005933329697599578,0.0027864130162116555,99
extratropics,9,so_13,0.0011447938523640989,0.0004216991206207736,0.00018856587415241232,0.0011893612299716534,99
extratropics,9,so_14,0.0010225777649508808,0.00012918338214865688,1.978047620551396e-05,0.0011122001810093419,99
extratropics,9,so_15,0.0011157038694511007,0.00017319422925474366,4.465962302500048e-05,0.0011995788475479743,99
extratropics,9,so_16,0.0022007595521934104,0.0002977053165633344,2.861003176658954e-05,0.002441244794883662,99
extratropics,9,so_17,0.004514385315805974,0.000447833763301429,-0.00012240502383524518,0.005207029086622325,99
extratropics,9,so_18,0.001407404280869723,0.00022358658330778433,7.53545948210751e-05,0.0014802816904836682,99
extratropics,9,zos,0.004592545339931743,0.004592545339931743,0.004592545339931743,0.0,99
