region,variable,mse,mean_bias_mse,temporal_amplitude_mse,temporal_pattern_mse,mean_bias_mse_fraction,temporal_amplitude_mse_fraction,temporal_pattern_mse_fraction,run
extratropics,so,0.005685674992396627,0.002294851073719847,0.0007225685288660315,0.002668255389810658,0.40361981238616684,0.1270857954125609,0.4692943922012564,A
extratropics,sst,0.0,0.0,0.0,0.0,,,,A
extratropics,thetao,0.005593701590017278,0.0027815542920642832,0.0006063995019556034,0.0022057477959972834,0.4972654059752393,0.10840755306607808,0.39432704095866333,A
extratropics,uo,0.1936453107545209,0.014450318093838259,0.016780143457764712,0.16241484920291782,0.0746226078882775,0.08665401394117135,0.8387233781705505,A
extratropics,vo,0.1886852638746287,0.013012364150777053,0.015547647851684058,0.1601252518721675,0.06896333016988054,0.08239990517762236,0.8486367646524967,A
extratropics,zos,0.0,0.0,0.0,0.0,,,,A
global,so,0.005571542028121673,0.0020840923307976476,0.0007742925734240369,0.002713157123899884,0.37406023687489887,0.1389727600574294,0.48696700306765295,A
global,sst,0.0,0.0,0.0,0.0,,,,A
global,thetao,0.004939197148479801,0.002322963200828372,0.0005911412084347559,0.00202509273921655,0.4703119011038747,0.11968366328861745,0.41000443560748295,A
global,uo,0.22077958505945333,0.014203480527567836,0.01809692160909836,0.188479182922787,0.06433330565297968,0.08196827439559266,0.8536984199514271,A
global,vo,0.21656198451123387,0.011948774319861421,0.018483331949443252,0.18612987824192911,0.05517484680808138,0.08534892211649664,0.8594762310754216,A
global,zos,0.0,0.0,0.0,0.0,,,,A
tropics,so,0.00541639616541841,0.0017530635766112002,0.0008619473425030841,0.002801385246304049,0.3236586695419053,0.15913668723242286,0.5172046432256576,A
tropics,sst,0.0,0.0,0.0,0.0,,,,A
tropics,thetao,0.003892537903431011,0.0015878825349296165,0.0005661061985413911,0.001738549169959922,0.4079298838760194,0.1454337022749108,0.44663641384904884,A
tropics,uo,0.2673990868427541,0.013961022195686554,0.020401148136909037,0.23303691651015845,0.05221043332842954,0.07629475619303844,0.8714948104785318,A
tropics,vo,0.265057963683528,0.010362505991038917,0.023464897727272088,0.23123055996521694,0.03909524485524029,0.08852742019586529,0.8723773349488941,A
tropics,zos,0.0,0.0,0.0,0.0,,,,A
extratropics,so,0.005141824575458105,0.0020130673003835365,0.0006940533245481422,0.0024347039505263316,0.3915083587238455,0.13498191436962945,0.47350972690650656,B
extratropics,sst,0.0,0.0,0.0,0.0,,,,B
extratropics,thetao,0.0051031754785684225,0.002476637983910661,0.0005788134148351212,0.0020477240798225443,0.4853131142191145,0.11342220491259569,0.40126468086827105,B
extratropics,uo,0.14910401536831838,0.010953707636646942,0.012402724230313363,0.12574758350135798,0.07346353221668091,0.08318169165113372,0.8433547761321847,B
extratropics,vo,0.15882897748953587,0.010838181646751262,0.01285450121975341,0.1351362946230311,0.06823806221043836,0.08093297220024163,0.8508289655893193,B
extratropics,zos,0.0,0.0,0.0,0.0,,,,B
global,so,0.005100215025853752,0.001848513989125305,0.0007385443203359842,0.002513156716392358,0.3624384422529073,0.1448065065084889,0.49275505123858326,B
global,sst,0.0,0.0,0.0,0.0,,,,B
global,thetao,0.004531481699285155,0.002070324867699572,0.0005584663520745751,0.001902690479510911,0.45687591942083033,0.12324144488163188,0.4198826356975163,B
global,uo,0.17951865623595412,0.011453918314549862,0.013998128799737252,0.15406660912166692,0.06380349850377202,0.07797590007212686,0.8582206014241006,B
global,vo,0.18239976260207785,0.010071313997483594,0.015142115855888889,0.15718633274870525,0.05521560913132934,0.08301609409943603,0.8617682967692339,B
global,zos,0.0,0.0,0.0,0.0,,,,B
tropics,so,0.00506325388971201,0.0015900987819196211,0.0008141668472862737,0.00265898826050601,0.31404681980307797,0.16079913530320364,0.5251540448936977,B
tropics,sst,0.0,0.0,0.0,0.0,,,,B
tropics,thetao,0.0036203919225716833,0.0014196804107334945,0.0005253175829651171,0.0016753939288729667,0.39213445425130905,0.14509964506604214,0.46276590068261986,B
tropics,uo,0.23126287530075995,0.012406730865031185,0.016731565817776104,0.20212457861795255,0.053647741120990966,0.0723486888936087,0.8740035699853999,B
tropics,vo,0.22360192649906452,0.00895473450337419,0.019058056146278562,0.19558913584941165,0.04004766257419367,0.08523207489609128,0.8747202625297146,B
tropics,zos,0.0,0.0,0.0,0.0,,,,B
extratropics,so,0.0045867197577716,0.001864314680964184,0.0005105997063193053,0.0022118053704880264,0.40645925180088566,0.11132132183444617,0.48221942636464976,C
extratropics,sst,0.0,0.0,0.0,0.0,,,,C
extratropics,thetao,0.004632306068558138,0.0023555694170053483,0.0004239178491990373,0.0018528188023536557,0.5085090195127258,0.09151335056990026,0.39997762991735303,C
extratropics,uo,0.16984488343104218,0.01164785576464122,0.01441899607687542,0.14377803158952543,0.06857937389306346,0.08489508653776787,0.8465255395691681,C
extratropics,vo,0.1706340042223385,0.010260617158765232,0.013200620274828104,0.14717276678874502,0.06013231187727098,0.07736219011556168,0.8625054980071666,C
extratropics,zos,0.0,0.0,0.0,0.0,,,,C
global,so,0.004489775852987052,0.0016871471258389369,0.0005415314218932737,0.002261097305254737,0.3757753574082047,0.12061435573292426,0.5036102868588477,C
global,sst,0.0,0.0,0.0,0.0,,,,C
global,thetao,0.003968881962680306,0.0018849544585184304,0.0003969148512249381,0.001687012652936839,0.4749333631593981,0.10000671598630499,0.42505992085427213,C
global,uo,0.19374667954292227,0.011516243330202748,0.016274383941965082,0.16595605227075433,0.059439693920800646,0.08399825989461505,0.8565620461845838,C
global,vo,0.19429444850821062,0.009410428049751174,0.01673447176222804,0.1681495486962313,0.04843384935598663,0.08612943854399865,0.8654367121000142,C
global,zos,0.0,0.0,0.0,0.0,,,,C
tropics,so,0.004359758586725426,0.0014099160914502738,0.0005944709776280842,0.0023553715176469958,0.3233931566172448,0.13635410443094872,0.5402527389517898,C
tropics,sst,0.0,0.0,0.0,0.0,,,,C
tropics,thetao,0.00290637116116435,0.0011303233433904499,0.0003525740229878611,0.0014234737947859668,0.3889122485435136,0.12131073542809753,0.489777016028364,C
tropics,uo,0.23471346206135285,0.011438489573363868,0.01940620119868929,0.20386877128929962,0.04873384539985997,0.08268039262961667,0.8685857619705231,C
tropics,vo,0.23549694094203052,0.008140031883882874,0.022654589260220216,0.20470231979792733,0.034565340217674455,0.09619908084409821,0.8692355789382269,C
tropics,zos,0.0,0.0,0.0,0.0,,,,C
extratropics,so,0.004224215188886021,0.0016970494083737371,0.0004921876990077474,0.0020349780815044475,0.40174312445982907,0.11651577322639746,0.48174110231375233,D
extratropics,sst,0.0,0.0,0.0,0.0,,,,D
extratropics,thetao,0.0044737498178076445,0.0023096538706127664,0.00042488207759492665,0.0017392138695998612,0.5162679999268733,0.0949722480912309,0.3887597519818756,D
extratropics,uo,0.13053552280354444,0.009948474558306612,0.01232737814429768,0.10825967010094009,0.07621277599109198,0.09443696152234626,0.8293502624865613,D
extratropics,vo,0.1397352991950968,0.009317724593121884,0.012551077423157642,0.11786649717881717,0.06668125124284155,0.0898203782111918,0.8434983705459659,D
extratropics,zos,0.0,0.0,0.0,0.0,,,,D
global,so,0.004150966518718384,0.0015293153390552527,0.0005272802022817106,0.002094370977381305,0.3684239157697255,0.12702588659869726,0.5045501976315494,D
global,sst,0.0,0.0,0.0,0.0,,,,D
global,thetao,0.0038001030664736946,0.0018184567546106335,0.0003870738131360022,0.0015945724987269667,0.47852827220764577,0.10185876708212215,0.4196129607102078,D
global,uo,0.15492748086072125,0.010330512796745564,0.014099088813638357,0.13049787925033723,0.0666796667663668,0.09100444114439156,0.8423158920892411,D
global,vo,0.15863951951397928,0.008687465296533442,0.015239700582365217,0.13471235363508052,0.05476230212464747,0.09606496936611245,0.8491727285092394,D
global,zos,0.0,0.0,0.0,0.0,,,,D
tropics,so,0.004059323538158826,0.0012655062629091105,0.000587743213960521,0.002206074061289086,0.311752993081971,0.14478846251981722,0.5434585443981851,D
tropics,sst,0.0,0.0,0.0,0.0,,,,D
tropics,thetao,0.002722389804402267,0.0010312866073504334,0.0003255603219663086,0.0013655428750854388,0.37881665795353087,0.11958622583726185,0.5015971162091756,D
tropics,uo,0.19644769318184344,0.011087877663319696,0.017106217420346834,0.16825359809817678,0.056441882741051635,0.08707772101203715,0.8564803962469105,D
tropics,vo,0.19178264819637425,0.007773923062199311,0.019775204719403496,0.16423352041477135,0.040535069962321445,0.10311258555129993,0.8563523444863781,D
tropics,zos,0.0,0.0,0.0,0.0,,,,D
extratropics,so,0.008758073744024226,0.0052905489239075685,0.0011802942395479,0.0022872305805686686,0.6040767728768435,0.13476641942564527,0.26115680769750116,E
extratropics,sst,0.0,0.0,0.0,0.0,,,,E
extratropics,thetao,0.007827739153083718,0.0046448147584010275,0.0008594424589961667,0.002323481935686411,0.5933788374349719,0.10979446838843519,0.2968266941765786,E
extratropics,uo,0.28563090276248027,0.04198677494712684,0.0641299632516437,0.17951416456370958,0.14699661185485044,0.2245203954873599,0.6284829926577892,E
extratropics,vo,0.3759023428654269,0.051841243931602,0.07818548067950719,0.24587561825431758,0.13791146800636242,0.20799412976124387,0.6540944022323933,E
extratropics,zos,0.0,0.0,0.0,0.0,,,,E
global,so,0.008536398866694694,0.004787548695543284,0.0012976515866236949,0.0024511985845275894,0.5608393855894213,0.15201393548824968,0.2871466789223144,E
global,sst,0.0,0.0,0.0,0.0,,,,E
global,thetao,0.008238016779806361,0.005185561872498361,0.0008474912594673222,0.0022049636478405892,0.6294672627044893,0.10287564132483389,0.26765709597066617,E
global,uo,0.29279967906806653,0.041646593586238435,0.06356235220571534,0.1875907332761127,0.1422357897344448,0.21708477416376926,0.6406794361017857,E
global,vo,0.3531662876067569,0.04468988414771041,0.08915459555996245,0.21932180789908387,0.12654062892172666,0.25244367508609483,0.6210156959921781,E
global,zos,0.0,0.0,0.0,0.0,,,,E
tropics,so,0.008200684929123531,0.003960327091666199,0.0014969298874009105,0.0027434279500563315,0.482926380649216,0.18253717833796823,0.3345364410128048,E
tropics,sst,0.0,0.0,0.0,0.0,,,,E
tropics,thetao,0.008920802147878878,0.006071375138202672,0.0008314717793140221,0.002017955230362089,0.6805862340133032,0.0932059433143827,0.22620782267230344,E
tropics,uo,0.30696552480053085,0.041491804186605745,0.06290571008311728,0.20256801053080775,0.135167635562878,0.20492760587363684,0.659904758563485,E
tropics,vo,0.31789794911643,0.03327616249632445,0.1071969166204054,0.1774248699997,0.10467561237438833,0.3372054362676765,0.5581189513579348,E
tropics,zos,0.0,0.0,0.0,0.0,,,,E
extratropics,so,0.0077637683402833465,0.004431498769572,0.0010072213136437264,0.0023250482570675054,0.5707922461543035,0.12973356101026667,0.2994741928354151,F
extratropics,sst,0.0,0.0,0.0,0.0,,,,F
extratropics,thetao,0.007433473677141678,0.004187548654584617,0.0008144718180355612,0.0024314532045214055,0.5633367166499221,0.10956813105292951,0.32709515229713554,F
extratropics,uo,0.24655715192784397,0.033572090296016724,0.03855883380807294,0.1744262278237542,0.13616352246736588,0.15638902991285913,0.7074474476197745,F
extratropics,vo,0.2956310035588342,0.0381811535037834,0.04264283316279878,0.21480701689225193,0.12915138481470154,0.14424344080783236,0.7266051743774657,F
extratropics,zos,0.0,0.0,0.0,0.0,,,,F
global,so,0.007619652430483111,0.004019575211260316,0.0011170961974374736,0.0024829810217851843,0.5275273705634709,0.14660723801107106,0.32586539142544,F
global,sst,0.0,0.0,0.0,0.0,,,,F
global,thetao,0.007601453156369561,0.0045194665195257555,0.0008090978931075666,0.0022728887437361333,0.5945529659337194,0.10643989727537703,0.2990071367908897,F
global,uo,0.25713787309221675,0.03126282112088097,0.04111800678140293,0.18475704518993274,0.1215799942067237,0.15990645907947162,0.7185135467138042,F
global,vo,0.2905136110053168,0.03293025952167248,0.05237901200526017,0.205204339478384,0.11335186467758927,0.18029796202664514,0.7063501732957651,F
global,zos,0.0,0.0,0.0,0.0,,,,F
tropics,so,0.007425823812379111,0.003353853287931079,0.0013052298272887368,0.0027667406971591843,0.45164730172295325,0.17576902714994028,0.3725836711270916,F
tropics,sst,0.0,0.0,0.0,0.0,,,,F
tropics,thetao,0.007897482477425895,0.0050713437537276,0.00080510394286115,0.00202103478083705,0.6421468826583018,0.10194437849814204,0.25590873884354426,F
tropics,uo,0.2766001887718458,0.02768010961944133,0.045596015479514286,0.20332406367289008,0.10007263459343957,0.16484448431495557,0.7350828810916046,F
tropics,vo,0.2844291250489732,0.024498690699182854,0.06859845846049355,0.19133197588929665,0.08613284836763693,0.24117944478675388,0.6726877068456086,F
tropics,zos,0.0,0.0,0.0,0.0,,,,F
