arm,mode,region,lead_days,velocity_second_moment_ratio,velocity_normalized_rmse,ssh_physical_rmse,sst_physical_rmse,fixed_oracle_ts_rmse,fixed_oracle_rmse_gap_closed_pct
A,inferred,global,5,0.924198791737656,0.4662935375066828,0.021219643241707626,0.2963253132390299,0.019210320833072884,2.0496646764972852
A,inferred,global,10,0.91346240596762,0.48140962808336313,0.023850788972945104,0.3588924592297627,0.025075919856276524,2.643930383910112
A,inferred,global,15,0.9135886533134608,0.4979354608361645,0.026681497282586532,0.4087059219412319,0.03071652603243807,3.703979242910015
A,inferred,global,20,0.9128373754394544,0.5156520872004215,0.02851525942497626,0.4479494746507396,0.03495350292338484,4.4653847822912
A,inferred,global,25,0.9126411043705754,0.5316923574040107,0.03019437381426297,0.481393732578886,0.03884485170881658,5.311862005530428
A,inferred,global,30,0.9132416750925305,0.547386043292097,0.03189152408152439,0.5134213742165131,0.04224222808205065,6.0624616259219115
A,inferred,tropics,5,0.9137592156588611,0.5085256171799596,0.011833614647627201,0.2554026613160586,0.01952611093692313,2.346953596614505
A,inferred,tropics,10,0.8998084125985764,0.5144007304581939,0.013963513042691552,0.3074057609200135,0.02561090487847409,3.326063202558617
A,inferred,tropics,15,0.8997590614216807,0.5196288651527452,0.016143834287449303,0.3506702540554838,0.031249325973887715,4.76095030022912
A,inferred,tropics,20,0.900946131562512,0.5277506241611563,0.017838251819917144,0.3850746423873751,0.03534441770244866,5.999824328962616
A,inferred,tropics,25,0.900627788083434,0.5354447659722936,0.018983095648386832,0.41320955538497955,0.038964144024329454,7.2715955245328185
A,inferred,tropics,30,0.9041090634758538,0.5439091490497315,0.020229251196026702,0.43882908723865394,0.042145340090050255,8.494286395461065
A,inferred,extratropics,5,0.9361284904526143,0.4402059154770701,0.025085572110455652,0.3175478784470262,0.019060527263926187,1.8695931288167522
A,inferred,extratropics,10,0.9290736221861285,0.461943763672322,0.0280106230921258,0.3854849064305513,0.024807759578743357,2.2849860334884675
A,inferred,extratropics,15,0.9294640919292104,0.4861486788712976,0.031181682266234554,0.43871419791610716,0.03045964382093733,3.1800441949688723
A,inferred,extratropics,20,0.926429247827821,0.5101493654980452,0.033146565301879975,0.4805004306475687,0.03478859726988819,3.7387079404806016
A,inferred,extratropics,25,0.9263417990640774,0.5315125126900931,0.03506898013365403,0.516659096390162,0.03884760346712425,4.409432640930439
A,inferred,extratropics,30,0.9236161172277324,0.5516882063032185,0.03698386676024151,0.5518942455153563,0.042377570737944945,4.969303746606273
B,inferred,global,5,0.9158000741708324,0.4430265446629554,0.021118104746624934,0.2908675459877396,0.019210320833072884,2.149289248255721
B,inferred,global,10,0.9062730039821708,0.4616914115961634,0.023491115629763866,0.35438329857122997,0.025075919856276524,3.243108014520505
B,inferred,global,15,0.9050249376706471,0.47941286240407593,0.02622024505936545,0.4083075597885405,0.03071652603243807,4.249140515991463
B,inferred,global,20,0.9048059103420828,0.4961701854353794,0.0280299000477513,0.4483487654009261,0.03495350292338484,4.821624544564091
B,inferred,global,25,0.9051393307279632,0.511159249629715,0.029331783186987623,0.48360035359981535,0.03884485170881658,5.043092958797346
B,inferred,global,30,0.9062030735221437,0.5255183340831718,0.031044318865822644,0.5164595127830172,0.04224222808205065,4.888459201404036
B,inferred,tropics,5,0.9102365045696763,0.4805397622009397,0.011306047881733502,0.24571163161968249,0.01952611093692313,2.872689823292213
B,inferred,tropics,10,0.896561285260036,0.48791518073638895,0.013527925920567356,0.2992316405458903,0.02561090487847409,4.547567891357603
B,inferred,tropics,15,0.8924647542540882,0.4951534049372247,0.01556999339492307,0.34248016580054164,0.031249325973887715,6.29201943678784
B,inferred,tropics,20,0.8928434543008229,0.504482273107065,0.01715294294238592,0.3769526300693081,0.03534441770244866,7.460433595793401
B,inferred,tropics,25,0.8920342256460411,0.5138369383416931,0.01823272121466444,0.40414988927003676,0.038964144024329454,8.371128539594467
B,inferred,tropics,30,0.8951544567072512,0.523146803457926,0.019428184299024497,0.4295610861921774,0.042145340090050255,8.835394351324332
B,inferred,extratropics,5,0.9222915199639311,0.4201670047910757,0.02509084522233824,0.3139822668155757,0.019060527263926187,1.7854323337354665
B,inferred,extratropics,10,0.9174691543743764,0.4468254540578843,0.027652339830634462,0.3826065341967261,0.024807759578743357,2.6089772977532237
B,inferred,extratropics,15,0.9195121874837094,0.4715652713170351,0.030729747959140418,0.44185130177544824,0.03045964382093733,3.2869409106316896
B,inferred,extratropics,20,0.9185442621505882,0.4931543778274405,0.03269939917648793,0.4847848110395049,0.03478859726988819,3.607703565069909
B,inferred,extratropics,25,0.9201458130518372,0.5117623086121482,0.03413169234459131,0.5239918723576412,0.03884760346712425,3.5421306414456617
B,inferred,extratropics,30,0.9188083844634672,0.5292845518445075,0.03608394887958191,0.5605047482197978,0.042377570737944945,3.1378390010362485
C,inferred,global,5,0.915717635621427,0.45730155686412055,0.021160922256461615,0.2818553602426502,0.019210320833072884,5.582922751036933
C,inferred,global,10,0.9071933966762605,0.4731594421783813,0.02356823814137023,0.3434104736882114,0.025075919856276524,7.17089399776047
C,inferred,global,15,0.9067287462121795,0.48983712738438817,0.02623713744253851,0.39680619870714606,0.03071652603243807,9.256131241952897
C,inferred,global,20,0.9069493189543733,0.5066108945691723,0.028071951580373438,0.4363753656174024,0.03495350292338484,10.773203624362038
C,inferred,global,25,0.907880108361379,0.521640712374065,0.029415765796604407,0.4705138422073966,0.03884485170881658,12.324393352122978
C,inferred,global,30,0.9092737626866433,0.5360746459323333,0.03116357945983787,0.5029076006024457,0.04224222808205065,13.55993750146404
C,inferred,tropics,5,0.9074489287619338,0.49990828374621227,0.011405686564704936,0.24049583106318523,0.01952611093692313,6.8408411504435005
C,inferred,tropics,10,0.895649548328528,0.5054960878559758,0.013564718916420797,0.29220002426276553,0.02561090487847409,9.20819142266479
C,inferred,tropics,15,0.8929903106159275,0.5117791944836195,0.015574385507556122,0.3348569025694381,0.031249325973887715,12.192329964819912
C,inferred,tropics,20,0.8941878379644995,0.5203773523293945,0.0171310230145611,0.368759137967626,0.03534441770244866,14.40955362086467
C,inferred,tropics,25,0.8944958868431951,0.5287317209647999,0.018150307780778085,0.3958922485680511,0.038964144024329454,16.689364822865144
C,inferred,tropics,30,0.8980533876859859,0.537409991443895,0.019325484239056563,0.4212735866740413,0.042145340090050255,18.503495949817204
C,inferred,extratropics,5,0.9252141766575944,0.4308977328670782,0.025121695639534782,0.3031640004517275,0.019060527263926187,4.928031395192545
C,inferred,extratropics,10,0.9204249759698799,0.454147374177129,0.027745274290942815,0.36974661776963474,0.024807759578743357,6.16378991847948
C,inferred,extratropics,15,0.9225152194499566,0.47792111395425796,0.030751193886605663,0.42849619545909,0.03045964382093733,7.859152245130998
C,inferred,extratropics,20,0.9215517834498311,0.5001003067382086,0.03276285691506706,0.47099500553855284,0.03478859726988819,9.087485515889828
C,inferred,extratropics,25,0.9231640895858485,0.5194592547325332,0.03427073410395954,0.5086146435690357,0.03884760346712425,10.340842861122052
C,inferred,extratropics,30,0.9220376488729022,0.5375291428625062,0.03627737178148688,0.5444711122001605,0.042377570737944945,11.347621676013524
D,inferred,global,5,0.9140902896832458,0.45690018006879024,0.021176743260189847,0.28217883888352285,0.019210320833072884,5.683607173575254
D,inferred,global,10,0.9050905423982959,0.47284546827179663,0.02357592861181218,0.3441006112234842,0.025075919856276524,7.261694465924845
D,inferred,global,15,0.9047436816631338,0.4895870029827202,0.026265813795926907,0.39781922813337856,0.03071652603243807,9.373881653098698
D,inferred,global,20,0.9047298857883753,0.5064050348328444,0.028113149982507232,0.4375853855995573,0.03495350292338484,10.908819699216238
D,inferred,global,25,0.9057261549710671,0.5214742767709358,0.0294509779195567,0.47204270487960265,0.03884485170881658,12.495149608707235
D,inferred,global,30,0.9071276114612309,0.5359395634060748,0.03118728129140005,0.504369931901195,0.04224222808205065,13.761081027512802
D,inferred,tropics,5,0.9054950840959365,0.4993162985826305,0.011455285018610699,0.24102038367903958,0.01952611093692313,6.8262599651263995
D,inferred,tropics,10,0.8924806510624581,0.505004742952449,0.01361825321556023,0.2934348427331544,0.02561090487847409,9.168793716621552
D,inferred,tropics,15,0.8895553578421082,0.511312361536346,0.015709215866298747,0.3363454519004732,0.031249325973887715,12.179988702579104
D,inferred,tropics,20,0.8899508768917271,0.5199207400388236,0.01730628195689341,0.3707570731380767,0.03534441770244866,14.422756566625416
D,inferred,tropics,25,0.889874334551815,0.5283397985137012,0.018318675942817594,0.3977971153343383,0.038964144024329454,16.747321911576567
D,inferred,tropics,30,0.8930632024639761,0.5371197084916338,0.019514246017590366,0.4229638230546277,0.042145340090050255,18.628184469244847
D,inferred,extratropics,5,0.9239474900500939,0.4306247222874776,0.02512969678757037,0.30339808691236386,0.019060527263926187,5.082927904672281
D,inferred,extratropics,10,0.9195222745777483,0.45395069269836774,0.027740445674135784,0.37019393638373377,0.024807759578743357,6.3130391125587915
D,inferred,extratropics,15,0.922174036753487,0.47780963795061154,0.030750226257376147,0.4293040272111685,0.03045964382093733,8.032841982484461
D,inferred,extratropics,20,0.921613317098687,0.5000492621667968,0.03276541840954828,0.4718595766798831,0.03478859726988819,9.273816904955122
D,inferred,extratropics,25,0.923798163870998,0.5194267264280255,0.03426673436164387,0.5099892430848345,0.03884760346712425,10.556750697221181
D,inferred,extratropics,30,0.92308841584254,0.5374827003366517,0.036251177814320384,0.5458464269007381,0.042377570737944945,11.57765839489963
E,inferred,global,5,0.9141996215115793,0.46433088911387815,0.021342369709780082,0.28154911058391,0.019210320833072884,5.652391900201699
E,inferred,global,10,0.9060355115185419,0.4777733111896628,0.023677961783639668,0.3407215669715162,0.025075919856276524,7.505050239870094
E,inferred,global,15,0.9062088229574564,0.49255695035174146,0.026444936449689923,0.39472049260818226,0.03071652603243807,9.89015080614771
E,inferred,global,20,0.9068526855734349,0.5077465047093571,0.028312105696609555,0.43401171386738413,0.03495350292338484,11.512605941137561
E,inferred,global,25,0.9083080787042437,0.5212146190636866,0.029820872888099415,0.4685182671319491,0.03884485170881658,13.145297959718574
E,inferred,global,30,0.910420660990045,0.534015379541421,0.03160518471487334,0.5006970032241637,0.04224222808205065,14.383486554057985
E,inferred,tropics,5,0.9044211380109299,0.5065632569174141,0.011546213641374809,0.24060005098117868,0.01952611093692313,6.8963589937179846
E,inferred,tropics,10,0.8927671510568613,0.5105934166576032,0.01380018386922844,0.29038242565708217,0.02561090487847409,9.635304240082144
E,inferred,tropics,15,0.8915069328499463,0.5161629208540828,0.016038527321871648,0.33303718637350693,0.031249325973887715,13.009788318885855
E,inferred,tropics,20,0.8938930078775303,0.5241717739345031,0.01788467565243519,0.36591980347911474,0.03534441770244866,15.348220604832
E,inferred,tropics,25,0.8958391908062704,0.5318114923130696,0.01910884843579044,0.39186947834259545,0.038964144024329454,17.68541815034433
E,inferred,tropics,30,0.9009936551799383,0.5397227103462047,0.02048288400508791,0.4163924620849871,0.042145340090050255,19.46456471493581
E,inferred,extratropics,5,0.925342590223013,0.4382411565763714,0.025325888494094433,0.3026671053022847,0.019060527263926187,5.015229282567097
E,inferred,extratropics,10,0.9211539743009468,0.458437934527336,0.027825483771003436,0.3666367965567756,0.024807759578743357,6.4643955028052655
E,inferred,extratropics,15,0.9230119148128769,0.4795377029676612,0.03089390659718477,0.42627080541798085,0.03045964382093733,8.419310321391285
E,inferred,extratropics,20,0.921589587425592,0.4995317098691772,0.032856227476697,0.4688236015026743,0.03478859726988819,9.745684244020609
E,inferred,extratropics,25,0.9224519255455694,0.5168308610069569,0.034521288800904694,0.5075058879143927,0.03884760346712425,11.091387670067704
E,inferred,extratropics,30,0.9210495846747709,0.5327695742455502,0.0365126756295815,0.5434237392962312,0.042377570737944945,12.11620948442455
F,inferred,global,5,0.9100336742389976,0.4629893156861534,0.02129422461571514,0.2845553466441721,0.019210320833072884,4.999659573710659
F,inferred,global,10,0.901140329828684,0.47665767268905873,0.023627883572293853,0.34471676577023713,0.025075919856276524,6.8184072532632385
F,inferred,global,15,0.9004362796381778,0.4914374749248397,0.026297700092419253,0.4000893048515949,0.03071652603243807,9.184225909522686
F,inferred,global,20,0.9001257782357528,0.5065905454930512,0.028079989275964813,0.4409513298845009,0.03495350292338484,10.897203044352025
F,inferred,global,25,0.900230033621965,0.5201508621082663,0.029475749021839314,0.47646436598404424,0.03884485170881658,12.61504913304535
F,inferred,global,30,0.9013288033233339,0.5329299518029567,0.03115412874520226,0.5095588660140787,0.04224222808205065,14.035156213985571
F,inferred,tropics,5,0.8978087353179351,0.5048573086932897,0.011409491805203452,0.24040041210040275,0.01952611093692313,6.9902414285205925
F,inferred,tropics,10,0.8854830323676245,0.508925566848259,0.01354680709766233,0.29087546241168266,0.02561090487847409,9.839668055581383
F,inferred,tropics,15,0.8829882790848389,0.5141653524849409,0.015554412414791595,0.33377115100894017,0.031249325973887715,13.333467231752731
F,inferred,tropics,20,0.8840987841224184,0.5217473382307317,0.017156183921190372,0.3665964606284368,0.03534441770244866,15.919999847735113
F,inferred,tropics,25,0.8837596647242216,0.5290275774333606,0.018139561036429365,0.39257487475865493,0.038964144024329454,18.482879603021512
F,inferred,tropics,30,0.887351971960869,0.5366039223764062,0.019353263308716093,0.4178275443567466,0.042145340090050255,20.6024573613224
F,inferred,extratropics,5,0.923974093896405,0.43714007383810344,0.02529771556940298,0.30715894992454934,0.019060527263926187,3.981977719758734
F,inferred,extratropics,10,0.9190256385700001,0.45768908272784353,0.0278301957297675,0.37225767316331787,0.024807759578743357,5.345555952069507
F,inferred,extratropics,15,0.9204374049054124,0.47898503118072533,0.03083848528905764,0.43376700397125534,0.03045964382093733,7.234247609577204
F,inferred,extratropics,20,0.9184228585001954,0.49917064195914607,0.032766122163888946,0.47862830548663676,0.03478859726988819,8.594974406589992
F,inferred,extratropics,25,0.9190015525762242,0.5168249921744886,0.034355190032538126,0.5187336754780754,0.03884760346712425,9.975899504662209
F,inferred,extratropics,30,0.9171895022224767,0.532914321331272,0.03625601939199243,0.5556412459013215,0.042377570737944945,11.125222126692382
untuned,frozen_pretrain,global,5,0.9276993919802171,0.44987472734226736,0.02116492296652794,0.29831724114831787,0.019210320833072884,0.0
untuned,frozen_pretrain,global,10,0.9197190652350052,0.46981645695362223,0.02390552715035801,0.3618342361234735,0.025075919856276524,0.0
untuned,frozen_pretrain,global,15,0.9198743213598018,0.4897011037877578,0.02699369537338881,0.41647436344435546,0.03071652603243807,0.0
untuned,frozen_pretrain,global,20,0.9195984142062315,0.5097101289038192,0.02890325397543166,0.4572505597642146,0.03495350292338484,0.0
untuned,frozen_pretrain,global,25,0.9189640510859607,0.5274528009621536,0.030642274498559566,0.49254779050780556,0.03884485170881658,0.0
untuned,frozen_pretrain,global,30,0.9186083562580228,0.5445669810554692,0.03243137385735694,0.5252177454059094,0.04224222808205065,0.0
untuned,frozen_pretrain,tropics,5,0.9270932221333185,0.4864425275476355,0.011502569135586836,0.26054160177309804,0.01952611093692313,0.0
untuned,frozen_pretrain,tropics,10,0.9153500725685358,0.49562186015545584,0.013995329454713193,0.31862175691161065,0.02561090487847409,0.0
untuned,frozen_pretrain,tropics,15,0.9147467620388462,0.5038290999739233,0.016398721554071752,0.3637554903277123,0.031249325973887715,0.0
untuned,frozen_pretrain,tropics,20,0.9158789500806347,0.5146886689816073,0.01835377221414425,0.39930592972700624,0.03534441770244866,0.0
untuned,frozen_pretrain,tropics,25,0.9147203057108231,0.5244995216752505,0.019633445795499666,0.4274742104492593,0.038964144024329454,0.0
untuned,frozen_pretrain,tropics,30,0.916386652452246,0.5346948358881217,0.02100561014150338,0.4530363464527457,0.042145340090050255,0.0
untuned,frozen_pretrain,extratropics,5,0.9285998622759258,0.42768288536420723,0.025101513852748638,0.31807971679388564,0.019060527263926187,0.0
untuned,frozen_pretrain,extratropics,10,0.9248341781800782,0.45521188153552605,0.028074974604976127,0.3845656025213067,0.024807759578743357,0.0
untuned,frozen_pretrain,extratropics,15,0.9258509767602995,0.48286171354287644,0.03152677683934588,0.44405540073005917,0.03045964382093733,0.0
untuned,frozen_pretrain,extratropics,20,0.9239309091179572,0.5087451763163214,0.03351211497191572,0.48756232601162364,0.03478859726988819,0.0
untuned,frozen_pretrain,extratropics,25,0.9238593226970918,0.5314462936437796,0.03547271889482938,0.5264492097182913,0.03884760346712425,0.0
untuned,frozen_pretrain,extratropics,30,0.9211892561786862,0.5527757194919269,0.03747126605501522,0.562670228253696,0.042377570737944945,0.0
wave1,wave1_joint,global,5,0.9172687244977653,0.4495035303340695,0.021134596023071668,0.2859071166997742,0.019210320833072884,4.561262029373689
wave1,wave1_joint,global,10,0.9087832849122549,0.46580932606170394,0.02356982751547898,0.3470449781066978,0.025075919856276524,5.745152904319799
wave1,wave1_joint,global,15,0.9087542180955336,0.4826167631081347,0.026341972942117035,0.4025766600683994,0.03071652603243807,7.457699872469312
wave1,wave1_joint,global,20,0.9091382951453783,0.49934215020299705,0.028207887435904275,0.443181561176272,0.03495350292338484,8.546756859282572
wave1,wave1_joint,global,25,0.9100363381717647,0.5143428438669958,0.02960281777254737,0.47894660635975356,0.03884485170881658,9.64033088790804
wave1,wave1_joint,global,30,0.9111693985574043,0.5287056310538655,0.031423797493740385,0.5128572476327382,0.04224222808205065,10.385156855164388
wave1,wave1_joint,tropics,5,0.9053229506132897,0.48905034431923716,0.011329194622040248,0.2455723947823304,0.01952611093692313,5.759344673194321
wave1,wave1_joint,tropics,10,0.8925395164818007,0.4957329796675386,0.013506324932845605,0.29577576142039,0.02561090487847409,7.588203300277837
wave1,wave1_joint,tropics,15,0.8899538246647792,0.5028889519015957,0.015618571324090702,0.3408090823037594,0.031249325973887715,9.974478119767827
wave1,wave1_joint,tropics,20,0.8904589129029518,0.5123758695004792,0.0172478910157486,0.3755956683795896,0.03534441770244866,11.495229166615486
wave1,wave1_joint,tropics,25,0.8900995809319086,0.521595935060829,0.01839808887811094,0.40422650909093566,0.038964144024329454,12.975637038188927
wave1,wave1_joint,tropics,30,0.892786417103949,0.5308995969738682,0.01963619746885083,0.4316760817990368,0.042145340090050255,13.90644055756455
wave1,wave1_joint,extratropics,5,0.9309259009502948,0.42519533263166376,0.025106713595855056,0.3067774674385704,0.019060527263926187,3.9277365994364097
wave1,wave1_joint,extratropics,10,0.9273674879570534,0.44840584860642374,0.027763834631303913,0.3734392608814522,0.024807759578743357,4.819960694453311
wave1,wave1_joint,extratropics,15,0.93033728829223,0.4717907623916341,0.03087933601487243,0.4342382785044721,0.03045964382093733,6.2392947010144475
wave1,wave1_joint,extratropics,20,0.9304877633047522,0.4933146569856827,0.032911264713362934,0.4778500575920355,0.03478859726988819,7.151480372749362
wave1,wave1_joint,extratropics,25,0.9327811659141617,0.5120910267942469,0.034448037723363516,0.5171726816230177,0.03884760346712425,8.086399248007805
wave1,wave1_joint,extratropics,30,0.9320431400732354,0.5296721497499483,0.0365341791951351,0.5543168403761427,0.042377570737944945,8.760225225866535
