candidate,reader,workload,median_wall_seconds,median_process_cpu_seconds,byte_metrics_valid
A,zarr-python,aligned_720,0.24595275102183223,,False
A,zarr-python,halo_16_752,0.2782054138369858,,False
A,zarr-python,halo_32_784,0.3045904980972409,,False
A,zarr-python,union_1472,1.117573122959584,,False
A,zarr-python,misaligned_720,0.24704483500681818,,False
A,zarr-python,shallow_17_halo,0.09447546699084342,,False
A,zarr-python,point_series,0.006370035000145435,,False
A,zarr-python,pair_aligned,0.5261046709492803,,False
A,zarr-python,pair_offset,0.5173940581735224,,False
A,zarr-python,independent_four_752,1.0256657858844846,,False
A,zarrs,aligned_720,0.20736102107912302,0.3247301840000034,False
A,zarrs,halo_16_752,0.30144925508648157,0.4650528310000013,False
A,zarrs,halo_32_784,0.3232211119029671,0.48287400899999966,False
A,zarrs,union_1472,1.129530981881544,1.6041482519999946,False
A,zarrs,misaligned_720,0.2383959940634668,0.35494570099999834,False
A,zarrs,shallow_17_halo,0.09314468200318515,0.15253478700000045,False
A,zarrs,point_series,0.0035231190267950296,0.010307709000002774,False
A,zarrs,pair_aligned,0.500410539098084,0.6553336039999991,False
A,zarrs,pair_offset,0.49882615404203534,0.6438937770000024,False
A,zarrs,independent_four_752,1.0261985249817371,1.604772484999998,False
A,tensorstore,aligned_720,0.1884868429042399,0.35927204600000096,False
A,tensorstore,halo_16_752,0.21606809296645224,0.4215208910000001,False
A,tensorstore,halo_32_784,0.2316306889988482,0.45174938399999576,False
A,tensorstore,union_1472,0.7357721510343254,1.386053707000002,False
A,tensorstore,misaligned_720,0.19280666019767523,0.3597685780000006,False
A,tensorstore,shallow_17_halo,0.060542318038642406,0.1620840759999993,False
A,tensorstore,point_series,0.0011533780489116907,0.006750718999995797,False
A,tensorstore,pair_aligned,0.37484430195763707,0.7061719760000003,False
A,tensorstore,pair_offset,0.38533686310984194,0.7339830800000016,False
A,tensorstore,independent_four_752,0.7666961669456214,1.556818555999996,False
B,zarr-python,aligned_720,0.33557627396658063,,False
B,zarr-python,halo_16_752,0.3301028339192271,,False
B,zarr-python,halo_32_784,0.3540040450170636,,False
B,zarr-python,union_1472,1.1832018089480698,,False
B,zarr-python,misaligned_720,0.26952550117857754,,False
B,zarr-python,shallow_17_halo,0.10525956796482205,,False
B,zarr-python,point_series,0.0051537929102778435,,False
B,zarr-python,pair_aligned,0.5312079328577965,,False
B,zarr-python,pair_offset,0.5466754341032356,,False
B,zarr-python,independent_four_752,1.1759618460200727,,False
B,zarrs,aligned_720,0.21995663503184915,0.37601920499999864,False
B,zarrs,halo_16_752,0.35452413419261575,0.4855086080000035,False
B,zarrs,halo_32_784,0.39422750705853105,0.5258392539999974,False
B,zarrs,union_1472,1.2095562529284507,1.6261830270000033,False
B,zarrs,misaligned_720,0.2917029932141304,0.39539509000000095,False
B,zarrs,shallow_17_halo,0.10644812998361886,0.16274419900000225,False
B,zarrs,point_series,0.0016077850013971329,0.004788668999999857,False
B,zarrs,pair_aligned,0.5795577671378851,0.7478134420000018,False
B,zarrs,pair_offset,0.5853353522252291,0.7492090860000005,False
B,zarrs,independent_four_752,1.3872978661675006,1.865233791999998,False
B,tensorstore,aligned_720,0.20040828990750015,0.3861561499999979,False
B,tensorstore,halo_16_752,0.2023050501011312,0.38620942000000014,False
B,tensorstore,halo_32_784,0.21768362307921052,0.42222272699999763,False
B,tensorstore,union_1472,0.7229967848397791,1.3679822950000045,False
B,tensorstore,misaligned_720,0.16791469999589026,0.35827379599999887,False
B,tensorstore,shallow_17_halo,0.0582275481428951,0.13633477700000185,False
B,tensorstore,point_series,0.0006509891245514154,0.0027942210000020395,False
B,tensorstore,pair_aligned,0.3653497910127044,0.7615426070000026,False
B,tensorstore,pair_offset,0.3585964129306376,0.7039606370000016,False
B,tensorstore,independent_four_752,0.7238664671313018,1.476361640999997,False
C,zarr-python,aligned_720,0.2620660199318081,,False
C,zarr-python,halo_16_752,0.27416693000122905,,False
C,zarr-python,halo_32_784,0.3023310429416597,,False
C,zarr-python,union_1472,0.9604946509934962,,False
C,zarr-python,misaligned_720,0.24264758895151317,,False
C,zarr-python,shallow_17_halo,0.0947736210655421,,False
C,zarr-python,point_series,0.007927033118903637,,False
C,zarr-python,pair_aligned,0.4749789978377521,,False
C,zarr-python,pair_offset,0.5007900199852884,,False
C,zarr-python,independent_four_752,1.0338264210149646,,False
C,zarrs,aligned_720,0.21467286115512252,0.3581497289999973,False
C,zarrs,halo_16_752,0.2878189270850271,0.44224907599999597,False
C,zarrs,halo_32_784,0.3007422471418977,0.4541150129999991,False
C,zarrs,union_1472,0.9835951558779925,1.451691261999997,False
C,zarrs,misaligned_720,0.2512695430777967,0.3597882830000003,False
C,zarrs,shallow_17_halo,0.09987764991819859,0.24078132799999707,False
C,zarrs,point_series,0.008003156865015626,0.02342019199999612,False
C,zarrs,pair_aligned,0.5006356309168041,0.6609133469999975,False
C,zarrs,pair_offset,0.5375291029922664,0.6857912169999949,False
C,zarrs,independent_four_752,1.0820226569194347,1.6357274639999986,False
C,tensorstore,aligned_720,0.1948920739814639,0.3939280949999997,False
C,tensorstore,halo_16_752,0.21486887708306313,0.4529121169999968,False
C,tensorstore,halo_32_784,0.23860689788125455,0.49381591299999883,False
C,tensorstore,union_1472,0.7357396248262376,1.515649046,False
C,tensorstore,misaligned_720,0.20702385087497532,0.4027765820000013,False
C,tensorstore,shallow_17_halo,0.08744186093099415,0.2470757540000008,False
C,tensorstore,point_series,0.0029392619617283344,0.01919133500000214,False
C,tensorstore,pair_aligned,0.377363339997828,0.6978520910000015,False
C,tensorstore,pair_offset,0.37381101422943175,0.7141349489999982,False
C,tensorstore,independent_four_752,0.7574332789517939,1.7331486289999987,False
D,zarr-python,aligned_720,0.24428317486308515,,False
D,zarr-python,halo_16_752,0.2895727299619466,,False
D,zarr-python,halo_32_784,0.29828269011341035,,False
D,zarr-python,union_1472,1.0619574100710452,,False
D,zarr-python,misaligned_720,0.24523316510021687,,False
D,zarr-python,shallow_17_halo,0.08880988601595163,,False
D,zarr-python,point_series,0.006647104863077402,,False
D,zarr-python,pair_aligned,0.4708393339533359,,False
D,zarr-python,pair_offset,0.4916798349004239,,False
D,zarr-python,independent_four_752,1.0007235151715577,,False
D,zarrs,aligned_720,0.18955484009347856,0.35363437899999894,False
D,zarrs,halo_16_752,0.3081453889608383,0.4761857660000004,False
D,zarrs,halo_32_784,0.3205651240423322,0.4729913950000011,False
D,zarrs,union_1472,1.118706604000181,1.556409561999999,False
D,zarrs,misaligned_720,0.2691912411246449,0.37850820000000596,False
D,zarrs,shallow_17_halo,0.0976865398697555,0.1506982619999988,False
D,zarrs,point_series,0.0027365980204194784,0.007591046000001711,False
D,zarrs,pair_aligned,0.4788373208139092,0.6507630520000021,False
D,zarrs,pair_offset,0.5277403981890529,0.7045759370000013,False
D,zarrs,independent_four_752,1.1273092089686543,1.7003868170000018,False
D,tensorstore,aligned_720,0.17553407605737448,0.34983319700000237,False
D,tensorstore,halo_16_752,0.19504027301445603,0.4087737340000004,False
D,tensorstore,halo_32_784,0.20696381316520274,0.44778408599999864,False
D,tensorstore,union_1472,0.7197098368778825,1.464069148,False
D,tensorstore,misaligned_720,0.16608829284086823,0.3581931319999967,False
D,tensorstore,shallow_17_halo,0.05831704894080758,0.15319310299999955,False
D,tensorstore,point_series,0.001284038182348013,0.007544741000003796,False
D,tensorstore,pair_aligned,0.3464597868733108,0.6721036819999995,False
D,tensorstore,pair_offset,0.3520495519042015,0.7068547439999975,False
D,tensorstore,independent_four_752,0.6999953298363835,1.5782839959999961,False
E,zarr-python,aligned_720,0.24310426297597587,,False
E,zarr-python,halo_16_752,0.2904477238189429,,False
E,zarr-python,halo_32_784,0.3081964801531285,,False
E,zarr-python,union_1472,1.088807611959055,,False
E,zarr-python,misaligned_720,0.23079622187651694,,False
E,zarr-python,shallow_17_halo,0.08975533512420952,,False
E,zarr-python,point_series,0.004205329110845923,,False
E,zarr-python,pair_aligned,0.5115540239494294,,False
E,zarr-python,pair_offset,0.4928701790049672,,False
E,zarr-python,independent_four_752,1.0299617948476225,,False
E,zarrs,aligned_720,0.18454137817025185,0.33774967499999775,False
E,zarrs,halo_16_752,0.32714358414523304,0.4906031430000013,False
E,zarrs,halo_32_784,0.31115305912680924,0.48415133199999616,False
E,zarrs,union_1472,1.063845117809251,1.579845591999998,False
E,zarrs,misaligned_720,0.2512038790155202,0.3852684049999979,False
E,zarrs,shallow_17_halo,0.09626580402255058,0.15552120899999977,False
E,zarrs,point_series,0.002450800035148859,0.010476905999993846,False
E,zarrs,pair_aligned,0.4299851469695568,0.651678528000005,False
E,zarrs,pair_offset,0.47520688315853477,0.6849710669999993,False
E,zarrs,independent_four_752,1.1016659601591527,1.7444004159999977,False
E,tensorstore,aligned_720,0.17579567502252758,0.318124957000002,False
E,tensorstore,halo_16_752,0.18604529183357954,0.43589512000000497,False
E,tensorstore,halo_32_784,0.2047670150641352,0.4390289549999977,False
E,tensorstore,union_1472,0.7098499790299684,1.3779108829999984,False
E,tensorstore,misaligned_720,0.1657852039206773,0.3463403799999938,False
E,tensorstore,shallow_17_halo,0.05666276812553406,0.14415553300000283,False
E,tensorstore,point_series,0.001204857835546136,0.006725779999996462,False
E,tensorstore,pair_aligned,0.3692301958799362,0.6765119249999998,False
E,tensorstore,pair_offset,0.34660097188316286,0.6347651330000019,False
E,tensorstore,independent_four_752,0.6759038490708917,1.528086284000004,False
