candidate,reader,workload,trial,wall_seconds,process_cpu_seconds,byte_metrics_valid,observed_data_returned_bytes,observed_data_calls,observed_unique_data_objects
A,zarr-python,aligned_720,0,0.29411327885463834,,False,63158793,1,1
A,zarr-python,aligned_720,1,0.24595275102183223,,False,63158793,1,1
A,zarr-python,aligned_720,2,0.24451829586178064,,False,63158793,1,1
A,zarr-python,halo_16_752,0,0.3076383739244193,,False,63172649,9,9
A,zarr-python,halo_16_752,1,0.2767425060737878,,False,63172649,9,9
A,zarr-python,halo_16_752,2,0.2782054138369858,,False,63172649,9,9
A,zarr-python,halo_32_784,0,0.3045904980972409,,False,63172649,9,9
A,zarr-python,halo_32_784,1,0.2978979561012238,,False,63172649,9,9
A,zarr-python,halo_32_784,2,0.3246673680841923,,False,63172649,9,9
A,zarr-python,union_1472,0,1.157686177175492,,False,195706932,16,16
A,zarr-python,union_1472,1,1.117573122959584,,False,195706932,16,16
A,zarr-python,union_1472,2,1.0240308048669249,,False,195706932,16,16
A,zarr-python,misaligned_720,0,0.2507830550894141,,False,63163989,4,4
A,zarr-python,misaligned_720,1,0.24704483500681818,,False,63163989,4,4
A,zarr-python,misaligned_720,2,0.23336100997403264,,False,63163989,4,4
A,zarr-python,shallow_17_halo,0,0.1128996480256319,,False,15588,9,9
A,zarr-python,shallow_17_halo,1,0.09384782798588276,,False,15588,9,9
A,zarr-python,shallow_17_halo,2,0.09447546699084342,,False,15588,9,9
A,zarr-python,point_series,0,0.007266693050041795,,False,13856,8,8
A,zarr-python,point_series,1,0.006370035000145435,,False,13856,8,8
A,zarr-python,point_series,2,0.006181874079629779,,False,13856,8,8
A,zarr-python,pair_aligned,0,0.5438129419926554,,False,126298319,2,2
A,zarr-python,pair_aligned,1,0.5261046709492803,,False,126298319,2,2
A,zarr-python,pair_aligned,2,0.5216045610141009,,False,126298319,2,2
A,zarr-python,pair_offset,0,0.5319682061672211,,False,126239300,2,2
A,zarr-python,pair_offset,1,0.5173940581735224,,False,126239300,2,2
A,zarr-python,pair_offset,2,0.47859046002849936,,False,126239300,2,2
A,zarr-python,independent_four_752,0,1.0256657858844846,,False,195741572,36,16
A,zarr-python,independent_four_752,1,1.0157228210009634,,False,195741572,36,16
A,zarr-python,independent_four_752,2,1.0750338612124324,,False,195741572,36,16
A,zarrs,aligned_720,0,0.21936544100753963,0.33793268999999526,False,,,
A,zarrs,aligned_720,1,0.19273121585138142,0.30758160500000287,False,,,
A,zarrs,aligned_720,2,0.20736102107912302,0.3247301840000034,False,,,
A,zarrs,halo_16_752,0,0.29455859190784395,0.4650528310000013,False,,,
A,zarrs,halo_16_752,1,0.30144925508648157,0.46033278000000166,False,,,
A,zarrs,halo_16_752,2,0.3089263951405883,0.4686556159999995,False,,,
A,zarrs,halo_32_784,0,0.3232211119029671,0.48287400899999966,False,,,
A,zarrs,halo_32_784,1,0.3179823758546263,0.47671927500000066,False,,,
A,zarrs,halo_32_784,2,0.32933234283700585,0.4894540969999994,False,,,
A,zarrs,union_1472,0,1.1592080681584775,1.625927285000003,False,,,
A,zarrs,union_1472,1,1.129530981881544,1.6041482519999946,False,,,
A,zarrs,union_1472,2,1.0563481110148132,1.517198878000002,False,,,
A,zarrs,misaligned_720,0,0.25022755307145417,0.3674128899999971,False,,,
A,zarrs,misaligned_720,1,0.22491215192712843,0.3434966949999989,False,,,
A,zarrs,misaligned_720,2,0.2383959940634668,0.35494570099999834,False,,,
A,zarrs,shallow_17_halo,0,0.09574988391250372,0.15320589699999942,False,,,
A,zarrs,shallow_17_halo,1,0.09314468200318515,0.15006701600000127,False,,,
A,zarrs,shallow_17_halo,2,0.0920414999127388,0.15253478700000045,False,,,
A,zarrs,point_series,0,0.004237771965563297,0.01093090300000199,False,,,
A,zarrs,point_series,1,0.003178951097652316,0.00855786500000022,False,,,
A,zarrs,point_series,2,0.0035231190267950296,0.010307709000002774,False,,,
A,zarrs,pair_aligned,0,0.500410539098084,0.6553336039999991,False,,,
A,zarrs,pair_aligned,1,0.47685202001594007,0.6318248370000035,False,,,
A,zarrs,pair_aligned,2,0.5126730869524181,0.6681482729999999,False,,,
A,zarrs,pair_offset,0,0.4964574850164354,0.641429076999998,False,,,
A,zarrs,pair_offset,1,0.49882615404203534,0.6438937770000024,False,,,
A,zarrs,pair_offset,2,0.5008961209096014,0.6468227340000041,False,,,
A,zarrs,independent_four_752,0,1.0261985249817371,1.604772484999998,False,,,
A,zarrs,independent_four_752,1,1.0441381570417434,1.6092288270000026,False,,,
A,zarrs,independent_four_752,2,1.0162209628615528,1.591728418999999,False,,,
A,tensorstore,aligned_720,0,0.19212334789335728,0.3711859619999984,False,,,
A,tensorstore,aligned_720,1,0.188075803918764,0.3535992519999951,False,,,
A,tensorstore,aligned_720,2,0.1884868429042399,0.35927204600000096,False,,,
A,tensorstore,halo_16_752,0,0.21606809296645224,0.42051325299999576,False,,,
A,tensorstore,halo_16_752,1,0.21511140000075102,0.4215208910000001,False,,,
A,tensorstore,halo_16_752,2,0.21822036616504192,0.43929514400000613,False,,,
A,tensorstore,halo_32_784,0,0.2316306889988482,0.45174938399999576,False,,,
A,tensorstore,halo_32_784,1,0.23270750395022333,0.4566400189999982,False,,,
A,tensorstore,halo_32_784,2,0.23081291210837662,0.44226442800000143,False,,,
A,tensorstore,union_1472,0,0.7343128800857812,1.3731114630000008,False,,,
A,tensorstore,union_1472,1,0.7357721510343254,1.386053707000002,False,,,
A,tensorstore,union_1472,2,0.75740404590033,1.4272206609999998,False,,,
A,tensorstore,misaligned_720,0,0.19568732590414584,0.3597685780000006,False,,,
A,tensorstore,misaligned_720,1,0.19280666019767523,0.387851923999996,False,,,
A,tensorstore,misaligned_720,2,0.1901884749531746,0.3379509120000037,False,,,
A,tensorstore,shallow_17_halo,0,0.06529121100902557,0.13764651799999683,False,,,
A,tensorstore,shallow_17_halo,1,0.060542318038642406,0.1620840759999993,False,,,
A,tensorstore,shallow_17_halo,2,0.05964162899181247,0.16400998800000366,False,,,
A,tensorstore,point_series,0,0.0017903950065374374,0.0073911830000028544,False,,,
A,tensorstore,point_series,1,0.0011533780489116907,0.006750718999995797,False,,,
A,tensorstore,point_series,2,0.0010520098730921745,0.006130100999996557,False,,,
A,tensorstore,pair_aligned,0,0.37718678498640656,0.6987240280000009,False,,,
A,tensorstore,pair_aligned,1,0.3742044591344893,0.7061719760000003,False,,,
A,tensorstore,pair_aligned,2,0.37484430195763707,0.7367414970000041,False,,,
A,tensorstore,pair_offset,0,0.38533686310984194,0.7339830800000016,False,,,
A,tensorstore,pair_offset,1,0.3870513590518385,0.7736629649999998,False,,,
A,tensorstore,pair_offset,2,0.37261516600847244,0.7159174949999993,False,,,
A,tensorstore,independent_four_752,0,0.7617293449584395,1.556818555999996,False,,,
A,tensorstore,independent_four_752,1,0.7666961669456214,1.5485327399999989,False,,,
A,tensorstore,independent_four_752,2,0.7843508368823677,1.5753348720000062,False,,,
B,zarr-python,aligned_720,0,0.33557627396658063,,False,63008489,1,1
B,zarr-python,aligned_720,1,0.29932399513199925,,False,63008489,1,1
B,zarr-python,aligned_720,2,0.33839749288745224,,False,63008489,1,1
B,zarr-python,halo_16_752,0,0.34397915191948414,,False,63063817,9,9
B,zarr-python,halo_16_752,1,0.3301028339192271,,False,63063817,9,9
B,zarr-python,halo_16_752,2,0.3288632440380752,,False,63063817,9,9
B,zarr-python,halo_32_784,0,0.3760129411239177,,False,63063817,9,9
B,zarr-python,halo_32_784,1,0.3540040450170636,,False,63063817,9,9
B,zarr-python,halo_32_784,2,0.3506723849568516,,False,63063817,9,9
B,zarr-python,union_1472,0,1.1832018089480698,,False,195791646,16,16
B,zarr-python,union_1472,1,1.1715774089097977,,False,195791646,16,16
B,zarr-python,union_1472,2,1.2751253030728549,,False,195791646,16,16
B,zarr-python,misaligned_720,0,0.29600114515051246,,False,27664,4,4
B,zarr-python,misaligned_720,1,0.2688358388841152,,False,27664,4,4
B,zarr-python,misaligned_720,2,0.26952550117857754,,False,27664,4,4
B,zarr-python,shallow_17_halo,0,0.10495271510444582,,False,62244,9,9
B,zarr-python,shallow_17_halo,1,0.10525956796482205,,False,62244,9,9
B,zarr-python,shallow_17_halo,2,0.10808695899322629,,False,62244,9,9
B,zarr-python,point_series,0,0.007504840148612857,,False,55328,8,8
B,zarr-python,point_series,1,0.0051537929102778435,,False,55328,8,8
B,zarr-python,point_series,2,0.005135904997587204,,False,55328,8,8
B,zarr-python,pair_aligned,0,0.5578633449040353,,False,125998232,2,2
B,zarr-python,pair_aligned,1,0.5312079328577965,,False,125998232,2,2
B,zarr-python,pair_aligned,2,0.5311925010755658,,False,125998232,2,2
B,zarr-python,pair_offset,0,0.5548346859868616,,False,125937091,2,2
B,zarr-python,pair_offset,1,0.5466754341032356,,False,125937091,2,2
B,zarr-python,pair_offset,2,0.5320501560345292,,False,125937091,2,2
B,zarr-python,independent_four_752,0,1.1759618460200727,,False,195929966,36,16
B,zarr-python,independent_four_752,1,1.1651619479525834,,False,195929966,36,16
B,zarr-python,independent_four_752,2,1.18428662000224,,False,195929966,36,16
B,zarrs,aligned_720,0,0.22692491486668587,0.37601920499999864,False,,,
B,zarrs,aligned_720,1,0.21995663503184915,0.38334843799999874,False,,,
B,zarrs,aligned_720,2,0.19545830693095922,0.34313111700000576,False,,,
B,zarrs,halo_16_752,0,0.33784749498590827,0.4712527530000017,False,,,
B,zarrs,halo_16_752,1,0.3624672961886972,0.4947486880000014,False,,,
B,zarrs,halo_16_752,2,0.35452413419261575,0.4855086080000035,False,,,
B,zarrs,halo_32_784,0,0.39341511484235525,0.5217345300000034,False,,,
B,zarrs,halo_32_784,1,0.39422750705853105,0.5258392539999974,False,,,
B,zarrs,halo_32_784,2,0.4016217449679971,0.5294679200000019,False,,,
B,zarrs,union_1472,0,1.2523262449540198,1.6700218850000041,False,,,
B,zarrs,union_1472,1,1.2095562529284507,1.6261830270000033,False,,,
B,zarrs,union_1472,2,1.2078111348673701,1.6182771590000016,False,,,
B,zarrs,misaligned_720,0,0.292583875823766,0.39539509000000095,False,,,
B,zarrs,misaligned_720,1,0.2845981859136373,0.3854775799999999,False,,,
B,zarrs,misaligned_720,2,0.2917029932141304,0.39791396500000076,False,,,
B,zarrs,shallow_17_halo,0,0.12044764496386051,0.17414489400000122,False,,,
B,zarrs,shallow_17_halo,1,0.1019924997817725,0.1567728910000028,False,,,
B,zarrs,shallow_17_halo,2,0.10644812998361886,0.16274419900000225,False,,,
B,zarrs,point_series,0,0.0030077279079705477,0.005369295999997803,False,,,
B,zarrs,point_series,1,0.0015601369086652994,0.0037593500000028257,False,,,
B,zarrs,point_series,2,0.0016077850013971329,0.004788668999999857,False,,,
B,zarrs,pair_aligned,0,0.5795577671378851,0.7478134420000018,False,,,
B,zarrs,pair_aligned,1,0.5911867541726679,0.7582436120000011,False,,,
B,zarrs,pair_aligned,2,0.5774775801692158,0.7430323400000063,False,,,
B,zarrs,pair_offset,0,0.5789998029358685,0.7470262949999977,False,,,
B,zarrs,pair_offset,1,0.5918115780223161,0.7614609219999977,False,,,
B,zarrs,pair_offset,2,0.5853353522252291,0.7492090860000005,False,,,
B,zarrs,independent_four_752,0,1.3430076390504837,1.825335025000001,False,,,
B,zarrs,independent_four_752,1,1.3872978661675006,1.865233791999998,False,,,
B,zarrs,independent_four_752,2,1.4112746231257915,1.8870174000000048,False,,,
B,tensorstore,aligned_720,0,0.1990931979380548,0.37233046200000075,False,,,
B,tensorstore,aligned_720,1,0.20473008905537426,0.3861561499999979,False,,,
B,tensorstore,aligned_720,2,0.20040828990750015,0.4051470620000046,False,,,
B,tensorstore,halo_16_752,0,0.20868667610920966,0.37235024999999666,False,,,
B,tensorstore,halo_16_752,1,0.2023050501011312,0.39016629599999675,False,,,
B,tensorstore,halo_16_752,2,0.2011962509714067,0.38620942000000014,False,,,
B,tensorstore,halo_32_784,0,0.22207995294593275,0.42065314500000284,False,,,
B,tensorstore,halo_32_784,1,0.21768362307921052,0.42222272699999763,False,,,
B,tensorstore,halo_32_784,2,0.21756741404533386,0.42426592400000374,False,,,
B,tensorstore,union_1472,0,0.7229967848397791,1.358655362999997,False,,,
B,tensorstore,union_1472,1,0.7433868059888482,1.3679822950000045,False,,,
B,tensorstore,union_1472,2,0.7060353679116815,1.389510160999997,False,,,
B,tensorstore,misaligned_720,0,0.17877366999164224,0.32571146299999754,False,,,
B,tensorstore,misaligned_720,1,0.16791469999589026,0.36295791899999585,False,,,
B,tensorstore,misaligned_720,2,0.1670915950089693,0.35827379599999887,False,,,
B,tensorstore,shallow_17_halo,0,0.0582275481428951,0.14434916199999748,False,,,
B,tensorstore,shallow_17_halo,1,0.05530272307805717,0.13633477700000185,False,,,
B,tensorstore,shallow_17_halo,2,0.05869522993452847,0.12668162800000005,False,,,
B,tensorstore,point_series,0,0.0011118389666080475,0.002947799000004636,False,,,
B,tensorstore,point_series,1,0.0005955670494586229,0.002761436000000117,False,,,
B,tensorstore,point_series,2,0.0006509891245514154,0.0027942210000020395,False,,,
B,tensorstore,pair_aligned,0,0.35732664191164076,0.6881962180000016,False,,,
B,tensorstore,pair_aligned,1,0.3653497910127044,0.7615426070000026,False,,,
B,tensorstore,pair_aligned,2,0.4013771768659353,0.765688406999999,False,,,
B,tensorstore,pair_offset,0,0.35999513207934797,0.7198604989999993,False,,,
B,tensorstore,pair_offset,1,0.3585964129306376,0.7039606370000016,False,,,
B,tensorstore,pair_offset,2,0.35599366086535156,0.6896670829999962,False,,,
B,tensorstore,independent_four_752,0,0.7238664671313018,1.4371771770000024,False,,,
B,tensorstore,independent_four_752,1,0.7498900031205267,1.5456030749999954,False,,,
B,tensorstore,independent_four_752,2,0.710744310868904,1.476361640999997,False,,,
C,zarr-python,aligned_720,0,0.27465552603825927,,False,62641977,1,1
C,zarr-python,aligned_720,1,0.2549472087994218,,False,62641977,1,1
C,zarr-python,aligned_720,2,0.2620660199318081,,False,62641977,1,1
C,zarr-python,halo_16_752,0,0.28137798397801816,,False,62646617,9,9
C,zarr-python,halo_16_752,1,0.27416693000122905,,False,62646617,9,9
C,zarr-python,halo_16_752,2,0.26418160181492567,,False,62646617,9,9
C,zarr-python,halo_32_784,0,0.3023310429416597,,False,62646617,9,9
C,zarr-python,halo_32_784,1,0.2932661878876388,,False,62646617,9,9
C,zarr-python,halo_32_784,2,0.3035614690743387,,False,62646617,9,9
C,zarr-python,union_1472,0,0.9711933941580355,,False,194285381,16,16
C,zarr-python,union_1472,1,0.9537469791248441,,False,194285381,16,16
C,zarr-python,union_1472,2,0.9604946509934962,,False,194285381,16,16
C,zarr-python,misaligned_720,0,0.24794308003038168,,False,62643717,4,4
C,zarr-python,misaligned_720,1,0.24264758895151317,,False,62643717,4,4
C,zarr-python,misaligned_720,2,0.22265884513035417,,False,62643717,4,4
C,zarr-python,shallow_17_halo,0,0.0952657419256866,,False,62646617,9,9
C,zarr-python,shallow_17_halo,1,0.0947736210655421,,False,62646617,9,9
C,zarr-python,shallow_17_halo,2,0.09361176216043532,,False,62646617,9,9
C,zarr-python,point_series,0,0.008627008879557252,,False,4640,8,8
C,zarr-python,point_series,1,0.007577659096568823,,False,4640,8,8
C,zarr-python,point_series,2,0.007927033118903637,,False,4640,8,8
C,zarr-python,pair_aligned,0,0.4811195919755846,,False,125268783,2,2
C,zarr-python,pair_aligned,1,0.4680952560156584,,False,125268783,2,2
C,zarr-python,pair_aligned,2,0.4749789978377521,,False,125268783,2,2
C,zarr-python,pair_offset,0,0.48129573883488774,,False,125220533,2,2
C,zarr-python,pair_offset,1,0.5007900199852884,,False,125220533,2,2
C,zarr-python,pair_offset,2,0.5144273149780929,,False,125220533,2,2
C,zarr-python,independent_four_752,0,0.9958443117793649,,False,194296981,36,16
C,zarr-python,independent_four_752,1,1.0338264210149646,,False,194296981,36,16
C,zarr-python,independent_four_752,2,1.0382812721654773,,False,194296981,36,16
C,zarrs,aligned_720,0,0.2106026872061193,0.3596927170000015,False,,,
C,zarrs,aligned_720,1,0.21467286115512252,0.35569638800000547,False,,,
C,zarrs,aligned_720,2,0.21650228602811694,0.3581497289999973,False,,,
C,zarrs,halo_16_752,0,0.2864385119173676,0.4424400149999954,False,,,
C,zarrs,halo_16_752,1,0.29626899398863316,0.44224907599999597,False,,,
C,zarrs,halo_16_752,2,0.2878189270850271,0.4342715939999948,False,,,
C,zarrs,halo_32_784,0,0.31619328702799976,0.46580573500000355,False,,,
C,zarrs,halo_32_784,1,0.27682537492364645,0.4301226939999978,False,,,
C,zarrs,halo_32_784,2,0.3007422471418977,0.4541150129999991,False,,,
C,zarrs,union_1472,0,0.9835951558779925,1.451691261999997,False,,,
C,zarrs,union_1472,1,1.0448126399423927,1.500825865000003,False,,,
C,zarrs,union_1472,2,0.9661991838365793,1.3898615609999965,False,,,
C,zarrs,misaligned_720,0,0.256519618909806,0.3623329269999971,False,,,
C,zarrs,misaligned_720,1,0.2512695430777967,0.3597882830000003,False,,,
C,zarrs,misaligned_720,2,0.2449857851024717,0.3557852300000022,False,,,
C,zarrs,shallow_17_halo,0,0.09886361914686859,0.24078132799999707,False,,,
C,zarrs,shallow_17_halo,1,0.09987764991819859,0.23870110200000028,False,,,
C,zarrs,shallow_17_halo,2,0.10370490909554064,0.24947402000000096,False,,,
C,zarrs,point_series,0,0.008050730219110847,0.024665643999995268,False,,,
C,zarrs,point_series,1,0.006102462997660041,0.019823194000004207,False,,,
C,zarrs,point_series,2,0.008003156865015626,0.02342019199999612,False,,,
C,zarrs,pair_aligned,0,0.4870454859919846,0.6376544839999951,False,,,
C,zarrs,pair_aligned,1,0.5175102150533348,0.6751577329999989,False,,,
C,zarrs,pair_aligned,2,0.5006356309168041,0.6609133469999975,False,,,
C,zarrs,pair_offset,0,0.5135673210024834,0.6738372780000006,False,,,
C,zarrs,pair_offset,1,0.5375291029922664,0.6857912169999949,False,,,
C,zarrs,pair_offset,2,0.5413856150116771,0.6956866339999976,False,,,
C,zarrs,independent_four_752,0,1.0820226569194347,1.6331841029999978,False,,,
C,zarrs,independent_four_752,1,1.0730953318998218,1.6357274639999986,False,,,
C,zarrs,independent_four_752,2,1.1054726541042328,1.6787070789999987,False,,,
C,tensorstore,aligned_720,0,0.1948920739814639,0.3939280949999997,False,,,
C,tensorstore,aligned_720,1,0.19152573309838772,0.389319528999998,False,,,
C,tensorstore,aligned_720,2,0.19518104894086719,0.3974820199999982,False,,,
C,tensorstore,halo_16_752,0,0.21486887708306313,0.46043273899999804,False,,,
C,tensorstore,halo_16_752,1,0.21058328007347882,0.4529121169999968,False,,,
C,tensorstore,halo_16_752,2,0.21716833300888538,0.4491975460000006,False,,,
C,tensorstore,halo_32_784,0,0.23860689788125455,0.49381591299999883,False,,,
C,tensorstore,halo_32_784,1,0.2377844408620149,0.4896055660000016,False,,,
C,tensorstore,halo_32_784,2,0.2610889100469649,0.5621365499999982,False,,,
C,tensorstore,union_1472,0,0.7357396248262376,1.4754580449999963,False,,,
C,tensorstore,union_1472,1,0.739996001124382,1.5185550619999972,False,,,
C,tensorstore,union_1472,2,0.7355967140756547,1.515649046,False,,,
C,tensorstore,misaligned_720,0,0.20702385087497532,0.4027765820000013,False,,,
C,tensorstore,misaligned_720,1,0.21998660708777606,0.5270439720000013,False,,,
C,tensorstore,misaligned_720,2,0.19281208515167236,0.3930275119999962,False,,,
C,tensorstore,shallow_17_halo,0,0.08567270310595632,0.24516419399999734,False,,,
C,tensorstore,shallow_17_halo,1,0.08744186093099415,0.2620173099999974,False,,,
C,tensorstore,shallow_17_halo,2,0.08769229403696954,0.2470757540000008,False,,,
C,tensorstore,point_series,0,0.003524082014337182,0.019931759000002103,False,,,
C,tensorstore,point_series,1,0.0029392619617283344,0.018737277999996138,False,,,
C,tensorstore,point_series,2,0.002860597800463438,0.01919133500000214,False,,,
C,tensorstore,pair_aligned,0,0.377363339997828,0.5932199520000054,False,,,
C,tensorstore,pair_aligned,1,0.37722814502194524,0.6978520910000015,False,,,
C,tensorstore,pair_aligned,2,0.3789468798786402,0.7415150150000045,False,,,
C,tensorstore,pair_offset,0,0.37177220708690584,0.7141349489999982,False,,,
C,tensorstore,pair_offset,1,0.37381101422943175,0.7126329569999967,False,,,
C,tensorstore,pair_offset,2,0.39551318902522326,0.8311299480000045,False,,,
C,tensorstore,independent_four_752,0,0.7665207870304585,1.7668425740000018,False,,,
C,tensorstore,independent_four_752,1,0.7574332789517939,1.7323998760000023,False,,,
C,tensorstore,independent_four_752,2,0.7438202069606632,1.7331486289999987,False,,,
D,zarr-python,aligned_720,0,0.2860514409840107,,False,6916,1,1
D,zarr-python,aligned_720,1,0.24428317486308515,,False,6916,1,1
D,zarr-python,aligned_720,2,0.2440297279972583,,False,6916,1,1
D,zarr-python,halo_16_752,0,0.29512141295708716,,False,27664,4,4
D,zarr-python,halo_16_752,1,0.2798353601247072,,False,27664,4,4
D,zarr-python,halo_16_752,2,0.2895727299619466,,False,27664,4,4
D,zarr-python,halo_32_784,0,0.3199380759615451,,False,27664,4,4
D,zarr-python,halo_32_784,1,0.29828269011341035,,False,27664,4,4
D,zarr-python,halo_32_784,2,0.28522632690146565,,False,27664,4,4
D,zarr-python,union_1472,0,1.0780689909588546,,False,27664,4,4
D,zarr-python,union_1472,1,1.0220577691216022,,False,27664,4,4
D,zarr-python,union_1472,2,1.0619574100710452,,False,27664,4,4
D,zarr-python,misaligned_720,0,0.2397967530414462,,False,27664,4,4
D,zarr-python,misaligned_720,1,0.24523316510021687,,False,27664,4,4
D,zarr-python,misaligned_720,2,0.24983676988631487,,False,27664,4,4
D,zarr-python,shallow_17_halo,0,0.09026537300087512,,False,27664,4,4
D,zarr-python,shallow_17_halo,1,0.08880988601595163,,False,27664,4,4
D,zarr-python,shallow_17_halo,2,0.08570023998618126,,False,27664,4,4
D,zarr-python,point_series,0,0.007706769043579698,,False,55328,8,8
D,zarr-python,point_series,1,0.006106946850195527,,False,55328,8,8
D,zarr-python,point_series,2,0.006647104863077402,,False,55328,8,8
D,zarr-python,pair_aligned,0,0.4823010079562664,,False,13832,2,2
D,zarr-python,pair_aligned,1,0.4708393339533359,,False,13832,2,2
D,zarr-python,pair_aligned,2,0.4545123348943889,,False,13832,2,2
D,zarr-python,pair_offset,0,0.5066217279527336,,False,13832,2,2
D,zarr-python,pair_offset,1,0.4916798349004239,,False,13832,2,2
D,zarr-python,pair_offset,2,0.4910789169371128,,False,13832,2,2
D,zarr-python,independent_four_752,0,1.0007235151715577,,False,110656,16,4
D,zarr-python,independent_four_752,1,0.9984496277756989,,False,110656,16,4
D,zarr-python,independent_four_752,2,1.0011051930487156,,False,110656,16,4
D,zarrs,aligned_720,0,0.19161368487402797,0.35363437899999894,False,,,
D,zarrs,aligned_720,1,0.18955484009347856,0.3609909909999942,False,,,
D,zarrs,aligned_720,2,0.18615052988752723,0.34039216499999725,False,,,
D,zarrs,halo_16_752,0,0.29273325810208917,0.4761857660000004,False,,,
D,zarrs,halo_16_752,1,0.3081453889608383,0.477854114000003,False,,,
D,zarrs,halo_16_752,2,0.32159702107310295,0.47571235399999523,False,,,
D,zarrs,halo_32_784,0,0.33422014489769936,0.49531275000000363,False,,,
D,zarrs,halo_32_784,1,0.29952738294377923,0.44772419799999597,False,,,
D,zarrs,halo_32_784,2,0.3205651240423322,0.4729913950000011,False,,,
D,zarrs,union_1472,0,1.118706604000181,1.5693608340000011,False,,,
D,zarrs,union_1472,1,1.1255574759561568,1.556409561999999,False,,,
D,zarrs,union_1472,2,1.0475932678673416,1.4915221709999997,False,,,
D,zarrs,misaligned_720,0,0.2793862021062523,0.3874907560000054,False,,,
D,zarrs,misaligned_720,1,0.24076092895120382,0.34679806199999774,False,,,
D,zarrs,misaligned_720,2,0.2691912411246449,0.37850820000000596,False,,,
D,zarrs,shallow_17_halo,0,0.09912923187948763,0.15250564800000177,False,,,
D,zarrs,shallow_17_halo,1,0.09515318600460887,0.14819956800000256,False,,,
D,zarrs,shallow_17_halo,2,0.0976865398697555,0.1506982619999988,False,,,
D,zarrs,point_series,0,0.0035863190423697233,0.010174189999993644,False,,,
D,zarrs,point_series,1,0.002600940875709057,0.007591046000001711,False,,,
D,zarrs,point_series,2,0.0027365980204194784,0.007217719999999872,False,,,
D,zarrs,pair_aligned,0,0.4448986330535263,0.6148658749999996,False,,,
D,zarrs,pair_aligned,1,0.4788373208139092,0.6507630520000021,False,,,
D,zarrs,pair_aligned,2,0.5130944168195128,0.6916862949999967,False,,,
D,zarrs,pair_offset,0,0.5476356958970428,0.7257475600000021,False,,,
D,zarrs,pair_offset,1,0.5277403981890529,0.7045759370000013,False,,,
D,zarrs,pair_offset,2,0.5181097390595824,0.6864424919999976,False,,,
D,zarrs,independent_four_752,0,1.1283090959768742,1.7132165259999965,False,,,
D,zarrs,independent_four_752,1,1.1273092089686543,1.7003868170000018,False,,,
D,zarrs,independent_four_752,2,1.1170128060039133,1.6767222109999977,False,,,
D,tensorstore,aligned_720,0,0.17553407605737448,0.34983319700000237,False,,,
D,tensorstore,aligned_720,1,0.17302752984687686,0.33432038200000136,False,,,
D,tensorstore,aligned_720,2,0.18237764295190573,0.35429408399999573,False,,,
D,tensorstore,halo_16_752,0,0.21221544197760522,0.5028380030000008,False,,,
D,tensorstore,halo_16_752,1,0.1934488108381629,0.39787481500000155,False,,,
D,tensorstore,halo_16_752,2,0.19504027301445603,0.4087737340000004,False,,,
D,tensorstore,halo_32_784,0,0.21390300593338907,0.4583752210000043,False,,,
D,tensorstore,halo_32_784,1,0.2057195871602744,0.44778408599999864,False,,,
D,tensorstore,halo_32_784,2,0.20696381316520274,0.442893392000002,False,,,
D,tensorstore,union_1472,0,0.7197098368778825,1.4135310590000003,False,,,
D,tensorstore,union_1472,1,0.7111362291034311,1.464069148,False,,,
D,tensorstore,union_1472,2,0.7216565599665046,1.4863395630000014,False,,,
D,tensorstore,misaligned_720,0,0.17592278495430946,0.37571657200000175,False,,,
D,tensorstore,misaligned_720,1,0.16608829284086823,0.3581931319999967,False,,,
D,tensorstore,misaligned_720,2,0.16566098504699767,0.358015604000002,False,,,
D,tensorstore,shallow_17_halo,0,0.05751473596319556,0.12685415499999664,False,,,
D,tensorstore,shallow_17_halo,1,0.05831704894080758,0.15895727799999548,False,,,
D,tensorstore,shallow_17_halo,2,0.06162646086886525,0.15319310299999955,False,,,
D,tensorstore,point_series,0,0.0017593398224562407,0.00795345499999911,False,,,
D,tensorstore,point_series,1,0.0012307888828217983,0.007000947999998175,False,,,
D,tensorstore,point_series,2,0.001284038182348013,0.007544741000003796,False,,,
D,tensorstore,pair_aligned,0,0.35220494493842125,0.7093929890000013,False,,,
D,tensorstore,pair_aligned,1,0.3464597868733108,0.6564039410000007,False,,,
D,tensorstore,pair_aligned,2,0.3446004041470587,0.6721036819999995,False,,,
D,tensorstore,pair_offset,0,0.36559644900262356,0.7068547439999975,False,,,
D,tensorstore,pair_offset,1,0.3520495519042015,0.7261696110000031,False,,,
D,tensorstore,pair_offset,2,0.34259833791293204,0.6263166869999992,False,,,
D,tensorstore,independent_four_752,0,0.6999953298363835,1.5782839959999961,False,,,
D,tensorstore,independent_four_752,1,0.6819812981411815,1.5523820330000007,False,,,
D,tensorstore,independent_four_752,2,0.7054921390954405,1.6285590110000001,False,,,
E,zarr-python,aligned_720,0,0.29319490608759224,,False,3460,1,1
E,zarr-python,aligned_720,1,0.23900631722062826,,False,3460,1,1
E,zarr-python,aligned_720,2,0.24310426297597587,,False,3460,1,1
E,zarr-python,halo_16_752,0,0.3084706941153854,,False,31140,9,9
E,zarr-python,halo_16_752,1,0.28418642305769026,,False,31140,9,9
E,zarr-python,halo_16_752,2,0.2904477238189429,,False,31140,9,9
E,zarr-python,halo_32_784,0,0.31034648208878934,,False,31140,9,9
E,zarr-python,halo_32_784,1,0.3081964801531285,,False,31140,9,9
E,zarr-python,halo_32_784,2,0.3034934119787067,,False,31140,9,9
E,zarr-python,union_1472,0,1.1036632708273828,,False,55360,16,16
E,zarr-python,union_1472,1,1.063979031983763,,False,55360,16,16
E,zarr-python,union_1472,2,1.088807611959055,,False,55360,16,16
E,zarr-python,misaligned_720,0,0.24719307688064873,,False,13840,4,4
E,zarr-python,misaligned_720,1,0.23079622187651694,,False,13840,4,4
E,zarr-python,misaligned_720,2,0.22784329811111093,,False,13840,4,4
E,zarr-python,shallow_17_halo,0,0.0891914980020374,,False,31140,9,9
E,zarr-python,shallow_17_halo,1,0.09252971294336021,,False,31140,9,9
E,zarr-python,shallow_17_halo,2,0.08975533512420952,,False,31140,9,9
E,zarr-python,point_series,0,0.005453346995636821,,False,13840,4,4
E,zarr-python,point_series,1,0.004107124172151089,,False,13840,4,4
E,zarr-python,point_series,2,0.004205329110845923,,False,13840,4,4
E,zarr-python,pair_aligned,0,0.5331291020847857,,False,126298315,1,1
E,zarr-python,pair_aligned,1,0.5115540239494294,,False,126298315,1,1
E,zarr-python,pair_aligned,2,0.4933401639573276,,False,126298315,1,1
E,zarr-python,pair_offset,0,0.5051671729888767,,False,6920,2,2
E,zarr-python,pair_offset,1,0.4893443991895765,,False,6920,2,2
E,zarr-python,pair_offset,2,0.4928701790049672,,False,6920,2,2
E,zarr-python,independent_four_752,0,1.034941378980875,,False,124560,36,16
E,zarr-python,independent_four_752,1,1.0299617948476225,,False,124560,36,16
E,zarr-python,independent_four_752,2,1.0137821640819311,,False,124560,36,16
E,zarrs,aligned_720,0,0.2157927320804447,0.4350228240000007,False,,,
E,zarrs,aligned_720,1,0.18454137817025185,0.33774967499999775,False,,,
E,zarrs,aligned_720,2,0.18077515391632915,0.3326495190000003,False,,,
E,zarrs,halo_16_752,0,0.3276702780276537,0.5092323999999948,False,,,
E,zarrs,halo_16_752,1,0.3109998181462288,0.47992330299999963,False,,,
E,zarrs,halo_16_752,2,0.32714358414523304,0.4906031430000013,False,,,
E,zarrs,halo_32_784,0,0.3365397599991411,0.5064379989999992,False,,,
E,zarrs,halo_32_784,1,0.3080415038857609,0.47831820700000094,False,,,
E,zarrs,halo_32_784,2,0.31115305912680924,0.48415133199999616,False,,,
E,zarrs,union_1472,0,1.008884612005204,1.5450242799999998,False,,,
E,zarrs,union_1472,1,1.063845117809251,1.579845591999998,False,,,
E,zarrs,union_1472,2,1.18989545898512,1.6965656449999997,False,,,
E,zarrs,misaligned_720,0,0.23679947317577899,0.3651075979999945,False,,,
E,zarrs,misaligned_720,1,0.2512038790155202,0.3852684049999979,False,,,
E,zarrs,misaligned_720,2,0.26763359690085053,0.40289519200000257,False,,,
E,zarrs,shallow_17_halo,0,0.11035403702408075,0.17338485399999826,False,,,
E,zarrs,shallow_17_halo,1,0.09626580402255058,0.15552120899999977,False,,,
E,zarrs,shallow_17_halo,2,0.09141437290236354,0.15337678099999863,False,,,
E,zarrs,point_series,0,0.003377338871359825,0.014257768000000226,False,,,
E,zarrs,point_series,1,0.002450800035148859,0.010476905999993846,False,,,
E,zarrs,point_series,2,0.002179694129154086,0.009382809999998187,False,,,
E,zarrs,pair_aligned,0,0.38706090091727674,0.6078971769999981,False,,,
E,zarrs,pair_aligned,1,0.4299851469695568,0.651678528000005,False,,,
E,zarrs,pair_aligned,2,0.45056271692737937,0.6927457740000023,False,,,
E,zarrs,pair_offset,0,0.47520688315853477,0.6849710669999993,False,,,
E,zarrs,pair_offset,1,0.4970248998142779,0.6921915490000004,False,,,
E,zarrs,pair_offset,2,0.44807576993480325,0.6336889240000048,False,,,
E,zarrs,independent_four_752,0,1.1510506260674447,1.7758183340000002,False,,,
E,zarrs,independent_four_752,1,1.1016659601591527,1.7444004159999977,False,,,
E,zarrs,independent_four_752,2,1.0325974740553647,1.6407499869999995,False,,,
E,tensorstore,aligned_720,0,0.17579567502252758,0.318124957000002,False,,,
E,tensorstore,aligned_720,1,0.16367708588950336,0.33394480799999826,False,,,
E,tensorstore,aligned_720,2,0.17783527402207255,0.3055027760000044,False,,,
E,tensorstore,halo_16_752,0,0.19460909999907017,0.43589512000000497,False,,,
E,tensorstore,halo_16_752,1,0.18604529183357954,0.4398016860000027,False,,,
E,tensorstore,halo_16_752,2,0.1826049699448049,0.41557823600000177,False,,,
E,tensorstore,halo_32_784,0,0.20517543284222484,0.4390289549999977,False,,,
E,tensorstore,halo_32_784,1,0.2047670150641352,0.4671138490000004,False,,,
E,tensorstore,halo_32_784,2,0.20355064515024424,0.42938059600000145,False,,,
E,tensorstore,union_1472,0,0.6928856167942286,1.3779108829999984,False,,,
E,tensorstore,union_1472,1,0.7098499790299684,1.3453491109999973,False,,,
E,tensorstore,union_1472,2,0.7177485800348222,1.4362596399999958,False,,,
E,tensorstore,misaligned_720,0,0.1716835480183363,0.33732547700000026,False,,,
E,tensorstore,misaligned_720,1,0.16363673890009522,0.3463403799999938,False,,,
E,tensorstore,misaligned_720,2,0.1657852039206773,0.3566353080000013,False,,,
E,tensorstore,shallow_17_halo,0,0.05666276812553406,0.14824269299999315,False,,,
E,tensorstore,shallow_17_halo,1,0.05672533414326608,0.12389538899999764,False,,,
E,tensorstore,shallow_17_halo,2,0.055728294886648655,0.14415553300000283,False,,,
E,tensorstore,point_series,0,0.0017964739818125963,0.007098550000002035,False,,,
E,tensorstore,point_series,1,0.001204857835546136,0.006725779999996462,False,,,
E,tensorstore,point_series,2,0.001055403845384717,0.00616373799999792,False,,,
E,tensorstore,pair_aligned,0,0.3670563430059701,0.6575904299999991,False,,,
E,tensorstore,pair_aligned,1,0.3692301958799362,0.6765119249999998,False,,,
E,tensorstore,pair_aligned,2,0.37710633291862905,0.7234498850000008,False,,,
E,tensorstore,pair_offset,0,0.33963059610687196,0.620402416999994,False,,,
E,tensorstore,pair_offset,1,0.35115418396890163,0.6453925240000018,False,,,
E,tensorstore,pair_offset,2,0.34660097188316286,0.6347651330000019,False,,,
E,tensorstore,independent_four_752,0,0.6838097828440368,1.442359930000002,False,,,
E,tensorstore,independent_four_752,1,0.6759038490708917,1.5704781450000027,False,,,
E,tensorstore,independent_four_752,2,0.6706855020020157,1.528086284000004,False,,,
