model,region,lead_days,variable,normalized_mse,normalized_rmse
E,extratropics,0,so,0.005650364563296311,0.0751689068917216
E,extratropics,0,sst,0.0,0.0
E,extratropics,0,thetao,0.005347102718071296,0.07312388609798645
E,extratropics,0,velocity,0.1991261367372681,0.44623551711766296
E,extratropics,0,zos,0.0,0.0
E,extratropics,5,so,0.005695405239556164,0.07546790867352933
E,extratropics,5,sst,0.0008073392423513657,0.028413715743481453
E,extratropics,5,thetao,0.005554813763964715,0.07453062299461018
E,extratropics,5,velocity,0.2844223805298709,0.5333126480122807
E,extratropics,5,zos,0.0019571017568008587,0.044239142812681834
E,extratropics,10,so,0.0058120007744055496,0.07623647928915363
E,extratropics,10,sst,0.0023422749110995596,0.04839705477712006
E,extratropics,10,thetao,0.005950241724230869,0.07713780995225927
E,extratropics,10,velocity,0.40257057170287086,0.6344844928781718
E,extratropics,10,zos,0.0032660167668992625,0.05714907494351298
E,extratropics,15,so,0.005978402487808816,0.07732012990036176
E,extratropics,15,sst,0.0043820915120474585,0.06619736786343894
E,extratropics,15,thetao,0.006448050189891824,0.08029975211600485
E,extratropics,15,velocity,0.5086702733146644,0.7132112403171058
E,extratropics,15,zos,0.004260685682917593,0.06527392804878218
E,extratropics,20,so,0.006172776529760976,0.07856701935138545
E,extratropics,20,sst,0.006858784112740592,0.08281777655033122
E,extratropics,20,thetao,0.0070124458918539795,0.08374034805190375
E,extratropics,20,velocity,0.600228386062184,0.7747440777845185
E,extratropics,20,zos,0.00518992470549132,0.07204113203921299
E,extratropics,25,so,0.0063943440537227855,0.07996464252232223
E,extratropics,25,sst,0.009848433455000723,0.0992392737528884
E,extratropics,25,thetao,0.007634587984821604,0.08737612937651566
E,extratropics,25,velocity,0.679486080857587,0.8243094569744951
E,extratropics,25,zos,0.0059416582055314094,0.07708215231512032
E,extratropics,30,so,0.006641920369043145,0.08149797769910089
E,extratropics,30,sst,0.013398058270339361,0.11574998172932625
E,extratropics,30,thetao,0.008307393464546155,0.09114490366743581
E,extratropics,30,velocity,0.7480768333092641,0.864914350273635
E,extratropics,30,zos,0.006787142434129156,0.08238411518083541
E,global,0,so,0.005596005953246739,0.07480645662806613
E,global,0,sst,0.0,0.0
E,global,0,thetao,0.0048000640413860835,0.06928249448010719
E,global,0,velocity,0.22667829894967242,0.4761074447534636
E,global,0,zos,0.0,0.0
E,global,5,so,0.00563639806371112,0.07507594863677128
E,global,5,sst,0.0006431060163491869,0.025359535018394698
E,global,5,thetao,0.0049849844368278174,0.0706044222186388
E,global,5,velocity,0.325245718537557,0.5703031812444649
E,global,5,zos,0.0014111399015580607,0.03756514210751852
E,global,10,so,0.005746324057579348,0.0758045121188663
E,global,10,sst,0.0018451112302518302,0.04295475794660971
E,global,10,thetao,0.00531685283051132,0.072916752742503
E,global,10,velocity,0.45752484558159084,0.676405829056485
E,global,10,zos,0.0024554079193903596,0.049552072806194086
E,global,15,so,0.005898524590981763,0.07680185278352185
E,global,15,sst,0.00338926241436799,0.05821737210118635
E,global,15,thetao,0.005726328371215446,0.07567250736704477
E,global,15,velocity,0.5613261870584356,0.749217049364492
E,global,15,zos,0.003300508627705608,0.057450053330746424
E,global,20,so,0.0060787173103791165,0.077966129250971
E,global,20,sst,0.005234123540411869,0.07234724279757916
E,global,20,thetao,0.006182065555526837,0.07862611242791313
E,global,20,velocity,0.6319148065655996,0.7949306929321572
E,global,20,zos,0.0040787027048115885,0.06386472191133058
E,global,25,so,0.006285398053874224,0.07928050235634373
E,global,25,sst,0.00743844932547267,0.08624644529180707
E,global,25,thetao,0.006674685140085953,0.08169874625773613
E,global,25,velocity,0.6853320934096275,0.8278478685178984
E,global,25,zos,0.00471159857415561,0.06864108517612182
E,global,30,so,0.006527841297373847,0.08079505738208154
E,global,30,sst,0.010055743804615361,0.10027833168045508
E,global,30,thetao,0.007212629011156894,0.08492719830040842
E,global,30,velocity,0.7401918335315206,0.86034402045433
E,global,30,zos,0.005412730204900958,0.07357125936737088
E,tropics,0,so,0.005539666260342554,0.0744289342953569
E,tropics,0,sst,0.0,0.0
E,tropics,0,thetao,0.003927044082834313,0.06266613186430381
E,tropics,0,velocity,0.27428147944600445,0.5237188935354581
E,tropics,0,zos,0.0,0.0
E,tropics,5,so,0.005572581249280501,0.07464972370531923
E,tropics,5,sst,0.00035848081769826164,0.01893358966752638
E,tropics,5,thetao,0.004074789669622558,0.06383407921809915
E,tropics,5,velocity,0.39722828383239134,0.6302604888713803
E,tropics,5,zos,0.0004649578865306535,0.021562882148049075
E,tropics,10,so,0.005671995955978306,0.07531265468683404
E,tropics,10,sst,0.0009834992474725343,0.031360791563232814
E,tropics,10,thetao,0.004301466813086723,0.06558556863431714
E,tropics,10,velocity,0.5557925972309219,0.7455149879317798
E,tropics,10,zos,0.001050578159835105,0.03241262346424777
E,tropics,15,so,0.005800746379178492,0.07616263112037616
E,tropics,15,sst,0.0016686349814390325,0.040848928767337735
E,tropics,15,thetao,0.0045636489596839296,0.06755478487630562
E,tropics,15,velocity,0.6572309626085145,0.8106978244750103
E,tropics,15,zos,0.001636468895917914,0.04045329276978469
E,tropics,20,so,0.005957536035048211,0.07718507650477656
E,tropics,20,sst,0.002418497383284018,0.04917822061933533
E,tropics,20,thetao,0.0048371247086055735,0.0695494407497686
E,tropics,20,velocity,0.6935508349897506,0.8327969950652744
E,tropics,20,zos,0.002152893962714817,0.04639928838586662
E,tropics,25,so,0.0061395445200235375,0.07835524564458679
E,tropics,25,sst,0.003261814392501002,0.05711229633363556
E,tropics,25,thetao,0.005111309219745913,0.0714934208144072
E,tropics,25,velocity,0.7046097128165332,0.839410336376991
E,tropics,25,zos,0.0025798376318010336,0.050792102061255874
E,tropics,30,so,0.006373994313710176,0.07983729901311902
E,tropics,30,sst,0.004263328786967553,0.0652941711561419
E,tropics,30,thetao,0.005420933915673173,0.07362699176031283
E,tropics,30,velocity,0.737356344534006,0.8586945583465672
E,tropics,30,zos,0.0030307984461706403,0.05505268791049753
blur3_truth,extratropics,0,so,0.005107820017657112,0.07146901438845447
blur3_truth,extratropics,0,sst,0.0008254020887595838,0.02872981184692277
blur3_truth,extratropics,0,thetao,0.0027186843303910247,0.05214100430938231
blur3_truth,extratropics,0,velocity,0.5398399271011542,0.7347379989500709
blur3_truth,extratropics,0,zos,0.0029725079034275915,0.05452071077515031
blur3_truth,extratropics,5,so,0.0052028639675794006,0.07213088081799224
blur3_truth,extratropics,5,sst,0.0015517195364497447,0.03939187145147771
blur3_truth,extratropics,5,thetao,0.0028346435089121355,0.053241370276431985
blur3_truth,extratropics,5,velocity,0.5897150667169384,0.7679290766190185
blur3_truth,extratropics,5,zos,0.004631315447352398,0.06805376879609533
blur3_truth,extratropics,10,so,0.005370084537954811,0.0732808606523887
blur3_truth,extratropics,10,sst,0.002972739270060373,0.05452283255719913
blur3_truth,extratropics,10,thetao,0.0030940595020974137,0.055624270800590396
blur3_truth,extratropics,10,velocity,0.6268607114047081,0.7917453576780278
blur3_truth,extratropics,10,zos,0.005499968799113271,0.07416177451432289
blur3_truth,extratropics,15,so,0.0055879824719012984,0.07475280912381352
blur3_truth,extratropics,15,sst,0.004910917165971337,0.0700779363706676
blur3_truth,extratropics,15,thetao,0.003454490979550243,0.05877491794592522
blur3_truth,extratropics,15,velocity,0.6535463742931621,0.8084221510406318
blur3_truth,extratropics,15,zos,0.006031110685205771,0.07766022588948458
blur3_truth,extratropics,20,so,0.005825390063755581,0.07632424296221733
blur3_truth,extratropics,20,sst,0.007290642962536979,0.08538526197498593
blur3_truth,extratropics,20,thetao,0.0038946887819769093,0.06240744171953301
blur3_truth,extratropics,20,velocity,0.6773517596030857,0.823013827103218
blur3_truth,extratropics,20,zos,0.00653341951582463,0.0808295708006954
blur3_truth,extratropics,25,so,0.006085966667974198,0.07801260582735457
blur3_truth,extratropics,25,sst,0.010182314368924363,0.10090745447648733
blur3_truth,extratropics,25,thetao,0.004413983980780987,0.0664378204096205
blur3_truth,extratropics,25,velocity,0.6996679744984735,0.836461579810139
blur3_truth,extratropics,25,zos,0.006911122249533379,0.08313315974707913
blur3_truth,extratropics,30,so,0.006371689969442852,0.07982286620663813
blur3_truth,extratropics,30,sst,0.013638357669491312,0.1167833792518923
blur3_truth,extratropics,30,thetao,0.005006624443660828,0.07075750450419255
blur3_truth,extratropics,30,velocity,0.7211683766440088,0.8492163308863112
blur3_truth,extratropics,30,zos,0.007423424227821657,0.08615929565532472
blur3_truth,global,0,so,0.0042797043244774775,0.06541944913003683
blur3_truth,global,0,sst,0.0005957846573290111,0.024408700443264306
blur3_truth,global,0,thetao,0.00296782560257792,0.054477753281297496
blur3_truth,global,0,velocity,0.41031487188254945,0.6405582501869361
blur3_truth,global,0,zos,0.0020214914652339727,0.04496099937984
blur3_truth,global,5,so,0.00440931253363017,0.0664026545676464
blur3_truth,global,5,sst,0.0011660851916824606,0.03414798957014103
blur3_truth,global,5,thetao,0.003108648887674555,0.05575525883425307
blur3_truth,global,5,velocity,0.5009151232774939,0.7077535752488248
blur3_truth,global,5,zos,0.003217692736235184,0.056724710102698486
blur3_truth,global,10,so,0.004632772087610847,0.06806447008249493
blur3_truth,global,10,sst,0.0022708809478302018,0.04765376110896392
blur3_truth,global,10,thetao,0.0033855053827575154,0.058185095881656115
blur3_truth,global,10,velocity,0.5817272451363111,0.7627104595692333
blur3_truth,global,10,zos,0.0039438000771997396,0.06279968214250563
blur3_truth,global,15,so,0.004896735517692683,0.06997667838424944
blur3_truth,global,15,sst,0.003736539399298331,0.06112723942154047
blur3_truth,global,15,thetao,0.003741891298124357,0.06117100046692352
blur3_truth,global,15,velocity,0.6340619329440347,0.7962800593660717
blur3_truth,global,15,zos,0.0044560171569687675,0.06675340558330164
blur3_truth,global,20,so,0.005175797952432953,0.0719430187887119
blur3_truth,global,20,sst,0.005510090989051243,0.07422998712818993
blur3_truth,global,20,thetao,0.004149738442032223,0.06441846351809567
blur3_truth,global,20,velocity,0.6594500705512644,0.812065311752241
blur3_truth,global,20,zos,0.004930018539060642,0.07021409074438437
blur3_truth,global,25,so,0.005471667483704105,0.07397072044872961
blur3_truth,global,25,sst,0.007644004294310061,0.08742999653614349
blur3_truth,global,25,thetao,0.00460407576956452,0.06785334015038995
blur3_truth,global,25,velocity,0.6750833672579776,0.8216345703887937
blur3_truth,global,25,zos,0.005300470641955236,0.07280433120326864
blur3_truth,global,30,so,0.005795514634286439,0.07612827749454495
blur3_truth,global,30,sst,0.010192376079338771,0.10095729829655097
blur3_truth,global,30,thetao,0.005116759265213607,0.07153152637273727
blur3_truth,global,30,velocity,0.698817039474029,0.8359527734711029
blur3_truth,global,30,zos,0.005774617115167304,0.07599090152884952
blur3_truth,tropics,0,so,0.002873125806943249,0.053601546684244564
blur3_truth,tropics,0,sst,0.0001978449813898798,0.0140657378544419
blur3_truth,tropics,0,thetao,0.0033530396969997456,0.05790543754259824
blur3_truth,tropics,0,velocity,0.1990732164604907,0.446176216825248
blur3_truth,tropics,0,zos,0.0003733274249378283,0.019321682766721648
blur3_truth,tropics,5,so,0.0030624480764898446,0.05533938991794041
blur3_truth,tropics,5,sst,0.0004977596273428889,0.022310527276218482
blur3_truth,tropics,5,thetao,0.0035363378636075965,0.059467115817127006
blur3_truth,tropics,5,velocity,0.35905038579656745,0.5992081322850746
blur3_truth,tropics,5,zos,0.0007678065925243405,0.02770932320581541
blur3_truth,tropics,10,so,0.003383120956435489,0.05816460226319345
blur3_truth,tropics,10,sst,0.0010545218558605262,0.032473402283415366
blur3_truth,tropics,10,thetao,0.0038432632827811106,0.0619940584474118
blur3_truth,tropics,10,velocity,0.5139287813293814,0.7168882627923137
blur3_truth,tropics,10,zos,0.0012468738432013565,0.035311100849468806
blur3_truth,tropics,15,so,0.0037266596133713656,0.06104637264712266
blur3_truth,tropics,15,sst,0.0017012780034829423,0.04124655141321444
blur3_truth,tropics,15,thetao,0.004193004243352202,0.06475341105572896
blur3_truth,tropics,15,velocity,0.6095530847953964,0.780738807025369
blur3_truth,tropics,15,zos,0.001726293206130187,0.041548684770160736
blur3_truth,tropics,20,so,0.004077697217727967,0.0638568494190558
blur3_truth,tropics,20,sst,0.0024242964443853686,0.04923714496582198
blur3_truth,tropics,20,thetao,0.004545731869905129,0.06742204290812559
blur3_truth,tropics,20,velocity,0.6378366510516972,0.7986467623747667
blur3_truth,tropics,20,zos,0.002151236266151696,0.04638142156242838
blur3_truth,tropics,25,so,0.004434622780828306,0.06659296344831266
blur3_truth,tropics,25,sst,0.003244973099414168,0.056964665358572655
blur3_truth,tropics,25,thetao,0.004889060934508282,0.06992182016014944
blur3_truth,tropics,25,velocity,0.6428424701419426,0.8017745756395264
blur3_truth,tropics,25,zos,0.002509122827287822,0.050091145198406295
blur3_truth,tropics,30,so,0.0048244260244191565,0.06945808825773393
blur3_truth,tropics,30,sst,0.004220300207074416,0.06496383768739664
blur3_truth,tropics,30,thetao,0.0052648499653132315,0.07255928586551298
blur3_truth,tropics,30,velocity,0.6708518023117941,0.8190554329908288
blur3_truth,tropics,30,zos,0.0029171437208512,0.0540105889696752
blur9_truth,extratropics,0,so,0.028451162756645654,0.16867472471193085
blur9_truth,extratropics,0,sst,0.004187948717218257,0.064714362526554
blur9_truth,extratropics,0,thetao,0.011773243064557777,0.10850457623786094
blur9_truth,extratropics,0,velocity,0.9107761918104182,0.9543459497532424
blur9_truth,extratropics,0,zos,0.014014755046427805,0.11838393069343409
blur9_truth,extratropics,5,so,0.028484973314883866,0.1687749190931042
blur9_truth,extratropics,5,sst,0.004824384030970606,0.06945778596363843
blur9_truth,extratropics,5,thetao,0.011844246712665827,0.10883127635319649
blur9_truth,extratropics,5,velocity,0.9333565344619091,0.9661037907294998
blur9_truth,extratropics,5,zos,0.015216526010948554,0.12335528367665713
blur9_truth,extratropics,10,so,0.028547707223438582,0.16896066768167844
blur9_truth,extratropics,10,sst,0.006103047226188711,0.07812200219009183
blur9_truth,extratropics,10,thetao,0.012003529869389958,0.10956062189212855
blur9_truth,extratropics,10,velocity,0.9395671498420579,0.9693127203550245
blur9_truth,extratropics,10,zos,0.01577973896355335,0.12561743097020153
blur9_truth,extratropics,15,so,0.02864894082237244,0.16925997997864833
blur9_truth,extratropics,15,sst,0.00789522726766083,0.08885509139976634
blur9_truth,extratropics,15,thetao,0.012234522311519112,0.11060977493657201
blur9_truth,extratropics,15,velocity,0.9404958809059012,0.9697916688165047
blur9_truth,extratropics,15,zos,0.01605226297985118,0.1266975255474675
blur9_truth,extratropics,20,so,0.02874858665643582,0.16955408180411294
blur9_truth,extratropics,20,sst,0.010114912851478369,0.10057292305326702
blur9_truth,extratropics,20,thetao,0.012530084698673656,0.11193786088126598
blur9_truth,extratropics,20,velocity,0.9428666870702397,0.9710132270315578
blur9_truth,extratropics,20,zos,0.016301449924481588,0.12767713156427657
blur9_truth,extratropics,25,so,0.028864871658705837,0.16989664993373424
blur9_truth,extratropics,25,sst,0.012827240019999018,0.11325740602715134
blur9_truth,extratropics,25,thetao,0.01289871474956633,0.11357250877552336
blur9_truth,extratropics,25,velocity,0.943561022210983,0.9713706924809823
blur9_truth,extratropics,25,zos,0.016448718815515087,0.12825255870942726
blur9_truth,extratropics,30,so,0.028996210406419955,0.17028273666587565
blur9_truth,extratropics,30,sst,0.016106478667658037,0.12691130236372974
blur9_truth,extratropics,30,thetao,0.013344708881662289,0.11551930090535645
blur9_truth,extratropics,30,velocity,0.9442464120840532,0.9717234236571913
blur9_truth,extratropics,30,zos,0.01674603931417665,0.1294064886865286
blur9_truth,global,0,so,0.024238089430174338,0.15568586779208426
blur9_truth,global,0,sst,0.0030718365745298613,0.055424151545421615
blur9_truth,global,0,thetao,0.01510676207200135,0.12290956867551586
blur9_truth,global,0,velocity,0.830379211929553,0.9112514537324772
blur9_truth,global,0,zos,0.009980846252856786,0.09990418536205971
blur9_truth,global,5,so,0.024278795524242305,0.1558165444496903
blur9_truth,global,5,sst,0.003548279192975929,0.05956743399690748
blur9_truth,global,5,thetao,0.015175307188893795,0.12318809678249679
blur9_truth,global,5,velocity,0.8640470651474993,0.9295413197634085
blur9_truth,global,5,zos,0.0108232177380058,0.10403469487630461
blur9_truth,global,10,so,0.024355603400279868,0.15606281876308614
blur9_truth,global,10,sst,0.00451159819659556,0.06716843154783027
blur9_truth,global,10,thetao,0.015325134957687909,0.1237947291191669
blur9_truth,global,10,velocity,0.8769173811148735,0.9364386691689283
blur9_truth,global,10,zos,0.011281196112659788,0.10621297525566162
blur9_truth,global,15,so,0.024466682365461186,0.15641829293743487
blur9_truth,global,15,sst,0.005847454353263837,0.07646864947979555
blur9_truth,global,15,thetao,0.01553736014255578,0.12464894761912665
blur9_truth,global,15,velocity,0.8833915563037837,0.9398891191538413
blur9_truth,global,15,zos,0.011550037989938455,0.10747110304606748
blur9_truth,global,20,so,0.02458291970190782,0.15678941195727414
blur9_truth,global,20,sst,0.0074919494941378595,0.08655604828166463
blur9_truth,global,20,thetao,0.015797297124814626,0.12568729897970846
blur9_truth,global,20,velocity,0.8892876316517481,0.9430204831559854
blur9_truth,global,20,zos,0.011795970404313624,0.10860925561071498
blur9_truth,global,25,so,0.02471573246406646,0.1572123801234065
blur9_truth,global,25,sst,0.009487528189301746,0.09740394339708093
blur9_truth,global,25,thetao,0.01610845060131636,0.1269190710701759
blur9_truth,global,25,velocity,0.8928460213556244,0.9449052975592974
blur9_truth,global,25,zos,0.01196195443885189,0.10937072020816124
blur9_truth,global,30,so,0.02486828406863598,0.1576968105848561
blur9_truth,global,30,sst,0.01189377734606911,0.1090585959292944
blur9_truth,global,30,thetao,0.016479507655450892,0.12837253466162804
blur9_truth,global,30,velocity,0.8970942232027008,0.9471505810602139
blur9_truth,global,30,zos,0.012259605782802612,0.11072310410570421
blur9_truth,tropics,0,so,0.01711495363650552,0.13082413246991367
blur9_truth,tropics,0,sst,0.0011375526141497142,0.03372762390311115
blur9_truth,tropics,0,thetao,0.020357969041726078,0.1426813549197164
blur9_truth,tropics,0,velocity,0.707930021174153,0.8413857742879618
blur9_truth,tropics,0,zos,0.0029898602586013326,0.054679614653006955
blur9_truth,tropics,5,so,0.017167494627847578,0.13102478631101666
blur9_truth,tropics,5,sst,0.0013367190934726566,0.036561169202757406
blur9_truth,tropics,5,thetao,0.02042190653268571,0.14290523619757853
blur9_truth,tropics,5,velocity,0.7604992764624176,0.872066096383994
blur9_truth,tropics,5,zos,0.003209372246261602,0.05665132166385531
blur9_truth,tropics,10,so,0.017268543750798237,0.13140983125625813
blur9_truth,tropics,10,sst,0.0017535292962095172,0.04187516323800442
blur9_truth,tropics,10,thetao,0.02055474921195229,0.14336927569026875
blur9_truth,tropics,10,velocity,0.7847688873157357,0.8858718232993618
blur9_truth,tropics,10,zos,0.0034849736533795112,0.059033665423887674
blur9_truth,tropics,15,so,0.017396474040047367,0.13189569378887003
blur9_truth,tropics,15,sst,0.0022985509048789343,0.047943204991728855
blur9_truth,tropics,15,thetao,0.020733638360506287,0.14399179962937572
blur9_truth,tropics,15,velocity,0.8006930555524439,0.8948145369586057
blur9_truth,tropics,15,zos,0.003747433595679122,0.061216285379620365
blur9_truth,tropics,20,so,0.017541242901755398,0.132443357333448
blur9_truth,tropics,20,sst,0.002946209655180901,0.05427899828829656
blur9_truth,tropics,20,thetao,0.020931084604328083,0.14467579135545824
blur9_truth,tropics,20,velocity,0.8126005355044922,0.901443584205075
blur9_truth,tropics,20,zos,0.003987725734748274,0.06314844206113301
blur9_truth,tropics,25,so,0.017702501935592557,0.13305074947399792
blur9_truth,tropics,25,sst,0.003699623471633908,0.06082453018013299
blur9_truth,tropics,25,thetao,0.021142138903814202,0.1454033662052368
blur9_truth,tropics,25,velocity,0.8211167605473981,0.9061549318672818
blur9_truth,tropics,25,zos,0.004186144618392694,0.06470042208821125
blur9_truth,tropics,30,so,0.017891572914922986,0.1337593843994618
blur9_truth,tropics,30,sst,0.004592933661464293,0.06777118607095713
blur9_truth,tropics,30,thetao,0.021382976243534735,0.14622919080516972
blur9_truth,tropics,30,velocity,0.8314050805102885,0.9118141699437932
blur9_truth,tropics,30,zos,0.00448436933014575,0.06696543384572186
climatology,extratropics,0,so,0.006062274661447591,0.07786061046156516
climatology,extratropics,0,sst,0.005358591701628383,0.0732024022941077
climatology,extratropics,0,thetao,0.008439573906043205,0.09186715357538408
climatology,extratropics,0,velocity,0.6052613654141727,0.7779854532150153
climatology,extratropics,0,zos,0.008160030426965472,0.09033288674101737
climatology,extratropics,5,so,0.006094934030684481,0.07807005847752697
climatology,extratropics,5,sst,0.005660413303459486,0.07523571826904749
climatology,extratropics,5,thetao,0.008479307992692139,0.09208315802953404
climatology,extratropics,5,velocity,0.6061052529419565,0.7785276186121829
climatology,extratropics,5,zos,0.008194461620102279,0.09052326562879998
climatology,extratropics,10,so,0.006166854573550209,0.07852932301726667
climatology,extratropics,10,sst,0.006520161054783799,0.08074751423284682
climatology,extratropics,10,thetao,0.008602468918551098,0.0927494955164237
climatology,extratropics,10,velocity,0.6063517711300092,0.7786859258584357
climatology,extratropics,10,zos,0.008232414421409017,0.09073265355652846
climatology,extratropics,15,so,0.006295238101269019,0.07934253651900107
climatology,extratropics,15,sst,0.007955561556636938,0.08919395470903248
climatology,extratropics,15,thetao,0.008802137657473135,0.09381970825723737
climatology,extratropics,15,velocity,0.6059990352547466,0.7784593985910547
climatology,extratropics,15,zos,0.008366760416802985,0.09146999735871313
climatology,extratropics,20,so,0.006459942796575237,0.08037376933163727
climatology,extratropics,20,sst,0.009866341696863928,0.0993294603673247
climatology,extratropics,20,thetao,0.009068725242459203,0.09522985478545687
climatology,extratropics,20,velocity,0.6063036488518634,0.7786550255741392
climatology,extratropics,20,zos,0.00846143355687153,0.09198605088203064
climatology,extratropics,25,so,0.006664857216453991,0.08163857676646495
climatology,extratropics,25,sst,0.012366252469199876,0.1112036531288423
climatology,extratropics,25,thetao,0.009415728075578176,0.09703467460438138
climatology,extratropics,25,velocity,0.6067953912391744,0.7789707255341335
climatology,extratropics,25,zos,0.008639019514161177,0.09294632598527591
climatology,extratropics,30,so,0.006896132403119515,0.08304295516851212
climatology,extratropics,30,sst,0.01547916208375052,0.1244152807485902
climatology,extratropics,30,thetao,0.009840574539757747,0.09919967005871413
climatology,extratropics,30,velocity,0.6078839768942274,0.7796691457882807
climatology,extratropics,30,zos,0.008839540719760133,0.09401883172939415
climatology,global,0,so,0.0058488253638524605,0.0764776134816749
climatology,global,0,sst,0.004692449471960266,0.06850145598423632
climatology,global,0,thetao,0.00712261442068905,0.08439558294537132
climatology,global,0,velocity,0.5455007161123204,0.7385802028976409
climatology,global,0,zos,0.006809747335736145,0.08252119325201342
climatology,global,5,so,0.005880205494800091,0.07668249796922431
climatology,global,5,sst,0.004912050043449055,0.07008601888714364
climatology,global,5,thetao,0.007157469110554987,0.08460182687480801
climatology,global,5,velocity,0.5466161042943019,0.7393349067197503
climatology,global,5,zos,0.0068278760799780165,0.08263096320374111
climatology,global,10,so,0.005958400636449395,0.07719067713428478
climatology,global,10,sst,0.0055211693815171515,0.07430457174035224
climatology,global,10,thetao,0.007262270292162629,0.08521895500510804
climatology,global,10,velocity,0.5503870438208041,0.7418807477086894
climatology,global,10,zos,0.006876125484893074,0.08292240641040921
climatology,global,15,so,0.0060897209708925485,0.07803666427322832
climatology,global,15,sst,0.006563092304412409,0.08101291442981427
climatology,global,15,thetao,0.007436085896363681,0.08623274260026571
climatology,global,15,velocity,0.5554667533410477,0.7452964197827919
climatology,global,15,zos,0.007024876820393838,0.08381453824005618
climatology,global,20,so,0.006257591558982217,0.07910494016799594
climatology,global,20,sst,0.007960967237430791,0.08922425251819592
climatology,global,20,thetao,0.0076655736401458185,0.08755326173333475
climatology,global,20,velocity,0.5612463012044573,0.7491637345763991
climatology,global,20,zos,0.007133686218899863,0.08446115212865535
climatology,global,25,so,0.006463945958178326,0.08039866888312472
climatology,global,25,sst,0.009776565462651822,0.09887651623440129
climatology,global,25,thetao,0.007957539439497112,0.08920504155874326
climatology,global,25,velocity,0.5685241842827602,0.7540054272236774
climatology,global,25,zos,0.007324557925452137,0.08558363117706642
climatology,global,30,so,0.006706132612994178,0.0818909800466094
climatology,global,30,sst,0.012044687851830665,0.10974829316135475
climatology,global,30,thetao,0.008313678959752964,0.09117937793028073
climatology,global,30,velocity,0.5776214661083596,0.7600141223085001
climatology,global,30,zos,0.007547672814454348,0.08687734350481918
climatology,tropics,0,so,0.005562620857674422,0.0745829796781707
climatology,tropics,0,sst,0.0035379888146475505,0.0594809954073362
climatology,tropics,0,thetao,0.005018571690612032,0.07084187808501433
climatology,tropics,0,velocity,0.4527995760677851,0.6729038386484246
climatology,tropics,0,zos,0.004469632891928629,0.0668553131166748
climatology,tropics,5,so,0.00559176196079643,0.07477808476282627
climatology,tropics,5,sst,0.0036150958316136755,0.06012566699516668
climatology,tropics,5,thetao,0.005045052813136703,0.07102853520337234
climatology,tropics,5,velocity,0.45435751124162865,0.6740604655679108
climatology,tropics,5,zos,0.004459508571237505,0.066779552044301
climatology,tropics,10,so,0.005680756360481819,0.07537079248941077
climatology,tropics,10,sst,0.0037898622051050213,0.061561856738609026
climatology,tropics,10,thetao,0.005117979349444835,0.07154005416160121
climatology,tropics,10,velocity,0.4640833559400981,0.6812366372561726
climatology,tropics,10,zos,0.0045256025611770554,0.06727259888823275
climatology,tropics,15,so,0.005817021544046627,0.07626940109930473
climatology,tropics,15,sst,0.004149866810143697,0.06441945987156131
climatology,tropics,15,thetao,0.005246629037228039,0.07243361814260033
climatology,tropics,15,velocity,0.47831723400763476,0.6916048250320661
climatology,tropics,15,zos,0.004699319291793966,0.0685515812494064
climatology,tropics,20,so,0.005990181466844034,0.07739626261547798
climatology,tropics,20,sst,0.00465884880571988,0.06825576023838487
climatology,tropics,20,thetao,0.0054112970795855315,0.07356151901358163
climatology,tropics,20,velocity,0.4932686144536572,0.7023308440141706
climatology,tropics,20,zos,0.004832627536315008,0.0695171024735281
climatology,tropics,25,so,0.006198823234306967,0.07873260591589083
climatology,tropics,25,sst,0.005288495695114915,0.07272204407959745
climatology,tropics,25,thetao,0.0056073955876198775,0.07488254528005761
climatology,tropics,25,velocity,0.5119891826267384,0.7155341938906473
climatology,tropics,25,zos,0.005046524013383175,0.07103889085130183
climatology,tropics,30,so,0.006459588579312689,0.08037156573884005
climatology,tropics,30,sst,0.006092555021321482,0.07805482061552305
climatology,tropics,30,thetao,0.0058439693091898995,0.0764458586791325
climatology,tropics,30,velocity,0.5345585285381457,0.7311350959556966
climatology,tropics,30,zos,0.005308795273492085,0.07286148003912687
original,extratropics,0,so,0.005583435289152235,0.07472238813871138
original,extratropics,0,sst,0.0,0.0
original,extratropics,0,thetao,0.005580396340201132,0.07470205044174578
original,extratropics,0,velocity,0.1698454191986469,0.41212306317245445
original,extratropics,0,zos,0.0,0.0
original,extratropics,5,so,0.005682263540669409,0.07538079026296693
original,extratropics,5,sst,0.0008073392423513657,0.028413715743481453
original,extratropics,5,thetao,0.005835140629344301,0.07638809219599807
original,extratropics,5,velocity,0.25938996889889393,0.5093034153615053
original,extratropics,5,zos,0.0019571017568008587,0.044239142812681834
original,extratropics,10,so,0.005842234864325897,0.07643451356766717
original,extratropics,10,sst,0.0023422749110995596,0.04839705477712006
original,extratropics,10,thetao,0.006259118757648584,0.07911459257083098
original,extratropics,10,velocity,0.3803973237724934,0.6167635882349845
original,extratropics,10,zos,0.0032660167668992625,0.05714907494351298
original,extratropics,15,so,0.006047368967328281,0.07776483117276267
original,extratropics,15,sst,0.0043820915120474585,0.06619736786343894
original,extratropics,15,thetao,0.0067765580919569674,0.08231985235626317
original,extratropics,15,velocity,0.48807202392059207,0.6986215169321598
original,extratropics,15,zos,0.004260685682917593,0.06527392804878218
original,extratropics,20,so,0.006275628813221042,0.07921886652320292
original,extratropics,20,sst,0.006858784112740592,0.08281777655033122
original,extratropics,20,thetao,0.007355249611379615,0.08576275188786572
original,extratropics,20,velocity,0.5804661376513679,0.7618832834833482
original,extratropics,20,zos,0.00518992470549132,0.07204113203921299
original,extratropics,25,so,0.006524349563999634,0.08077344590891015
original,extratropics,25,sst,0.009848433455000723,0.0992392737528884
original,extratropics,25,thetao,0.007986659190892354,0.08936811059260655
original,extratropics,25,velocity,0.6604560699704034,0.812684483653037
original,extratropics,25,zos,0.0059416582055314094,0.07708215231512032
original,extratropics,30,so,0.006792718431467198,0.0824179496922072
original,extratropics,30,sst,0.013398058270339361,0.11574998172932625
original,extratropics,30,thetao,0.008665082162490649,0.09308642308355526
original,extratropics,30,velocity,0.7292374422865812,0.8539540047839703
original,extratropics,30,zos,0.006787142434129156,0.08238411518083541
original,global,0,so,0.0055241727702859305,0.07432477897905873
original,global,0,sst,0.0,0.0
original,global,0,thetao,0.0050254222751002975,0.07089021283012414
original,global,0,velocity,0.1939290402212528,0.44037375060424844
original,global,0,zos,0.0,0.0
original,global,5,so,0.005615372789320811,0.07493579111026194
original,global,5,sst,0.0006431060163491869,0.025359535018394698
original,global,5,thetao,0.005253650947326513,0.07248207328247801
original,global,5,velocity,0.2965508656856514,0.5445648406623874
original,global,5,zos,0.0014111399015580607,0.03756514210751852
original,global,10,so,0.005768643480688154,0.0759515864264082
original,global,10,sst,0.0018451112302518302,0.04295475794660971
original,global,10,thetao,0.005613973241089767,0.0749264522120844
original,global,10,velocity,0.43253339392938617,0.6576727103426036
original,global,10,zos,0.0024554079193903596,0.049552072806194086
original,global,15,so,0.005958365705478165,0.07719045086976863
original,global,15,sst,0.00338926241436799,0.05821737210118635
original,global,15,thetao,0.006042414875183619,0.0777329716091159
original,global,15,velocity,0.5378049075017262,0.7333518306391047
original,global,15,zos,0.003300508627705608,0.057450053330746424
original,global,20,so,0.0061703218394223505,0.07855139616469176
original,global,20,sst,0.005234123540411869,0.07234724279757916
original,global,20,thetao,0.006510451621444915,0.08068736965253555
original,global,20,velocity,0.6081578893065136,0.7798447853941921
original,global,20,zos,0.0040787027048115885,0.06386472191133058
original,global,25,so,0.006402936233198869,0.08001834935312568
original,global,25,sst,0.00743844932547267,0.08624644529180707
original,global,25,thetao,0.007010913251347239,0.08373119640460919
original,global,25,velocity,0.6611227089423312,0.8130945264496197
original,global,25,zos,0.00471159857415561,0.06864108517612182
original,global,30,so,0.006666539002092013,0.08164887630636451
original,global,30,sst,0.010055743804615361,0.10027833168045508
original,global,30,thetao,0.007555003582518686,0.08691952359808863
original,global,30,velocity,0.7159648192239403,0.8461470435000883
original,global,30,zos,0.005412730204900958,0.07357125936737088
original,tropics,0,so,0.005458325963000164,0.07388048431757986
original,tropics,0,sst,0.0,0.0
original,tropics,0,thetao,0.004137579607065168,0.06432402045165685
original,tropics,0,velocity,0.2355026842858929,0.48528618802299833
original,tropics,0,zos,0.0,0.0
original,tropics,5,so,0.005537032862303997,0.07441124150492315
original,tropics,5,sst,0.00035848081769826164,0.01893358966752638
original,tropics,5,thetao,0.004323052982831017,0.06574992762605156
original,tropics,5,velocity,0.36224223954968476,0.6018656324709734
original,tropics,5,zos,0.0004649578865306535,0.021562882148049075
original,tropics,10,so,0.005679770494329187,0.07536425209825402
original,tropics,10,sst,0.0009834992474725343,0.031360791563232814
original,tropics,10,thetao,0.004578362929155973,0.06766360121332572
original,tropics,10,velocity,0.525944962776734,0.7252206304130723
original,tropics,10,zos,0.001050578159835105,0.03241262346424777
original,tropics,15,so,0.005843938983463599,0.07644566033113717
original,tropics,15,sst,0.0016686349814390325,0.040848928767337735
original,tropics,15,thetao,0.004858556749820702,0.06970334819663043
original,tropics,15,velocity,0.6286812333795125,0.7928942132337155
original,tropics,15,zos,0.001636468895917914,0.04045329276978469
original,tropics,20,so,0.006028792007510827,0.07764529610678825
original,tropics,20,sst,0.002418497383284018,0.04917822061933533
original,tropics,20,thetao,0.00514098480955288,0.07170066115143486
original,tropics,20,velocity,0.6630002341764458,0.8142482632320721
original,tropics,20,zos,0.002152893962714817,0.04639928838586662
original,tropics,25,so,0.006234588154453186,0.07895940827066263
original,tropics,25,sst,0.003261814392501002,0.05711229633363556
original,tropics,25,thetao,0.005420572156563151,0.07362453501763627
original,tropics,25,velocity,0.6716414606084791,0.8195373454629624
original,tropics,25,zos,0.0025798376318010336,0.050792102061255874
original,tropics,30,so,0.0064907915518132905,0.08056544887117113
original,tropics,30,sst,0.004263328786967553,0.0652941711561419
original,tropics,30,thetao,0.0057371565431233625,0.07574401985056882
original,tropics,30,velocity,0.7040022547925678,0.8390484221977703
original,tropics,30,zos,0.0030307984461706403,0.05505268791049753
truth,extratropics,0,so,0.0,0.0
truth,extratropics,0,sst,0.0,0.0
truth,extratropics,0,thetao,0.0,0.0
truth,extratropics,0,velocity,0.0,0.0
truth,extratropics,0,zos,0.0,0.0
truth,extratropics,5,so,0.00021507349863930357,0.01466538436725419
truth,extratropics,5,sst,0.0008073392423513657,0.028413715743481453
truth,extratropics,5,thetao,0.00026479084149497764,0.016272395075555952
truth,extratropics,5,velocity,0.13786202842485532,0.3712977624829637
truth,extratropics,5,zos,0.0019571017568008587,0.044239142812681834
truth,extratropics,10,so,0.0005731591550500728,0.023940742575159876
truth,extratropics,10,sst,0.0023422749110995596,0.04839705477712006
truth,extratropics,10,thetao,0.0008113384913699198,0.02848400413161604
truth,extratropics,10,velocity,0.3156223335916821,0.5618027532788373
truth,extratropics,10,zos,0.0032660167668992625,0.05714907494351298
truth,extratropics,15,so,0.0009711166603563444,0.03116274475004319
truth,extratropics,15,sst,0.0043820915120474585,0.06619736786343894
truth,extratropics,15,thetao,0.0014712980778361093,0.03835750354019549
truth,extratropics,15,velocity,0.45906139024350634,0.6775406926845843
truth,extratropics,15,zos,0.004260685682917593,0.06527392804878218
truth,extratropics,20,so,0.001385554945595646,0.03722304320707331
truth,extratropics,20,sst,0.006858784112740592,0.08281777655033122
truth,extratropics,20,thetao,0.002193970090327154,0.04683983443957882
truth,extratropics,20,velocity,0.5749650703607437,0.7582645121332949
truth,extratropics,20,zos,0.00518992470549132,0.07204113203921299
truth,extratropics,25,so,0.0018162883295611812,0.042617934365254975
truth,extratropics,25,sst,0.009848433455000723,0.0992392737528884
truth,extratropics,25,thetao,0.002968578738945127,0.0544846651723687
truth,extratropics,25,velocity,0.6724368713118813,0.820022482199044
truth,extratropics,25,zos,0.0059416582055314094,0.07708215231512032
truth,extratropics,30,so,0.0022625264336332395,0.04756602183947318
truth,extratropics,30,sst,0.013398058270339361,0.11574998172932625
truth,extratropics,30,thetao,0.003786226625019266,0.06153232179122828
truth,extratropics,30,velocity,0.7558624206000918,0.8694034855003123
truth,extratropics,30,zos,0.006787142434129156,0.08238411518083541
truth,global,0,so,0.0,0.0
truth,global,0,sst,0.0,0.0
truth,global,0,thetao,0.0,0.0
truth,global,0,velocity,0.0,0.0
truth,global,0,zos,0.0,0.0
truth,global,5,so,0.00026079973105410954,0.016149295063689607
truth,global,5,sst,0.0006431060163491869,0.025359535018394698
truth,global,5,thetao,0.00026271944906731335,0.01620862267644334
truth,global,5,velocity,0.16972243368570183,0.41197382645709646
truth,global,5,zos,0.0014111399015580607,0.03756514210751852
truth,global,10,so,0.0006850335994933387,0.026173146534059267
truth,global,10,sst,0.0018451112302518302,0.04295475794660971
truth,global,10,thetao,0.0007641235062714184,0.027642783981925885
truth,global,10,velocity,0.37136626903884656,0.6093982844075347
truth,global,10,zos,0.0024554079193903596,0.049552072806194086
truth,global,15,so,0.0011351375934459125,0.033691803060179375
truth,global,15,sst,0.00338926241436799,0.05821737210118635
truth,global,15,thetao,0.0013529863115311223,0.03678296224519067
truth,global,15,velocity,0.5238622025106893,0.7237832565835502
truth,global,15,zos,0.003300508627705608,0.057450053330746424
truth,global,20,so,0.0015890675071507233,0.039863109602121145
truth,global,20,sst,0.005234123540411869,0.07234724279757916
truth,global,20,thetao,0.001976810163977099,0.0444613333580663
truth,global,20,velocity,0.6239492953108828,0.7899046115265329
truth,global,20,zos,0.0040787027048115885,0.06386472191133058
truth,global,25,so,0.0020461394671340695,0.04523427314696313
truth,global,25,sst,0.00743844932547267,0.08624644529180707
truth,global,25,thetao,0.002622685182447668,0.05121215854118696
truth,global,25,velocity,0.6965241955988335,0.8345802511435515
truth,global,25,zos,0.00471159857415561,0.06864108517612182
truth,global,30,so,0.0025214673538412335,0.05021421465921013
truth,global,30,sst,0.010055743804615361,0.10027833168045508
truth,global,30,thetao,0.0033034785245782622,0.057475895161173976
truth,global,30,velocity,0.7664922855433982,0.8754954514692799
truth,global,30,zos,0.005412730204900958,0.07357125936737088
truth,tropics,0,so,0.0,0.0
truth,tropics,0,sst,0.0,0.0
truth,tropics,0,thetao,0.0,0.0
truth,tropics,0,velocity,0.0,0.0
truth,tropics,0,zos,0.0,0.0
truth,tropics,5,so,0.0003404126266003254,0.01845027443157216
truth,tropics,5,sst,0.00035848081769826164,0.01893358966752638
truth,tropics,5,thetao,0.00026161080372282604,0.016174387275035368
truth,tropics,5,velocity,0.2260795318972614,0.4754782139039195
truth,tropics,5,zos,0.0004649578865306535,0.021562882148049075
truth,tropics,10,so,0.0008800619941270973,0.02966583884077943
truth,tropics,10,sst,0.0009834992474725343,0.031360791563232814
truth,tropics,10,thetao,0.0006909988761730634,0.02628685747998538
truth,tropics,10,velocity,0.47093808495898565,0.6862492877657401
truth,tropics,10,zos,0.001050578159835105,0.03241262346424777
truth,tropics,15,so,0.0014212796397807047,0.037699862596310675
truth,tropics,15,sst,0.0016686349814390325,0.040848928767337735
truth,tropics,15,thetao,0.0011636219377066256,0.03411190316746671
truth,tropics,15,velocity,0.6400227418000047,0.8000142134987382
truth,tropics,15,zos,0.001636468895917914,0.04045329276978469
truth,tropics,20,so,0.0019443855646521836,0.04409518754526602
truth,tropics,20,sst,0.002418497383284018,0.04917822061933533
truth,tropics,20,thetao,0.0016233623675105406,0.040290971290235
truth,tropics,20,velocity,0.7143699405462358,0.8452040821873944
truth,tropics,20,zos,0.002152893962714817,0.04639928838586662
truth,tropics,25,so,0.002447909043313857,0.04947634832234345
truth,tropics,25,sst,0.003261814392501002,0.05711229633363556
truth,tropics,25,thetao,0.002053440156621914,0.04531489994054841
truth,tropics,25,velocity,0.7462364386990944,0.863849777854399
truth,tropics,25,zos,0.0025798376318010336,0.050792102061255874
truth,tropics,30,so,0.0029744322503092086,0.05453835577196299
truth,tropics,30,sst,0.004263328786967553,0.0652941711561419
truth,tropics,30,thetao,0.002503850283367905,0.0500384880204019
truth,tropics,30,velocity,0.794621639290368,0.8914155256054093
truth,tropics,30,zos,0.0030307984461706403,0.05505268791049753
E,extratropics,0,ts,0.005498733640683803,0.07415344658668134
E,extratropics,5,ts,0.005625109501760439,0.07500073000818351
E,extratropics,10,ts,0.00588112124931821,0.07668846881584095
E,extratropics,15,ts,0.00621322633885032,0.07882402133138298
E,extratropics,20,ts,0.006592611210807477,0.08119489645788999
E,extratropics,25,ts,0.0070144660192721945,0.08375240903563427
E,extratropics,30,ts,0.00747465691679465,0.08645609820478051
E,global,0,ts,0.005198034997316411,0.07209739937970308
E,global,5,ts,0.0053106912502694685,0.07287448970846704
E,global,10,ts,0.005531588444045334,0.07437464920283883
E,global,15,ts,0.005812426481098604,0.07623927125241035
E,global,20,ts,0.006130391432952976,0.07829681623765411
E,global,25,ts,0.006480041596980088,0.08049870556089761
E,global,30,ts,0.00687023515426537,0.08288688167777437
E,tropics,0,ts,0.004733355171588434,0.06879938351168878
E,tropics,5,ts,0.004823685459451529,0.06945275703275954
E,tropics,10,ts,0.004986731384532515,0.07061679251093549
E,tropics,15,ts,0.005182197669431211,0.07198748272742429
E,tropics,20,ts,0.005397330371826893,0.07346652551895246
E,tropics,25,ts,0.005625426869884725,0.07500284574524306
E,tropics,30,ts,0.005897464114691674,0.07679494849722653
blur3_truth,extratropics,0,ts,0.0039132521740240685,0.06255599231108135
blur3_truth,extratropics,5,ts,0.004018753738245768,0.0633936411499274
blur3_truth,extratropics,10,ts,0.004232072020026113,0.06505437740864263
blur3_truth,extratropics,15,ts,0.004521236725725771,0.06724014221970215
blur3_truth,extratropics,20,ts,0.0048600394228662455,0.06971398297950165
blur3_truth,extratropics,25,ts,0.005249975324377592,0.07245671345277532
blur3_truth,extratropics,30,ts,0.00568915720655184,0.07542650201720771
blur3_truth,global,0,ts,0.003623764963527699,0.0601977156005749
blur3_truth,global,5,ts,0.0037589807106523624,0.061310526915468296
blur3_truth,global,10,ts,0.0040091387351841815,0.06331776002974349
blur3_truth,global,15,ts,0.00431931340790852,0.06572148361006863
blur3_truth,global,20,ts,0.004662768197232588,0.0682844652701666
blur3_truth,global,25,ts,0.005037871626634312,0.07097796578258855
blur3_truth,global,30,ts,0.005456136949750024,0.07386566827525508
blur3_truth,tropics,0,ts,0.0031130827519714973,0.05579500651466489
blur3_truth,tropics,5,ts,0.0032993929700487206,0.05744034270483351
blur3_truth,tropics,10,ts,0.0036131921196082997,0.06010983380120344
blur3_truth,tropics,15,ts,0.003959831928361784,0.0629271954592113
blur3_truth,tropics,20,ts,0.004311714543816548,0.06566364704931145
blur3_truth,tropics,25,ts,0.004661841857668294,0.06827768198810132
blur3_truth,tropics,30,ts,0.005044637994866194,0.0710256150615128
blur9_truth,extratropics,0,ts,0.020112202910601715,0.14181749860507947
blur9_truth,extratropics,5,ts,0.020164610013774845,0.142002147919582
blur9_truth,extratropics,10,ts,0.02027561854641427,0.14239248065264637
blur9_truth,extratropics,15,ts,0.020441731566945776,0.14297458363970073
blur9_truth,extratropics,20,ts,0.020639335677554736,0.14366396791664476
blur9_truth,extratropics,25,ts,0.020881793204136082,0.14450533970804014
blur9_truth,extratropics,30,ts,0.02117045964404112,0.1455007204244746
blur9_truth,global,0,ts,0.019672425751087845,0.14025842488452467
blur9_truth,global,5,ts,0.01972705135656805,0.14045302188478556
blur9_truth,global,10,ts,0.019840369178983887,0.1408558453845061
blur9_truth,global,15,ts,0.020002021254008483,0.14142850226884424
blur9_truth,global,20,ts,0.020190108413361222,0.14209190129406116
blur9_truth,global,25,ts,0.020412091532691412,0.14287089113143872
blur9_truth,global,30,ts,0.020673895862043434,0.14378419893035338
blur9_truth,tropics,0,ts,0.0187364613391158,0.1368811942493044
blur9_truth,tropics,5,ts,0.018794700580266645,0.1370937656506183
blur9_truth,tropics,10,ts,0.018911646481375263,0.13751962216853006
blur9_truth,tropics,15,ts,0.019065056200276827,0.13807626950449098
blur9_truth,tropics,20,ts,0.01923616375304174,0.13869449791913788
blur9_truth,tropics,25,ts,0.01942232041970338,0.13936398537535938
blur9_truth,tropics,30,ts,0.019637274579228862,0.14013306026498124
climatology,extratropics,0,ts,0.007250924283745398,0.08515235923769462
climatology,extratropics,5,ts,0.00728712101168831,0.08536463560332411
climatology,extratropics,10,ts,0.007384661746050654,0.08593405463522977
climatology,extratropics,15,ts,0.007548687879371077,0.08688318525106614
climatology,extratropics,20,ts,0.007764334019517221,0.08811545845943958
climatology,extratropics,25,ts,0.008040292646016084,0.08966767893737455
climatology,extratropics,30,ts,0.008368353471438631,0.0914787050161874
climatology,global,0,ts,0.006485719892270755,0.0805339673198257
climatology,global,5,ts,0.006518837302677539,0.08073931695696675
climatology,global,10,ts,0.006610335464306012,0.08130396954826997
climatology,global,15,ts,0.006762903433628115,0.08223687392908437
climatology,global,20,ts,0.006961582599564017,0.08343609889948125
climatology,global,25,ts,0.0072107426988377195,0.08491609210766661
climatology,global,30,ts,0.007509905786373571,0.08665971259110875
climatology,tropics,0,ts,0.005290596274143227,0.07273648516489663
climatology,tropics,5,ts,0.005318407386966567,0.07292741176654062
climatology,tropics,10,ts,0.005399367854963327,0.07348039095543332
climatology,tropics,15,ts,0.0055318252906373325,0.07437624143930192
climatology,tropics,20,ts,0.005700739273214782,0.07550324015043845
climatology,tropics,25,ts,0.005903109410963422,0.07683169535395808
climatology,tropics,30,ts,0.006151778944251294,0.0784332770209896
original,extratropics,0,ts,0.0055819158146766835,0.0747122199822538
original,extratropics,5,ts,0.005758702085006855,0.075886112596488
original,extratropics,10,ts,0.0060506768109872405,0.07778609651465511
original,extratropics,15,ts,0.006411963529642625,0.08007473715000646
original,extratropics,20,ts,0.006815439212300328,0.08255567341073736
original,extratropics,25,ts,0.007255504377445994,0.08517924851421263
original,extratropics,30,ts,0.007728900296978923,0.0879141643705889
original,global,0,ts,0.005274797522693114,0.07262780130702784
original,global,5,ts,0.0054345118683236625,0.07371914180403664
original,global,10,ts,0.00569130836088896,0.07544076060651139
original,global,15,ts,0.006000390290330892,0.07746218619643323
original,global,20,ts,0.006340386730433633,0.07962654538804025
original,global,25,ts,0.006706924742273053,0.08189581639054008
original,global,30,ts,0.00711077129230535,0.08432538936942628
original,tropics,0,ts,0.004797952785032666,0.06926725622567034
original,tropics,5,ts,0.0049300429225675076,0.0702142643810181
original,tropics,10,ts,0.00512906671174258,0.0716175028309601
original,tropics,15,ts,0.00535124786664215,0.0731522239350394
original,tropics,20,ts,0.005584888408531854,0.07473211095996053
original,tropics,25,ts,0.005827580155508168,0.07633858890173545
original,tropics,30,ts,0.0061139740474683265,0.07819190525539281
truth,extratropics,0,ts,0.0,0.0
truth,extratropics,5,ts,0.0002399321700671406,0.015489744028457687
truth,extratropics,10,ts,0.0006922488232099963,0.026310621870453695
truth,extratropics,15,ts,0.0012212073690962269,0.034945777557470754
truth,extratropics,20,ts,0.0017897625179614002,0.04230558494999685
truth,extratropics,25,ts,0.002392433534253154,0.048912508975242255
truth,extratropics,30,ts,0.0030243765293262526,0.05499433179270617
truth,global,0,ts,0.0,0.0
truth,global,5,ts,0.0002617595900607114,0.01617898606404961
truth,global,10,ts,0.0007245785528823786,0.026917996821501755
truth,global,15,ts,0.0012440619524885174,0.03527126241699491
truth,global,20,ts,0.0017829388355639112,0.04222486039721045
truth,global,25,ts,0.002334412324790869,0.04831575648575596
truth,global,30,ts,0.002912472939209748,0.05396733214834459
truth,tropics,0,ts,0.0,0.0
truth,tropics,5,ts,0.0003010117151615757,0.017349689194956077
truth,tropics,10,ts,0.0007855304351500804,0.028027315874876075
truth,tropics,15,ts,0.001292450788743665,0.0359506716035134
truth,tropics,20,ts,0.001783873966081362,0.04223593216778058
truth,tropics,25,ts,0.0022506745999678855,0.04744127527763019
truth,tropics,30,ts,0.002739141266838557,0.05233680604353457
