model,region,box_width_cells,variable,prediction_anomaly_energy,target_anomaly_energy,cross_anomaly_moment,anomaly_mse,anomaly_rms_ratio,anomaly_correlation
E,extratropics,0,so,0.0037330910828358103,0.0060622746614476,0.0020725005877490843,0.005650364560635027,0.7847231930818365,0.4356548615596622
E,extratropics,0,sst,0.0053585917016284,0.0053585917016284,0.0053585917016284,0.0,1.0,1.0
E,extratropics,0,thetao,0.00538024510696995,0.008439573906043206,0.004236358177815972,0.005347102720292467,0.7984372133948466,0.6286825137494143
E,extratropics,0,velocity,0.5146552847697341,0.6052613654141729,0.46039525684066307,0.19912613680361432,0.9221185140038729,0.8248997001600594
E,extratropics,0,zos,0.0081600304269655,0.0081600304269655,0.0081600304269655,0.0,1.0,1.0
E,extratropics,3,so,0.0008355043506271473,0.0009373131444178054,0.00028493281491483044,0.0012029518641928632,0.9441304488323472,0.321977672804068
E,extratropics,3,sst,0.0003471269379275,0.0003471269379275,0.0003471269379275,0.0,1.0,1.0
E,extratropics,3,thetao,0.0012880584571821501,0.0014739693815193037,0.000847566623296978,0.0010668945949579333,0.9348104437008072,0.6151228050034054
E,extratropics,3,velocity,0.31560711104943673,0.40509180172461895,0.28362555693337915,0.1534477988929388,0.8826665384158038,0.7932229020829189
E,extratropics,3,zos,0.00188648299728,0.00188648299728,0.00188648299728,0.0,1.0,1.0
E,extratropics,9,so,0.0019091449432147051,0.0025095795711831473,0.0007988242624483942,0.0028210759904903054,0.8722057904098094,0.3649482715828447
E,extratropics,9,sst,0.001001836462158,0.001001836462158,0.001001836462158,0.0,1.0,1.0
E,extratropics,9,thetao,0.002857646862422211,0.0035871181333156665,0.0019681367529271413,0.0025084914845245614,0.8925477097292301,0.6147211449948226
E,extratropics,9,velocity,0.49985412670648965,0.5864680843791197,0.44999948154059516,0.18632324865896893,0.9232077670058968,0.8311285119205366
E,extratropics,9,zos,0.0045925453399317,0.0045925453399317,0.0045925453399317,0.0,1.0,1.0
E,global,0,so,0.0036022403851610997,0.005848825363852453,0.0019275299029429,0.005596005954670216,0.7847873938551311,0.4199334323549707
E,global,0,sst,0.0046924494719603,0.0046924494719603,0.0046924494719603,0.0,1.0,1.0
E,global,0,thetao,0.0049450698123897335,0.007122614420689051,0.003633810090195411,0.004800064041712739,0.8332330661970357,0.6122887721109932
E,global,0,velocity,0.44578613079034674,0.5455007161123204,0.38230427396362415,0.22667829879519472,0.9039941370269424,0.7752614950373912
E,global,0,zos,0.0068097473357361,0.0068097473357361,0.0068097473357361,0.0,1.0,1.0
E,global,3,so,0.0007311826563961632,0.0008034343685033046,0.00020107733781863442,0.0011324623468146895,0.9539766347875854,0.2623463239810976
E,global,3,sst,0.000248875714882,0.000248875714882,0.000248875714882,0.0,1.0,1.0
E,global,3,thetao,0.0010353042938615112,0.001031713265675866,0.0005471062972262855,0.0009728049687900554,1.0017388110423984,0.5293686261583107
E,global,3,velocity,0.22407924546872532,0.29718395700041506,0.19500794431025328,0.1312473144071302,0.8683366589381267,0.7556815289811893
E,global,3,zos,0.001248119915177,0.001248119915177,0.001248119915177,0.0,1.0,1.0
E,global,9,so,0.0017559788287645265,0.0023167754722177142,0.0006279836866523134,0.002816786924027979,0.870597998547435,0.3113484808382379
E,global,9,sst,0.0007781343084214,0.0007781343084214,0.0007781343084214,0.0,1.0,1.0
E,global,9,thetao,0.002368010591514839,0.002720648763092356,0.001382455696094682,0.0023237479604916334,0.9329440115751775,0.5446570921435192
E,global,9,velocity,0.41088209540079657,0.5032851217965191,0.35422697305829837,0.20571327136788894,0.9035486939506935,0.7789614647402143
E,global,9,zos,0.0032416057603603,0.0032416057603603,0.0032416057603603,0.0,1.0,1.0
E,tropics,0,so,0.003398697924971484,0.00556262085767442,0.0017108262681416134,0.0055396662562887476,0.7816575970762524,0.3934684338802266
E,tropics,0,sst,0.0035379888146476,0.0035379888146476,0.0035379888146476,0.0,1.0,1.0
E,tropics,0,thetao,0.004255961885142133,0.005018571690612044,0.002673744746039801,0.0039270440807438,0.9208922089949749,0.5785368318417333
E,tropics,0,velocity,0.3366895334449523,0.45279957606778504,0.2576038148011547,0.2742814794578874,0.8623067826152667,0.6597577134571689
E,tropics,0,zos,0.0044696328919286,0.0044696328919286,0.0044696328919286,0.0,1.0,1.0
E,tropics,3,so,0.0005558956373566685,0.0005817810999804177,6.069890852987062e-05,0.0010162789217868105,0.9775001408440488,0.10673440777330613
E,tropics,3,sst,7.860092261001807e-05,7.860092261001807e-05,7.860092261001807e-05,0.0,1.0,1.0
E,tropics,3,thetao,0.0006169156235419222,0.000303547318987435,5.0293726321133196e-05,0.0008198754902143667,1.4256065556177928,0.11622183522959903
E,tropics,3,velocity,0.07353017287173368,0.12056992629098325,0.0489518547195823,0.09619638990315742,0.7809321378503793,0.5198964597103531
E,tropics,3,zos,0.000141801409652,0.000141801409652,0.000141801409652,0.0,1.0,1.0
E,tropics,9,so,0.0015003519578465577,0.002007177723696619,0.00034316583516046735,0.002821198022340816,0.8645769651305067,0.19774911796386357
E,tropics,9,sst,0.0003904461821851,0.0003904461821851,0.0003904461821851,0.0,1.0,1.0
E,tropics,9,thetao,0.0015634119753802666,0.0013055355775087021,0.00041866672612028287,0.002031614098915522,1.094315023156045,0.29304706328448515
E,tropics,9,velocity,0.26728152709476877,0.3705146598200384,0.19911278949038938,0.2395706072564552,0.8493403835911972,0.6327206180011029
E,tropics,9,zos,0.0009003529893093,0.0009003529893093,0.0009003529893093,0.0,1.0,1.0
original,extratropics,0,so,0.0039079143451405006,0.0060622746614476,0.002193376855956058,0.005583435286181505,0.8028875316103764,0.4506329397827612
original,extratropics,0,sst,0.0053585917016284,0.0053585917016284,0.0053585917016284,0.0,1.0,1.0
original,extratropics,0,thetao,0.005713464869797717,0.008439573906043206,0.0042863212355402,0.0055803963411810605,0.822790976851981,0.6172692957533447
original,extratropics,0,velocity,0.494832108259708,0.6052613654141729,0.46512402782235485,0.16984541939966602,0.9041853359639067,0.8499010438924778
original,extratropics,0,zos,0.0081600304269655,0.0081600304269655,0.0081600304269655,0.0,1.0,1.0
original,extratropics,3,so,0.0009248765209581107,0.0009373131444178054,0.00029150017523343365,0.0012791893159997264,0.9933436584358976,0.31307946946379334
original,extratropics,3,sst,0.0003471269379275,0.0003471269379275,0.0003471269379275,0.0,1.0,1.0
original,extratropics,3,thetao,0.0013933348858368667,0.0014739693815193037,0.0008592860385078661,0.0011487321972778665,0.9722624754189206,0.5996057224898849
original,extratropics,3,velocity,0.30698971168902056,0.40509180172461895,0.2882074455154791,0.13566662291345094,0.8705328889009412,0.8172718843473992
original,extratropics,3,zos,0.00188648299728,0.00188648299728,0.00188648299728,0.0,1.0,1.0
original,extratropics,9,so,0.0020214229178686684,0.0025095795711831473,0.0008057969192789064,0.002919408650378058,0.8974868776866181,0.3577639071667571
original,extratropics,9,sst,0.001001836462158,0.001001836462158,0.001001836462158,0.0,1.0,1.0
original,extratropics,9,thetao,0.0030712920187684,0.0035871181333156665,0.0020092200613339487,0.0026399700286321775,0.925310980504718,0.6053326657450806
original,extratropics,9,velocity,0.48138027078116086,0.5864680843791197,0.45438034839607316,0.15908765978517048,0.9059869708420072,0.8551714734496029
original,extratropics,9,zos,0.0045925453399317,0.0045925453399317,0.0045925453399317,0.0,1.0,1.0
original,global,0,so,0.0036994964274260946,0.005848825363852453,0.002012074514016282,0.0055241727729472,0.7953109812408801,0.4325521020128149
original,global,0,sst,0.0046924494719603,0.0046924494719603,0.0046924494719603,0.0,1.0,1.0
original,global,0,thetao,0.005254452003507839,0.007122614420689051,0.0036758220721637832,0.005025422276080222,0.8589027581043152,0.6008568950624125
original,global,0,velocity,0.4214636249579628,0.5455007161123204,0.38651765117313813,0.19392904014797488,0.878986867505965,0.8061050095944255
original,global,0,zos,0.0068097473357361,0.0068097473357361,0.0068097473357361,0.0,1.0,1.0
original,global,3,so,0.0007904534534919369,0.0008034343685033046,0.00020597388716526153,0.0011819400462935474,0.9918887118374304,0.2584632563877887
original,global,3,sst,0.000248875714882,0.000248875714882,0.000248875714882,0.0,1.0,1.0
original,global,3,thetao,0.0011176799989932778,0.001031713265675866,0.0005538732535163089,0.001041646751993361,1.0408286358778198,0.5157890840185438
original,global,3,velocity,0.21519387840178972,0.29718395700041506,0.19799898433806506,0.11637986670131853,0.8509465383314283,0.7829523384537592
original,global,3,zos,0.001248119915177,0.001248119915177,0.001248119915177,0.0,1.0,1.0
original,global,9,so,0.001827692868054784,0.0023167754722177142,0.0006324559296881201,0.002879556479715479,0.8881976816438791,0.3073524552781012
original,global,9,sst,0.0007781343084214,0.0007781343084214,0.0007781343084214,0.0,1.0,1.0
original,global,9,thetao,0.002548253226769911,0.002720648763092356,0.001410205027772069,0.002448491935197972,0.9677987403462572,0.5355804655402084
original,global,9,velocity,0.38955710977236685,0.5032851217965191,0.3583396537757218,0.17616292489182592,0.8797889875890204,0.8092864263023277
original,global,9,zos,0.0032416057603603,0.0032416057603603,0.0032416057603603,0.0,1.0,1.0
original,tropics,0,so,0.003369125621064016,0.00556262085767442,0.001736710265674249,0.005458325962907337,0.7782495392434587,0.40117054573747746
original,tropics,0,sst,0.0035379888146476,0.0035379888146476,0.0035379888146476,0.0,1.0,1.0
original,tropics,0,thetao,0.004528592134667473,0.005018571690612044,0.00270479210817297,0.00413757960755515,0.9499298562426839,0.5673645808846416
original,tropics,0,velocity,0.3046855535625556,0.45279957606778504,0.26099122293166727,0.2355026841947907,0.8203004044771673,0.7026628050872838
original,tropics,0,zos,0.0044696328919286,0.0044696328919286,0.0044696328919286,0.0,1.0,1.0
original,tropics,3,so,0.0005648074434307948,0.0005817810999804177,6.285309315267514e-05,0.0010208823601204158,0.9853043531482161,0.10964697263192015
original,tropics,3,sst,7.860092261001807e-05,7.860092261001807e-05,7.860092261001807e-05,0.0,1.0,1.0
original,tropics,3,thetao,0.0006616897858492167,0.000303547318987435,4.883093990717377e-05,0.0008675752216586333,1.4764339214047495,0.10895688226545655
original,tropics,3,velocity,0.06404333020244056,0.12056992629098325,0.04932512712351983,0.0859630022065269,0.7288152572124033,0.5613216098839384
original,tropics,3,zos,0.000141801409652,0.000141801409652,0.000141801409652,0.0,1.0,1.0
original,tropics,9,so,0.0015038445879777052,0.002007177723696619,0.0003436639121872265,0.0028236944861298576,0.8655826932352093,0.19780603465068824
original,tropics,9,sst,0.0003904461821851,0.0003904461821851,0.0003904461821851,0.0,1.0,1.0
original,tropics,9,thetao,0.0016890402437456555,0.0013055355775087021,0.00042470831363545635,0.0021451591933148834,1.137432525512011,0.28600683232570073
original,tropics,9,velocity,0.24106198852383698,0.3705146598200384,0.20281272997301328,0.2059511887756261,0.8066064107514732,0.6786223293850563
original,tropics,9,zos,0.0009003529893093,0.0009003529893093,0.0009003529893093,0.0,1.0,1.0
