region,channel,mse,mean_bias_mse,temporal_amplitude_mse,temporal_pattern_mse,origins
global,uo_0,0.1273854924466251,0.00662706359567516,0.00831543966755925,0.11244298918339066,99
global,uo_1,0.1199098613942214,0.0058837229167079405,0.007407086446969226,0.10661905203054423,99
global,uo_2,0.108826513100922,0.005737418619306267,0.006628266190393972,0.09646082829122177,99
global,uo_3,0.10552372727540825,0.005958256434747571,0.0062031343086481104,0.09336233653201258,99
global,uo_4,0.10432319729226146,0.006483374188243365,0.006030236480939697,0.09180958662307838,99
global,uo_5,0.10736103950975663,0.008461543474301513,0.00694718017157526,0.09195231586387986,99
global,uo_6,0.11339904360578175,0.007567088052723518,0.007788978063876827,0.0980429774891814,99
global,uo_7,0.14967766718533773,0.008711717977628273,0.010099962308524842,0.1308659868991846,99
global,uo_8,0.1725461872478381,0.009594042687844586,0.012442195758200615,0.15050994880179283,99
global,uo_9,0.18596940212286295,0.010780871338718669,0.013636597445079432,0.1615519333390648,99
global,uo_10,0.20187257166947797,0.011667284537122211,0.0165331038834824,0.17367218324887335,99
global,uo_11,0.22468602379013586,0.013866880731314384,0.01852480241662817,0.19229434064219336,99
global,uo_12,0.25352677164200815,0.014945324436220696,0.02163694176425169,0.21694450544153582,99
global,uo_13,0.2795836382796582,0.017499824365119838,0.023193361983733198,0.2388904519308052,99
global,uo_14,0.30623991961403657,0.02230480424247577,0.02416496936027134,0.2597701460112895,99
global,uo_15,0.3763696451127553,0.02748982831421815,0.03196537244663563,0.31691444435190147,99
global,uo_16,0.44819735853706133,0.029572597271116337,0.04204946234803034,0.3765752989179145,99
global,uo_17,0.439506462795471,0.02830092993898016,0.04141314706369827,0.36979238579279256,99
global,uo_18,0.36990759350799435,0.02841355690132558,0.03886127246437142,0.30263276414229734,99
global,vo_0,0.17288752781164943,0.009640824850341073,0.00874460034974888,0.15450210261155947,99
global,vo_1,0.14704969788224131,0.007720683496243271,0.007477280030564925,0.13185173435543313,99
global,vo_2,0.11493131049306848,0.005936222507129883,0.006419329161692505,0.10257575882424608,99
global,vo_3,0.10223526167454969,0.004607265962562428,0.006318040170566335,0.09130995554142093,99
global,vo_4,0.10035891893595254,0.0048457815265319495,0.006707511760287318,0.0888056256491333,99
global,vo_5,0.10935818042554081,0.004758099864093093,0.009182016326462924,0.0954180642349848,99
global,vo_6,0.1137123553120611,0.004902240067582508,0.010354517313879874,0.0984555979305987,99
global,vo_7,0.11689875921961794,0.0048953110550006475,0.010459246629013054,0.10154420153560423,99
global,vo_8,0.12563869173877704,0.005329920378497263,0.011552015673607289,0.10875675568667248,99
global,vo_9,0.13764181485466587,0.006569730013940904,0.012373960656514407,0.11869812418421054,99
global,vo_10,0.15696663723183332,0.007649043878322571,0.014943588721165454,0.1343740046323453,99
global,vo_11,0.18535694383325318,0.009197234289186902,0.0176716256457273,0.158488083898339,99
global,vo_12,0.22249851069613757,0.011168688318815815,0.021833057601862448,0.18949676477545935,99
global,vo_13,0.26638708355317164,0.01487000100103612,0.025680458528939035,0.22583662402319649,99
global,vo_14,0.3170930295551746,0.019695818915424237,0.02778463953038109,0.26961257110936926,99
global,vo_15,0.4036576262363026,0.02373733498324476,0.03613985191587211,0.3437804393371857,99
global,vo_16,0.4611828549995773,0.024780869144263928,0.04280179261070788,0.39360019324460543,99
global,vo_17,0.4484814975381906,0.027419845190080273,0.03936946402951386,0.3816921883185965,99
global,vo_18,0.41234100372167937,0.029301796635070224,0.03537031038291592,0.34766889670369316,99
global,thetao_0,0.0,0.0,0.0,0.0,99
global,thetao_1,0.0005978946993383946,0.0001696324033141656,3.725374579250493e-05,0.0003910085502317236,99
global,thetao_2,0.0015317399976712384,0.00027762982761789646,0.0002210870088168291,0.0010330231612365127,99
global,thetao_3,0.0029486267936270965,0.0005856448683433972,0.00034932908176460794,0.0020136528435190895,99
global,thetao_4,0.003959649217397034,0.0009905382209491758,0.00045594699327257025,0.0025131640031752908,99
global,thetao_5,0.004682915531368201,0.0013663135592475722,0.0005486056825209453,0.00276799628959968,99
global,thetao_6,0.005735915582851035,0.0018644099745880043,0.0006671981960346953,0.003204307412228333,99
global,thetao_7,0.006405521923239125,0.002459876024389703,0.0006282873374498281,0.0033173585613995938,99
global,thetao_8,0.007000140949997686,0.0030295581309657013,0.0006125360901545502,0.0033580467288774354,99
global,thetao_9,0.0069579501385868105,0.0028949011641373973,0.0006065283313011819,0.003456520643148233,99
global,thetao_10,0.007110260086102906,0.0034613508686907554,0.0005837483276579188,0.003065160889754231,99
global,thetao_11,0.009279858145599283,0.005114227841548804,0.0009066056929612835,0.0032590246110891924,99
global,thetao_12,0.009122386762434445,0.006273674053432924,0.0006555571630716841,0.0021931555459298395,99
global,thetao_13,0.003853297278943576,0.002419161368080456,0.00034749053377713317,0.0010866453770859835,99
global,thetao_14,0.0026422881644263454,0.0014421069112948474,0.0003728094809962954,0.0008273717721352001,99
global,thetao_15,0.002463903672240813,0.0011960187690741705,0.00047327688352778973,0.0007946080196388462,99
global,thetao_16,0.004567171161568082,0.00243023346317679,0.0008465931094448554,0.0012903445889464323,99
global,thetao_17,0.005316519114060843,0.003197029424298079,0.0010794947043018858,0.001039994985460882,99
global,thetao_18,0.004729509453184321,0.002641030741761828,0.0012481933889800848,0.0008402853224423952,99
global,so_0,0.011400085925767455,0.0020684875628992658,0.0013756705925939948,0.007955927770274195,99
global,so_1,0.009243385245864493,0.001706265898373486,0.000931647385555204,0.006605471961935799,99
global,so_2,0.007448415731887874,0.0013867867883177512,0.0009454173150638179,0.005116211628506306,99
global,so_3,0.006215953723902989,0.0012188615369967011,0.000883989429136014,0.0041131027577702714,99
global,so_4,0.006215656168017512,0.001441699163787021,0.0009897368290618883,0.0037842201751686036,99
global,so_5,0.006349547930246634,0.0018396223212508687,0.0008822280306275355,0.00362769757836823,99
global,so_6,0.008508120485970366,0.0027757313341990704,0.0013128588301056273,0.004419530321665661,99
global,so_7,0.009556768794088804,0.003723675876973207,0.0012765536983270875,0.004556539218788497,99
global,so_8,0.00733223352750393,0.003106944654307526,0.0008952064115696597,0.0033300824616267397,99
global,so_9,0.005259654664710542,0.0024642092396604726,0.0006234706801272533,0.0021719747449228197,99
global,so_10,0.0035426724446085416,0.0018313060720878355,0.00042737743404651227,0.0012839889384741857,99
global,so_11,0.0044560100838964755,0.002610081621084736,0.0006019659391422917,0.0012439625236694344,99
global,so_12,0.0037501233460555264,0.00268101558511036,0.00037855280603235896,0.0006905549549128125,99
global,so_13,0.0012017918694593424,0.0007467054184211445,0.00020068305802894239,0.0002544033930092395,99
global,so_14,0.0008342873921947458,0.0004279622304859213,0.0002364803125794809,0.00016984484912936423,99
global,so_15,0.0012128333915377776,0.0005707948585185631,0.0004137714898970399,0.00022826704312218268,99
global,so_16,0.002171949134756905,0.0010881738462269611,0.000634546689279273,0.00044922859925069207,99
global,so_17,0.006155970053739012,0.004313302118384801,0.0009195765215552665,0.0009230914137989447,99
global,so_18,0.0050038386201037705,0.0035961281580704826,0.0007818254423284169,0.0006258850197048614,99
global,zos,0.0,0.0,0.0,0.0,99
tropics,uo_0,0.20481453384981618,0.008293466768684957,0.011874661148134503,0.1846464059329967,99
tropics,uo_1,0.21535179758332318,0.008675984747626974,0.013125966885452861,0.19354984595024333,99
tropics,uo_2,0.19033248629349125,0.009104330423473295,0.010620423604744328,0.17060773226527365,99
tropics,uo_3,0.1840011398229864,0.009948087098034828,0.009499144461576415,0.16455390826337518,99
tropics,uo_4,0.19004636993225624,0.011612223668025926,0.009891414468697906,0.16854273179553236,99
tropics,uo_5,0.19629373730287622,0.016865727560991244,0.012215948707771759,0.1672120610341132,99
tropics,uo_6,0.1823671707861447,0.01263943352408307,0.012316104189138465,0.15741163307292316,99
tropics,uo_7,0.21250877262287268,0.011588696045805069,0.013382104041449476,0.18753797253561819,99
tropics,uo_8,0.23492441451338153,0.010647057869380052,0.01595870907432274,0.20831864756967874,99
tropics,uo_9,0.2610365602785743,0.012097537948614226,0.01862770509207861,0.23031131723788145,99
tropics,uo_10,0.29145498580993445,0.012291788860070903,0.023885995472851033,0.2552772014770125,99
tropics,uo_11,0.3331049091229274,0.014833359908856415,0.0272318735774008,0.2910396756366702,99
tropics,uo_12,0.3789759148172216,0.013926283076389732,0.03231447383881761,0.3327351579020143,99
tropics,uo_13,0.39215349472628364,0.013829905117986515,0.03251758921812171,0.3458060003901754,99
tropics,uo_14,0.356636753104891,0.016229350185236666,0.028040208101799042,0.3123671948178553,99
tropics,uo_15,0.3773220206893266,0.021253030749168598,0.033124820156391996,0.322944169783766,99
tropics,uo_16,0.35765221683500553,0.024238318823001016,0.03294511274705291,0.30046878526495163,99
tropics,uo_17,0.2974803326324748,0.019471788424470754,0.028338295587528334,0.24967024862047568,99
tropics,uo_18,0.22412503928854127,0.017713050918145106,0.02171126422794182,0.18470072414245434,99
tropics,vo_0,0.2943052942526757,0.013939799072564412,0.013045554006430529,0.26731994117368074,99
tropics,vo_1,0.28040861506840364,0.012558943722802418,0.014303336590903807,0.2535463347546974,99
tropics,vo_2,0.2114006412407208,0.009599251600005188,0.01191491630732284,0.18988647333339279,99
tropics,vo_3,0.19120403846034784,0.007109107704673518,0.012319548132008489,0.17177538262366582,99
tropics,vo_4,0.1926197808632084,0.007931537084851406,0.013444931732499048,0.17124331204585794,99
tropics,vo_5,0.21097195347243528,0.007493058216480422,0.019372281992402172,0.18410661326355265,99
tropics,vo_6,0.20644912068416627,0.007023338660915251,0.020767786012387077,0.17865799601086393,99
tropics,vo_7,0.19655756920428008,0.005699921811606191,0.01897023401694864,0.17188741337572527,99
tropics,vo_8,0.20180339184826337,0.005117430029418953,0.019280310825424796,0.1774056509934196,99
tropics,vo_9,0.21876785165239385,0.0060708991516365655,0.019476405144406333,0.19322054735635094,99
tropics,vo_10,0.24879971804600792,0.0066362455321914825,0.022639328702456323,0.21952414381136015,99
tropics,vo_11,0.2909423618283967,0.00780979143776027,0.026855082686866715,0.25627748770376974,99
tropics,vo_12,0.33252352887232756,0.009087305215190295,0.03349063489350566,0.2899455887636316,99
tropics,vo_13,0.3467651085730398,0.00966088196934285,0.03599887264439449,0.30110535395930244,99
tropics,vo_14,0.3351074581864804,0.011354388707684973,0.03377385930279621,0.28997921017599926,99
tropics,vo_15,0.3664591953347093,0.014608133143827022,0.040415801118912305,0.31143526107197,99
tropics,vo_16,0.34880411124542754,0.017351285939175294,0.037670126192211044,0.2937826991140412,99
tropics,vo_17,0.2938463602408167,0.01946654699507755,0.028087269942569628,0.2462925433031695,99
tropics,vo_18,0.2683652109129319,0.01836974783453639,0.024006776573724437,0.22598868650467108,99
tropics,thetao_0,0.0,0.0,0.0,0.0,99
tropics,thetao_1,0.0005611820378790957,0.00017419149363422077,4.1927229245240575e-05,0.00034506331499963635,99
tropics,thetao_2,0.0016181146006595134,0.00034179496608052165,0.00032217504373015075,0.0009541445908488393,99
tropics,thetao_3,0.003250755894028373,0.0006857587789555241,0.0004949645568857282,0.0020700325581871192,99
tropics,thetao_4,0.00478481172804209,0.0012081330193325444,0.0006440284609897707,0.0029326502477197815,99
tropics,thetao_5,0.00574918233084085,0.0015572227150951968,0.0007076358181176603,0.0034843237976279855,99
tropics,thetao_6,0.006693297567966553,0.0020355246455649725,0.0007735931262943419,0.0038841797961072385,99
tropics,thetao_7,0.0064326436747317575,0.002632766267154577,0.0004921192648826677,0.0033077581426945125,99
tropics,thetao_8,0.0057230083354244034,0.002719254156183759,0.00031856015669431194,0.002685194022546332,99
tropics,thetao_9,0.004836325988602562,0.002137932354449503,0.00024263718964492655,0.0024557564445081316,99
tropics,thetao_10,0.004311943166968567,0.0018445888125804247,0.00024698574536251966,0.002220368609025619,99
tropics,thetao_11,0.003525048887504443,0.001415257485583905,0.00028170841185002325,0.0018280829900705112,99
tropics,thetao_12,0.0031636098745860073,0.0015738095639719401,0.0003100017328607179,0.0012797985777533549,99
tropics,thetao_13,0.0035008273086420964,0.002250915613454392,0.00032256761355093267,0.0009273440816367726,99
tropics,thetao_14,0.0023935437360912684,0.0013619820532028805,0.00042247521656648806,0.0006090864663218983,99
tropics,thetao_15,0.002063492166681974,0.001020281559210759,0.0005906294318515556,0.0004525811756196602,99
tropics,thetao_16,0.003410511845781135,0.0017311768334127826,0.0010120968462685712,0.0006672381660997765,99
tropics,thetao_17,0.004131202484370482,0.0021367322376655363,0.0014000871909816178,0.0005943830557233389,99
tropics,thetao_18,0.003916180632958019,0.0017545630732005869,0.0015657185379685016,0.0005958990217889048,99
tropics,so_0,0.011791047016330197,0.002102296641250195,0.0015267586904100846,0.008161991684669917,99
tropics,so_1,0.009137046978403084,0.001700594634503056,0.0008802205393426076,0.006556231804557418,99
tropics,so_2,0.008392393189845943,0.001410864202132548,0.001084347817255704,0.005897181170457692,99
tropics,so_3,0.007625636970930649,0.0011461342439767215,0.0012610091696510061,0.00521849355730292,99
tropics,so_4,0.008047411175732315,0.0015903694455468252,0.001511064277288338,0.004945977452897153,99
tropics,so_5,0.007857283323436184,0.0022851004143251284,0.0010477882983815268,0.00452439461072953,99
tropics,so_6,0.01008803743830046,0.0034158069676036916,0.0014493215228324533,0.0052229089478643105,99
tropics,so_7,0.010808193387131891,0.004727097955330708,0.001444619406136337,0.004636476025664845,99
tropics,so_8,0.006887008265530696,0.003126768696743305,0.0008516071042955907,0.0029086324644918026,99
tropics,so_9,0.00426314068189847,0.001958468641087111,0.0005423075066211942,0.0017623645341901639,99
tropics,so_10,0.0022867104669443386,0.0010749033954832385,0.00035852505092566646,0.0008532820205354327,99
tropics,so_11,0.0015496713460675523,0.000692715975631779,0.0003030906924237403,0.0005538646780120259,99
tropics,so_12,0.001159678004336431,0.0005993440457872728,0.0002923816744006162,0.0002679522841485436,99
tropics,so_13,0.0007385993535858279,0.00038338639560362076,0.00022127624876424503,0.00013393670921796403,99
tropics,so_14,0.0006114866361899256,0.0002506361366486312,0.0002729090772007562,8.794142234053791e-05,99
tropics,so_15,0.0009438551073450175,0.0003833190323746031,0.0004529132341500239,0.00010762284082039026,99
tropics,so_16,0.0018802983744214314,0.0008806677313143374,0.0007253545488924954,0.00027427609421459923,99
tropics,so_17,0.004881277922284646,0.003082982850002842,0.0011752900340454852,0.0006230050382363234,99
tropics,so_18,0.003962751504235735,0.002496750550267928,0.0009762146145416476,0.0004897863394261622,99
tropics,zos,0.0,0.0,0.0,0.0,99
extratropics,uo_0,0.0827077348431552,0.005665523123467836,0.00626171367942309,0.07078049804026428,99
extratropics,uo_1,0.06483838416827718,0.004272544539881489,0.004107203749683669,0.05645863587871204,99
extratropics,uo_2,0.06164939720415376,0.003788589813543769,0.0043175340361999055,0.05354327335441009,99
extratropics,uo_3,0.05998058405899347,0.0036428203951461057,0.004290346188288462,0.05204741747555892,99
extratropics,uo_4,0.05454504343303368,0.0035051286256622825,0.0037881086404353633,0.04725180616693603,99
extratropics,uo_5,0.05574712439619596,0.0035840028754746487,0.00388934229272386,0.048273779227997464,99
extratropics,uo_6,0.07307737857267405,0.004601581761774178,0.005142229911530232,0.06333356689936964,99
extratropics,uo_7,0.1125068595640332,0.00700970115716618,0.008158251143476415,0.09733890726339062,99
extratropics,uo_8,0.13524927943903817,0.008964428608242658,0.010339618004563943,0.11594523282623156,99
extratropics,uo_9,0.1404733554678141,0.009982877555755727,0.010611630576116257,0.11987884733594206,99
extratropics,uo_10,0.14698507324906038,0.011284648275660825,0.01202795820986619,0.12367246676353334,99
extratropics,uo_11,0.15769577254713793,0.013269709097185028,0.013144845937086652,0.1312812175128663,99
extratropics,uo_12,0.17548544190341706,0.01557926533662809,0.014994498616898055,0.1449116779498909,99
extratropics,uo_13,0.2093282573546285,0.019790238360572518,0.017374067575250906,0.17216395141880508,99
extratropics,uo_14,0.2747358149265522,0.0261026964389765,0.021742477339532787,0.2268906411480429,99
extratropics,uo_15,0.3757748870279294,0.031384705363239056,0.03124129791524845,0.3131488837494419,99
extratropics,uo_16,0.5060641876774635,0.03298170099266268,0.047867994771645626,0.4252144919131552,99
extratropics,uo_17,0.5286092360597002,0.033840058503437055,0.04961590190330156,0.44515327565296164,99
extratropics,uo_18,0.46380709244263973,0.03530582295845127,0.04990770520625909,0.3785935642779293,99
extratropics,vo_0,0.10282759371587072,0.007160250058721041,0.0062628833937507546,0.08940446026339893,99
extratropics,vo_1,0.0700995346317504,0.004928932317262382,0.003538539541678708,0.0616320627728093,99
extratropics,vo_2,0.059093135462473495,0.0038159957154133826,0.0032383849739869006,0.052038754773073216,99
extratropics,vo_3,0.05060361874177203,0.003155361101444701,0.0028351585651527488,0.04461309907517457,99
extratropics,vo_4,0.04678442747975077,0.0030539297993558085,0.0027951935660057705,0.0409353041143892,99
extratropics,vo_5,0.05038454320819788,0.0031708106921439594,0.0032678866517966104,0.043945845864257316,99
extratropics,vo_6,0.05949454568807289,0.0036621567061930695,0.004266482890922484,0.051565906090957334,99
extratropics,vo_7,0.06977270150246288,0.004419304283584685,0.005424156562376879,0.05992924065650133,99
extratropics,vo_8,0.08009863837728057,0.005456971647942544,0.006931148354478584,0.06771051837485943,99
extratropics,vo_9,0.08847365602504025,0.006872057060041419,0.008069373221410601,0.07353222574358823,99
extratropics,vo_10,0.10070014646471585,0.008269589419061316,0.010228378485764059,0.08220217855989047,99
extratropics,vo_11,0.12011744559103771,0.010054512473859956,0.011997318143147409,0.09806561497403032,99
extratropics,vo_12,0.15405245753346392,0.012463507087529937,0.014580932873520767,0.12700801757241323,99
extratropics,vo_13,0.2162227771924372,0.01812103687695869,0.01924068737610606,0.17886105293937243,99
extratropics,vo_14,0.30583183701241556,0.02491021974788232,0.024040654171841484,0.25688096309269176,99
extratropics,vo_15,0.42688802826027056,0.02943851709623917,0.03346952371618358,0.3639799874478478,99
extratropics,vo_16,0.5330034015423498,0.029529068924302532,0.04608140826167056,0.45739292435637674,99
extratropics,vo_17,0.5454947694021645,0.03240949691796188,0.046447561422566244,0.4666377110616363,99
extratropics,vo_18,0.5050767557864192,0.03634320093886612,0.04268963700963789,0.4260439178379152,99
extratropics,thetao_0,0.0,0.0,0.0,0.0,99
extratropics,thetao_1,0.0006190784743139322,0.00016700173750040345,3.455707336725979e-05,0.0004175196634462673,99
extratropics,thetao_2,0.0014817448317207915,0.0002404898971905714,0.00016257544515983427,0.0010786794893703866,99
extratropics,thetao_3,0.0027732908792188616,0.0005275453207035055,0.0002648118036648668,0.001980933754850487,99
extratropics,thetao_4,0.003480489788869393,0.000864184202317795,0.0003467309207712112,0.002269574665780386,99
extratropics,thetao_5,0.00406408572588526,0.0012555155152340785,0.00045630928172715404,0.0023522609289240277,99
extratropics,thetao_6,0.00517618984734417,0.0017643691480865092,0.0006049952493325005,0.0028068254499251585,99
extratropics,thetao_7,0.0063894767271524865,0.0023575943613716494,0.0007088442080366387,0.0033230381577441987,99
extratropics,thetao_8,0.007763758312552374,0.0032150936815493764,0.0007883088520446419,0.0037603557789583574,99
extratropics,thetao_9,0.008243805547045721,0.0033536781996359364,0.0008270722917347285,0.004063055055675058,99
extratropics,thetao_10,0.00882479989787886,0.004451947356320695,0.0007900840898847913,0.0035827684516733754,99
extratropics,thetao_11,0.01283566041078549,0.007399760963623282,0.0012927194750225381,0.004143179972139666,99
extratropics,thetao_12,0.012829314208672737,0.009197437939459926,0.0008705255924246799,0.0027613506767881313,99
extratropics,thetao_13,0.004073275457914655,0.002524164340931165,0.0003630450464106823,0.0011860660705728015,99
extratropics,thetao_14,0.00279778345982261,0.0014921946200366525,0.0003417624007651891,0.0009638264390207647,99
extratropics,thetao_15,0.002713960462909252,0.0013057665712461867,0.0003999902741191804,0.0010082036175438746,99
extratropics,thetao_16,0.005306384837112843,0.0028769961474423866,0.0007408207148045074,0.0016885679748659447,99
extratropics,thetao_17,0.006060149872572755,0.0038622268756740683,0.0008783649571345427,0.0013195580397641446,99
extratropics,thetao_18,0.00525337987853982,0.0032120103788339065,0.001043673358796786,0.000997696140909124,99
extratropics,so_0,0.011174495313769637,0.0020489792004039333,0.0012884904171886666,0.007837025696177035,99
extratropics,so_1,0.009304744075207018,0.0017095383055726018,0.0009613214733103783,0.006633884296324037,99
extratropics,so_2,0.006902024686009477,0.0013728503503176628,0.000865001854125547,0.004664172481566267,99
extratropics,so_3,0.005397866022932493,0.0012610676879671223,0.000665191898989619,0.003471606435975749,99
extratropics,so_4,0.005151983653359592,0.0013553685727481924,0.0006870098402016171,0.003109605240409781,99
extratropics,so_5,0.0054745027721786075,0.0015810799734816256,0.0007861417337076867,0.0031072810649892947,99
extratropics,so_6,0.00758443465112982,0.0024015162243918864,0.0012330770060862903,0.003949841420651636,99
extratropics,so_7,0.008816427485804499,0.0031300525628859366,0.0011771262244793335,0.004509248698439208,99
extratropics,so_8,0.007598440604522565,0.003095091552423475,0.0009212751123842263,0.0035820739397148566,99
extratropics,so_9,0.005863613143601979,0.0027707240782842836,0.0006726613464482554,0.0024202277188694484,99
extratropics,so_10,0.004312205301325962,0.0022947569749875913,0.0004695635607104142,0.0015478847656279434,99
extratropics,so_11,0.006251789127803789,0.0037947904097733976,0.0007866360527164359,0.0016703626653139373,99
extratropics,so_12,0.005361627370443641,0.00397601378833326,0.0004321594670856575,0.0009534541150247319,99
extratropics,so_13,0.0014908725138834229,0.0009734545424857855,0.00018783075009110234,0.0003295872213065073,99
extratropics,so_14,0.0009735647605417137,0.0005388124454123503,0.0002137079371191724,0.00022104437801022438,99
extratropics,so_15,0.0013808101993242402,0.0006878734208541907,0.0003893274896293509,0.00030360928884071164,99
extratropics,so_16,0.002358341296718899,0.0012207896958630422,0.0005765119587783801,0.0005610396420775112,99
extratropics,so_17,0.006955672220096196,0.005085166131629682,0.00075914982332821,0.0011113562651383015,99
extratropics,so_18,0.005674409656883417,0.004304244482862204,0.0006566181020751675,0.0007135470719460276,99
extratropics,zos,0.0,0.0,0.0,0.0,99
