index,date,members,mean_mse,sample_mse,d_mse,climatology_mse,crps,d_mae,spread_variance,coverage90,anomaly_correlation,mean_anomaly_m2,sample_anomaly_m2,truth_anomaly_m2,run,climatology_mae,fair_crps,coverage_minmax,calibrated_minmax_reference,calibrated_spread_rmse_reference,specialist_mse,specialist_mae
0,2014-11-04 12:00:00,16,0.001126477364211,0.0013532782322381,0.0016638382681922,0.0027990015324046,0.0178208015650306,0.0288574486700405,0.0002268008533898,0.4142610132694244,0.7740794818207164,0.0014587133905575,0.0016855142585846,0.0027990015324046,diffusion,0.03432235652107516,0.017426052943064013,0.4994594178245393,0.8823529411764706,0.9393364366277243,0.0009872940136205115,0.02138127736408698
6,2014-12-04 12:00:00,16,0.0010312612768473,0.00126113668368,0.0015911415147797,0.0027737593065109,0.0168550458205837,0.0280336631466693,0.0002298753775579,0.4409534633159637,0.7931872099444668,0.0015571315370175,0.0017870070609487,0.0027737593065109,diffusion,0.034267037115093796,0.016457999033542538,0.5235299858900362,0.8823529411764706,0.9393364366277243,0.0009711168517701384,0.020777662961601193
12,2015-01-03 12:00:00,16,0.0010945990479515,0.0013272266213573,0.0015966525225418,0.0028068668059606,0.0174206890187563,0.0282986479831743,0.0002326276465923,0.4232484698295593,0.7823338359439779,0.0014875490188096,0.0017201767093139,0.0028068668059606,diffusion,0.03450630690144569,0.017021552557339024,0.5062928766852224,0.8823529411764706,0.9393364366277243,0.0010281044258178833,0.021436424830480947
18,2015-02-02 12:00:00,16,0.0011154273621399,0.0013470747038142,0.001640906044851,0.0027541982325325,0.0173138071428222,0.0287269284273441,0.0002316473709489,0.4287277162075043,0.7731622423905802,0.0013961807888937,0.0016278280134695,0.0027541982325325,diffusion,0.03405753895932414,0.016915625271304108,0.5123907011638948,0.8823529411764706,0.9393364366277243,0.0010827554878091407,0.02169907796087913
24,2015-03-04 12:00:00,16,0.0012145666013012,0.0014522294111723,0.0017716911597047,0.0027605824439765,0.0185733919471116,0.0295712097818796,0.0002376627659592,0.4148958623409271,0.7495661193201849,0.0013474515268594,0.0015851142196321,0.0027605824439765,diffusion,0.03413349504341151,0.018175448300509493,0.49951876802509787,0.8823529411764706,0.9393364366277243,0.0011083875842488673,0.02207757160698987
30,2015-04-03 12:00:00,16,0.0012149465860065,0.0014439589767286,0.0017515676615229,0.0027925842991772,0.0188048881066589,0.0297922678093143,0.0002290123760848,0.3841655552387237,0.7530254521797611,0.0013727027693393,0.00160171527716,0.0027925842991772,diffusion,0.03408696204193903,0.01841045514202869,0.46807280461246137,0.8823529411764706,0.9393364366277243,0.0010836011116539474,0.021656104230601974
36,2015-05-03 12:00:00,16,0.0011778349025817,0.001408105165632,0.0017331247613354,0.0028034023290753,0.0181614080400051,0.0295977317784068,0.0002302702923249,0.3869307935237884,0.7623848617222854,0.0014376542751814,0.0016679244211331,0.0028034023290753,diffusion,0.034130883431165715,0.01776846399851482,0.4707501544098136,0.8823529411764706,0.9393364366277243,0.0010969817012410124,0.021793071046149776
42,2015-06-02 12:00:00,16,0.0011975074543534,0.0014333896640922,0.0016812073749289,0.0027786994589761,0.0180375083893294,0.0287223103926863,0.000235882224376,0.4001440107822418,0.7555295789352536,0.0014060965746764,0.0016419787844151,0.0027786994589761,diffusion,0.034031773723693995,0.017643576341743267,0.4844107611083359,0.8823529411764706,0.9393364366277243,0.0011271247781352164,0.022203626306888647
48,2015-07-02 12:00:00,16,0.0012019912738766,0.0014367232248294,0.0017203515374079,0.0027906643518031,0.0179490616654789,0.0288470713015418,0.000234732009502,0.4283789396286011,0.7548062737845641,0.0014226758518791,0.0016574078028318,0.0027906643518031,diffusion,0.03412569828009785,0.017550014031296707,0.5138519255799565,0.8823529411764706,0.9393364366277243,0.0011461377568741501,0.022156495829280757
54,2015-08-01 12:00:00,16,0.0011408106917531,0.0013754193379617,0.0016210898131921,0.0027324525685192,0.0173663187937808,0.0281161272964451,0.0002346086022966,0.4519523382186889,0.7634942535168596,0.0014288127512437,0.0016634212803538,0.0027324525685192,diffusion,0.033580184129216026,0.016965328154907935,0.535378185112279,0.8823529411764706,0.9393364366277243,0.0011024869693064645,0.021894350608426892
60,2015-08-31 12:00:00,16,0.0013093395878558,0.0015504610196861,0.0018934738572508,0.0027363140093956,0.0195627068014331,0.0306047116720529,0.0002411214464676,0.4029665291309356,0.7234355454732613,0.0012217996599344,0.0014629210917647,0.0027363140093956,diffusion,0.033856521066899,0.019163264513743453,0.4826982448541344,0.8823529411764706,0.9393364366277243,0.001234257672140552,0.023491479488345374
66,2015-09-30 12:00:00,16,0.0015506504850954,0.0017782718624694,0.0021505679959375,0.0028860329014429,0.0215559884667192,0.0327366374110267,0.0002276214359232,0.3610106408596039,0.67968197753127,0.0012818635905479,0.0015094850850204,0.0028860329014429,diffusion,0.034486631414471745,0.021164579416364387,0.4376898396599813,0.8823529411764706,0.9393364366277243,0.001375354846187722,0.02486301005792362
72,2015-10-30 12:00:00,16,0.0014507967107501,0.0016805799610456,0.002042005018985,0.0029829492593525,0.0205500204193397,0.0315446191035182,0.0002297832942073,0.3716534376144409,0.7174828823825808,0.0013812606806556,0.0016110440480496,0.0029829492593525,diffusion,0.03505320711355107,0.020155088961292013,0.45594240024036026,0.8823529411764706,0.9393364366277243,0.0013478991539249154,0.024640251954256176
78,2015-11-29 12:00:00,16,0.0013391683286768,0.0015742220663693,0.001929267713904,0.0029934159936833,0.0200085294367514,0.0309184791229493,0.0002350536937804,0.368510901927948,0.7459326499016997,0.0014212157504026,0.0016562694880951,0.0029934159936833,diffusion,0.035040376618427835,0.019610191101174297,0.4498465665766389,0.8823529411764706,0.9393364366277243,0.0013702617831314763,0.024793446375711008
84,2015-12-29 12:00:00,16,0.0013701867904859,0.0016097140430316,0.0019819913236376,0.0028865795173457,0.0200534548826071,0.0310952034892899,0.0002395271939963,0.3703930079936981,0.7275665563718603,0.0013504707951623,0.001589998047708,0.0028865795173457,diffusion,0.034868948425122843,0.019650795865721632,0.4477026288836896,0.8823529411764706,0.9393364366277243,0.0013834744968976309,0.02503691685432635
90,2016-01-28 12:00:00,16,0.0013794027954984,0.0016200437720911,0.0019603353570926,0.0029009421195184,0.0208089222897123,0.0316258653391194,0.0002406410351419,0.3445731103420257,0.729061745187965,0.00135744752513,0.0015980885017226,0.0029009421195184,diffusion,0.03505837025172666,0.020411117792779283,0.42245884281436474,0.8823529411764706,0.9393364366277243,0.001320186743683418,0.024342958729646896
96,2016-02-27 12:00:00,16,0.0013964622937417,0.0016387226258013,0.0019723573939985,0.0028659179514533,0.0206212419795925,0.0314888671668001,0.0002422603613342,0.3658488392829895,0.7166328867721001,0.0013462403768417,0.0015885009430984,0.0028659179514533,diffusion,0.03486700328312103,0.020219200655262594,0.4420399067370795,0.8823529411764706,0.9393364366277243,0.0013055903339030902,0.024548563320344465
102,2016-03-28 12:00:00,16,0.0013591640723706,0.0015968688035128,0.0019085607137849,0.0028177988898195,0.0204670424207418,0.0310870004014109,0.0002377048775153,0.3701870441436767,0.7228502563334347,0.0013446467830497,0.0015823516312904,0.0028177988898195,diffusion,0.034669882415104,0.02006724633258065,0.45026177651664057,0.8823529411764706,0.9393364366277243,0.0013091120352014558,0.024535632441550118
108,2016-04-27 12:00:00,16,0.0012899764103803,0.0015151273602261,0.0018389479841582,0.0027848026339662,0.0195491234918261,0.0306702782533669,0.0002251509791204,0.3672209084033966,0.7347724920220392,0.0013790565351675,0.0016042074850133,0.0027848026339662,diffusion,0.03453268959577911,0.019159891344218024,0.4491821297041838,0.8823529411764706,0.9393364366277243,0.0012883467076207646,0.02414442185089574
114,2016-05-27 12:00:00,16,0.0013629906178872,0.0015871777297947,0.0019607928610198,0.0027564516764986,0.0205607200991818,0.0316259313865259,0.0002241871265448,0.3506591618061065,0.7160822875807525,0.0013496753448993,0.0015738623397083,0.0027564516764986,diffusion,0.03448976293107074,0.02016964648546778,0.4301291149477606,0.8823529411764706,0.9393364366277243,0.0012769145224973367,0.024438918971538267
120,2016-06-26 12:00:00,16,0.0013071548807224,0.0015328033821901,0.0018811255838613,0.0026743033158464,0.0196908334861204,0.0308501623276313,0.0002256483258199,0.3646600246429443,0.7179064627051708,0.0013383577727044,0.0015640060399751,0.0026743033158464,diffusion,0.03423534561233677,0.019295959504406303,0.4467928185910637,0.8823529411764706,0.9393364366277243,0.001256798768049351,0.02414770400486515
126,2016-07-26 12:00:00,16,0.0013492219394204,0.0015751031156522,0.0019328437856812,0.0027501920578824,0.0195674463633187,0.0307894647611195,0.0002258813226049,0.3847177922725677,0.7154902729917865,0.0012678130559375,0.0014936944663663,0.0027501920578824,diffusion,0.03461867584329546,0.019172384480006553,0.466934653300882,0.8823529411764706,0.9393364366277243,0.0012499468197852731,0.02402704996615326
132,2016-08-25 12:00:00,16,0.0012327161696899,0.0014594946718993,0.0018301165306935,0.0026828620468523,0.0185604123107994,0.029940953730676,0.0002267783411988,0.39773690700531,0.7370409672690215,0.0013364889973846,0.0015632672653969,0.0026828620468523,diffusion,0.03409079127266909,0.018166002029058027,0.48380770769136916,0.8823529411764706,0.9393364366277243,0.001242820270243558,0.02374453294627403
138,2016-09-24 12:00:00,16,0.0013308188527305,0.001563531322565,0.0018428418613253,0.0027563584660747,0.0199172030459804,0.0303356081192827,0.0002327127040315,0.3594867587089538,0.7228593396945906,0.001379460759267,0.0016121735803971,0.0027563584660747,diffusion,0.034641003226389334,0.019518904022552862,0.4404958357840201,0.8823529411764706,0.9393364366277243,0.001273465059031983,0.024043614394723696
144,2016-10-24 12:00:00,16,0.0012985291693616,0.0015255670447982,0.0018689597499698,0.0028121331949093,0.0193891619572381,0.0305321784103083,0.0002270378315246,0.3931471705436706,0.7355393620979398,0.0014719696458901,0.0016990074042281,0.0028121331949093,diffusion,0.035128756198084296,0.01899224204428514,0.476063471782993,0.8823529411764706,0.9393364366277243,0.001241864948403112,0.02366128768687065
150,2016-11-23 12:00:00,16,0.001411362729428,0.0016406940965253,0.0020471559487905,0.0028125013526639,0.0203439247713583,0.0317219088356579,0.0002293313963719,0.3767959773540497,0.7060545069493225,0.0014055787650101,0.0016349100150089,0.0028125013526639,diffusion,0.035097921953972086,0.01994890822104988,0.4561401674308172,0.8823529411764706,0.9393364366277243,0.001266891841779935,0.024265036257456473
156,2016-12-23 12:00:00,16,0.0013935018088971,0.0016275544713211,0.0019271905032143,0.0027959497107124,0.02038086244388,0.031106959927635,0.0002340527209732,0.3751023113727569,0.7080696752541877,0.0013536078645788,0.0015876604099043,0.0027959497107124,diffusion,0.034971461699996056,0.019979508668963874,0.4543805181249354,0.8823529411764706,0.9393364366277243,0.001279005645020014,0.024137747049489004
162,2017-01-23 12:00:00,16,0.0012563327167964,0.001491377086607,0.0018196329341755,0.0027929421522618,0.0188460541341404,0.0300985454843212,0.0002350442673494,0.3981492221355438,0.7427486522799953,0.0014410146514801,0.0016760589041923,0.0027929421522618,diffusion,0.035180950747844886,0.01844977216184337,0.4813887537022197,0.8823529411764706,0.9393364366277243,0.001264924694645317,0.023791328524475915
168,2017-02-22 12:00:00,16,0.0013456484438107,0.0015805515928033,0.0018889211837965,0.0027883610238665,0.0193825136253066,0.0303107875039452,0.0002349030026194,0.397972047328949,0.7190248212396891,0.0014104950293767,0.0016453980612707,0.0027883610238665,diffusion,0.035267348854831806,0.018987742758463818,0.4805685593752287,0.8823529411764706,0.9393364366277243,0.0012621193971873916,0.023360233636985497
174,2017-03-24 12:00:00,16,0.0012933809328221,0.0015293078741964,0.001770341950529,0.0027903538065215,0.0187922558797045,0.0293150462369777,0.0002359271170221,0.4006878733634949,0.7321656033331115,0.0014221266598088,0.0016580537182817,0.0027903538065215,diffusion,0.035461478794476024,0.018396960759296376,0.48618507912186715,0.8823529411764706,0.9393364366277243,0.00125914824143414,0.023290841695524735
180,2017-04-23 12:00:00,16,0.0013671552268382,0.0015936457837808,0.0018691067086155,0.002832118633933,0.0192166183917247,0.0299227272883968,0.0002264905423053,0.3958439826965332,0.7189667321836087,0.0014419558894036,0.0016684464463462,0.002832118633933,diffusion,0.03549180283521546,0.018827821122205723,0.4781544197225003,0.8823529411764706,0.9393364366277243,0.0012265754397359694,0.023103171076936668
186,2017-05-23 12:00:00,16,0.0012842389340758,0.0015124257802147,0.0018580615075838,0.0028165951170087,0.019119967259047,0.0306445673189907,0.0002281869193254,0.3983565866947174,0.7375154977030539,0.0015044752589343,0.0017326621050732,0.0028165951170087,diffusion,0.035273615078858525,0.018724582070276517,0.47926122271002214,0.8823529411764706,0.9393364366277243,0.001205508389729925,0.02305616948859559
192,2017-06-22 12:00:00,16,0.0012280004950923,0.0014527252063164,0.001799714124211,0.0027506433555879,0.0185428357749994,0.0297064880797355,0.0002247246234001,0.3966616690158844,0.7452412746488257,0.0015535991429893,0.0017783236200163,0.0027506433555879,diffusion,0.03510724006019649,0.01815035675423454,0.4807905570505113,0.8823529411764706,0.9393364366277243,0.001154060712841001,0.022469293355003812
198,2017-07-22 12:00:00,16,0.00119680872747,0.0014205205364748,0.0017394500722226,0.0028600349216854,0.0184600189320732,0.0292581979133128,0.0002237117504556,0.3965885937213897,0.7628476903589203,0.0016909706984353,0.0019146823903416,0.0028600349216854,diffusion,0.035291839233279075,0.018067342358045,0.48128621218825174,0.8823529411764706,0.9393364366277243,0.0011458879927412,0.022407048762240624
204,2017-08-21 12:00:00,16,0.0012677588393216,0.0014954062125675,0.0018343885189895,0.0028817056426443,0.0189158992664432,0.0299993026514151,0.0002276474757071,0.4139943122863769,0.7479340387749831,0.0015911897593709,0.0018188371326169,0.0028817056426443,diffusion,0.03502047450155283,0.018520619144184427,0.4956921039103577,0.8823529411764706,0.9393364366277243,0.0011830900578533208,0.02287446228148685
210,2017-09-20 12:00:00,16,0.0013062103640404,0.0015335018748766,0.0018877719788971,0.0029210392705326,0.0194428584986681,0.0303485402014622,0.0002272913937376,0.401050865650177,0.7439891705902962,0.0014898932141305,0.0017171844907697,0.0029210392705326,diffusion,0.03557655776356969,0.01905001697138371,0.47995835368806183,0.8823529411764706,0.9393364366277243,0.0012600949097480618,0.023666799142946886
216,2017-10-20 12:00:00,16,0.0013157917164429,0.001547503111009,0.0018985856761499,0.0030164464626849,0.019242115332504,0.0301846501671396,0.0002317113360168,0.4060916006565094,0.7521879417800994,0.001630920936743,0.0018626322142106,0.0030164464626849,diffusion,0.036317060668236596,0.018845016431656245,0.48881418084101824,0.8823529411764706,0.9393364366277243,0.0012671231086167378,0.02375638675942293
222,2017-11-19 12:00:00,16,0.0012724177211358,0.0015045497335946,0.0018450374586212,0.0029806520205391,0.0192169988247857,0.0301737919735221,0.000232132071008,0.4025613367557525,0.7593286336191675,0.0015291826958759,0.0017613147083347,0.0029806520205391,diffusion,0.03612370323053153,0.018819085487045688,0.4816923315946724,0.8823529411764706,0.9393364366277243,0.001261848111793407,0.0238748559167668
228,2017-12-19 12:00:00,16,0.0013402579304282,0.001578447800749,0.0019502898261471,0.0029720996128533,0.0201034118198848,0.0313141638510963,0.0002381898556834,0.3773410320281982,0.7436962042920514,0.0014410616079876,0.0016792513612098,0.0029720996128533,diffusion,0.036086394632095085,0.01970177637966203,0.45725218776846077,0.8823529411764706,0.9393364366277243,0.0012909869684032754,0.024142867451870772
234,2018-01-18 12:00:00,16,0.0012999202998084,0.001532161213893,0.0018743597483326,0.0030311641075777,0.0193708139877311,0.0302893564415058,0.0002322408994473,0.3851818144321441,0.7578111064212012,0.0015309022876781,0.0017631433188613,0.0030311641075777,diffusion,0.036428383979989314,0.018973474313532666,0.46467253772715367,0.8823529411764706,0.9393364366277243,0.0012593883630884362,0.02360673869506868
240,2018-02-17 12:00:00,16,0.0013952407219555,0.0016352818028176,0.0019415967831359,0.0030330721109025,0.0195829675038304,0.0305299380822821,0.0002400410954994,0.3972294628620147,0.7363030161688102,0.0014757771043476,0.0017158183023083,0.0030330721109025,diffusion,0.036232318452302854,0.01918267144123444,0.4783775906273604,0.8823529411764706,0.9393364366277243,0.001287811808268866,0.023545506679881485
246,2018-03-19 12:00:00,16,0.0014096385707835,0.0016478968266413,0.0020291871805204,0.0030115386294119,0.0200082692099701,0.0315534271856401,0.0002382583436817,0.3868707418441772,0.7311299349930638,0.0013677664811254,0.0016060249711803,0.0030115386294119,diffusion,0.036167155811036085,0.019611317950328652,0.4710110788565771,0.8823529411764706,0.9393364366277243,0.0013048210951912722,0.02407819024046717
252,2018-04-18 12:00:00,16,0.0013994461982908,0.0016372105325809,0.0019834414717397,0.0030061839481773,0.0200106376699648,0.0311677103320719,0.0002377642318289,0.3807756304740906,0.7340122302657066,0.0013503118924674,0.001588076109659,0.0030061839481773,diffusion,0.03605659615631485,0.019618043382436345,0.4596172902439548,0.8823529411764706,0.9393364366277243,0.0013218054288912857,0.02412156663762667
258,2018-05-18 12:00:00,16,0.0014094048421326,0.0016360785411644,0.0019982080638148,0.0030019229671423,0.0199974215839375,0.0309437277254804,0.0002266736990317,0.3880923092365265,0.7313228384032444,0.0013068257167758,0.0015334992987091,0.0030019229671423,diffusion,0.03610809951115531,0.019610688398155385,0.4682290553862458,0.8823529411764706,0.9393364366277243,0.0013320716761603217,0.024299238192935037
264,2018-06-17 12:00:00,16,0.0014023943877905,0.0016328941639449,0.001969929239037,0.0029488087167378,0.020232317863968,0.0310327675550408,0.0002304998639782,0.3629555404186249,0.7252468659535274,0.0013497019262639,0.0015802018195167,0.0029488087167378,diffusion,0.03574690537300832,0.01984081706412389,0.4412896774637147,0.8823529411764706,0.9393364366277243,0.0013555237434246536,0.02419325367772253
270,2018-07-17 12:00:00,16,0.0014383703326461,0.001660707756293,0.001982686654664,0.0029245320852603,0.0197298265539302,0.0304250442332816,0.0002223376285692,0.3873327076435089,0.7134681524293348,0.0013294819388997,0.0015518197138421,0.0029245320852603,diffusion,0.035558245750445534,0.019340559597480586,0.4695977598910872,0.8823529411764706,0.9393364366277243,0.0013749216714623509,0.024296072251736443
276,2018-08-16 12:00:00,16,0.0014707520554536,0.0016996592917026,0.0020172644431615,0.0028679006636355,0.0203241594245092,0.0308978855416235,0.000228907192337,0.3931241035461426,0.6990973089565017,0.0012315782062488,0.0014604853253992,0.0028679006636355,diffusion,0.035069778010158016,0.01993060985420331,0.4724025871225308,0.8823529411764706,0.9393364366277243,0.0013892277081270319,0.024699608115602827
282,2018-09-15 12:00:00,16,0.0016058157161207,0.0018398752873575,0.0021448638927119,0.0029473356173254,0.0219185741976064,0.03207113581812,0.000234059351677,0.3565665483474731,0.675126144639028,0.0012749212875459,0.0015089807416842,0.0029473356173254,diffusion,0.0354168597815851,0.021522305113601238,0.43598662162855817,0.8823529411764706,0.9393364366277243,0.00148003836799364,0.025335083125091355
288,2018-10-15 12:00:00,16,0.0015246575405743,0.0017619917719915,0.0020900758360275,0.0029501747881007,0.0216107470504446,0.0318432220698976,0.0002373343338783,0.3639395833015442,0.6987961186733535,0.0012416027765588,0.0014789371250744,0.0029501747881007,diffusion,0.035710328985659824,0.021210490661575907,0.44174857729137784,0.8823529411764706,0.9393364366277243,0.0014794742291025546,0.02587247440848379
294,2018-11-14 12:00:00,16,0.0014941967019291,0.0017279287485987,0.0020462521823943,0.0029473866722812,0.0215827376663245,0.0321889221208562,0.0002337320759441,0.3493190407752991,0.705873622016252,0.0013263145409659,0.0015600467047339,0.0029473866722812,diffusion,0.035721903780383056,0.021184530630842604,0.42478204539281705,0.8823529411764706,0.9393364366277243,0.0014618535442075308,0.025915904919448254
300,2018-12-14 12:00:00,16,0.001438831115332,0.0016774180667423,0.0019914629547246,0.0028651467405845,0.0212869707755773,0.0318573588567705,0.000238586892861,0.3430889248847961,0.7099514245437349,0.0013316777703927,0.001570264721803,0.0028651467405845,diffusion,0.03544241310029403,0.02088719478281103,0.4219368685864424,0.8823529411764706,0.9393364366277243,0.0014583154958614053,0.026137655396444102
306,2019-01-13 12:00:00,16,0.0014141410089717,0.001653590859394,0.0019656724735489,0.0028977036427815,0.0208120331225553,0.0314240482421268,0.0002394497040491,0.3602936565876007,0.716955255590483,0.0014277222127041,0.0016671717118308,0.0028977036427815,diffusion,0.03564531088604888,0.020413118085879468,0.43758815952389796,0.8823529411764706,0.9393364366277243,0.0013712291917035932,0.025266607040638978
312,2019-02-12 12:00:00,16,0.0014491333262387,0.0016919453094376,0.0019797125863907,0.0029558381410406,0.0212676426625588,0.0316338676428828,0.000242811851463,0.3600286245346069,0.7167100528956416,0.0012829863311811,0.001525798080183,0.0029558381410406,diffusion,0.035700280134443756,0.020867295309860097,0.4373125133523672,0.8823529411764706,0.9393364366277243,0.0013746812641458647,0.025268514518186746
318,2019-03-14 12:00:00,16,0.0014609285433067,0.0017004127035961,0.0020086991546383,0.0029413331470645,0.0216782673140409,0.0321351833090861,0.0002394841163774,0.3405700027942657,0.7120143778896061,0.0012841457236519,0.0015236298839413,0.0029413331470645,diffusion,0.03563137137064222,0.021284918003946853,0.40954565548543087,0.8823529411764706,0.9393364366277243,0.0014081269961604397,0.02570501315961454
324,2019-04-13 12:00:00,16,0.0015951925381639,0.0018245821032268,0.0020977418078983,0.0029376712420705,0.021835149718541,0.0319491568260235,0.0002293895357883,0.3496581614017486,0.6773440454307823,0.0011447546870877,0.0013741441350522,0.0029376712420705,diffusion,0.03559443584051668,0.02144265692226448,0.4252246915562523,0.8823529411764706,0.9393364366277243,0.0015074937740592726,0.026250612341378987
330,2019-05-13 12:00:00,16,0.0015182242648494,0.0017457134379915,0.0020920894622196,0.0029263862232648,0.0212262322596735,0.0322485999154127,0.0002274894366137,0.3538588285446167,0.6941807947208667,0.0012417817031011,0.0014692709933417,0.0029263862232648,diffusion,0.03552369589337253,0.020833631651476402,0.4336746737581052,0.8823529411764706,0.9393364366277243,0.0014742190516508725,0.02574632989913588
336,2019-06-12 12:00:00,16,0.0014877525360416,0.0017189844121583,0.0020196305359061,0.0029295605300114,0.0214181937626782,0.0315274943319783,0.0002312317882927,0.3524828851222992,0.7035032549520618,0.0012421578235552,0.0014733896996718,0.0029295605300114,diffusion,0.03535427607393718,0.021026214907546758,0.4298032143170758,0.8823529411764706,0.9393364366277243,0.0014023746336453374,0.025097269842215227
342,2019-07-12 12:00:00,16,0.0014577078655452,0.0016822104408722,0.0019488696552668,0.0028892760621207,0.0210211841235582,0.0310927359581856,0.0002245025167777,0.3541458547115326,0.7039958576626837,0.0013449362505972,0.0015694387088257,0.0028892760621207,diffusion,0.03523545084355847,0.020631477359540025,0.4324064271096404,0.8823529411764706,0.9393364366277243,0.001392209985684656,0.025227595169171182
348,2019-08-11 12:00:00,16,0.0014419739225761,0.0016731990069784,0.0019908168050777,0.0028502105898488,0.0208125813160287,0.031247640903337,0.0002312250258531,0.3726342618465423,0.7035951179503768,0.0012954586119059,0.0015266836963083,0.0028502105898488,diffusion,0.0347427540319083,0.020419059494302515,0.4495262047408346,0.8823529411764706,0.9393364366277243,0.0013883547830915444,0.025092737304598666
354,2019-09-10 12:00:00,16,0.0014261801422619,0.0016550674717621,0.0020074590812855,0.002946488760811,0.0204175636666866,0.0311401474284194,0.000228887183127,0.3743420243263244,0.7213043580426806,0.001318243759503,0.0015471310890032,0.002946488760811,diffusion,0.03518989060664549,0.020023767097784705,0.4491506919011954,0.8823529411764706,0.9393364366277243,0.0014530579585325396,0.025572256791920527
360,2019-10-10 12:00:00,16,0.0015170756454427,0.0017490186608862,0.0020230987599441,0.0030680894872533,0.0217843196345502,0.0318664866083395,0.0002319431179047,0.3506704270839691,0.7128723401271949,0.0013842920101063,0.0016162350255498,0.0030680894872533,diffusion,0.03607160473347843,0.021387404115977084,0.4248045360695869,0.8823529411764706,0.9393364366277243,0.001464174188905063,0.025962368594783528
366,2019-11-09 12:00:00,16,0.00159596000188,0.001836365259147,0.0021160988748688,0.0030252192497899,0.0220006935799207,0.0322629903243263,0.0002404052865416,0.3529715538024902,0.6891983160146519,0.0012223802344087,0.0014627853745772,0.0030252192497899,diffusion,0.03611063590055781,0.02160417245385941,0.42879578140428976,0.8823529411764706,0.9393364366277243,0.0015479442039276307,0.026555285175928426
372,2019-12-09 12:00:00,16,0.0017188023239559,0.0019482858020338,0.0022268527651765,0.0030081825857585,0.0227292770507114,0.0329362009705118,0.0002294834195286,0.3586947023868561,0.6547832406805942,0.0011112078339819,0.0013406911949613,0.0030081825857585,diffusion,0.036062909721680206,0.022336260502457603,0.43228537748279905,0.8823529411764706,0.9393364366277243,0.0016146357396273532,0.026863285531634033
378,2020-01-08 12:00:00,16,0.0015952705257798,0.001835687024505,0.0021285750198449,0.0030686845819444,0.0223364270772485,0.0327035238833375,0.0002404164548131,0.3452946841716766,0.6953513024393119,0.0012295132909039,0.0014699296725305,0.0030686845819444,diffusion,0.03640474543125998,0.021937879970036052,0.42224113238046357,0.8823529411764706,0.9393364366277243,0.0015989421899583987,0.026944459721473975
384,2020-02-07 12:00:00,16,0.0016486429784264,0.0018843662854702,0.0021885343814778,0.0030556519847897,0.0221390747849308,0.0324482902859182,0.0002357233363184,0.3388645350933075,0.6791135449331139,0.0012264996433301,0.0014622230674724,0.0030556519847897,diffusion,0.03628701056953235,0.021746373144834217,0.4121291007865011,0.8823529411764706,0.9393364366277243,0.0015761763006689642,0.026698131051593584
390,2020-03-08 12:00:00,16,0.0017232743165283,0.0019617225061895,0.0022642587171883,0.0030485836837775,0.0234635339937148,0.0337230052300732,0.0002384482042985,0.3274180293083191,0.6610547972066749,0.0011386081856443,0.0013770563753055,0.0030485836837775,diffusion,0.03626376969492294,0.023070853768984427,0.39764559022444246,0.8823529411764706,0.9393364366277243,0.0015883014273674523,0.02704167178315856
396,2020-04-07 12:00:00,16,0.0016765021220997,0.0019004722504451,0.002209956619372,0.0030770835905657,0.0232415143160424,0.0334354163291905,0.0002239702747185,0.3184888660907745,0.6766624357678565,0.0011648526577916,0.0013888229032355,0.0030770835905657,diffusion,0.03640034193766005,0.022856411271069233,0.3874539439750606,0.8823529411764706,0.9393364366277243,0.0015979059949878523,0.02726294474483308
402,2020-05-07 12:00:00,16,0.0017177624890765,0.0019383201322806,0.0022103556911365,0.0030659369822136,0.0235459532312543,0.0334527075401946,0.000220557687116,0.3206452131271362,0.6647045512514429,0.0011611519931866,0.0013817098705877,0.0030659369822136,diffusion,0.036405846988728695,0.02315976122786612,0.38878388037699096,0.8823529411764706,0.9393364366277243,0.0016205942162369267,0.027429445473576015
408,2020-06-06 12:00:00,16,0.0015530460866677,0.0017766747557217,0.002058648700375,0.0030449355964091,0.0220345098520143,0.0321427576256558,0.00022362858123,0.3277437388896942,0.7017868553716737,0.0012869816156687,0.0015106102847226,0.0030449355964091,diffusion,0.036205039776340736,0.021646166578705845,0.4025830379279114,0.8823529411764706,0.9393364366277243,0.0015091992339468288,0.026129995791077578
414,2020-07-06 12:00:00,16,0.0015687893975187,0.0017874585928512,0.0020521804121919,0.003039396367903,0.0213927179570689,0.0314870178394199,0.0002186691660579,0.3590277731418609,0.6963051756079669,0.0013042563409962,0.0015229254192302,0.003039396367903,diffusion,0.03625745660110822,0.02100308968170972,0.43084114959196995,0.8823529411764706,0.9393364366277243,0.0015383360525681393,0.026159160096504167
420,2020-08-05 12:00:00,16,0.0015962391647576,0.0018130272894255,0.0020800201175105,0.0030345124227286,0.0217237554837994,0.0316814957486097,0.000216788271041,0.3618993759155273,0.690251387451259,0.0012135789923628,0.0014303673512278,0.0030345124227286,diffusion,0.03589076727404318,0.021336187737118845,0.4324104098297994,0.8823529411764706,0.9393364366277243,0.0015319084034910902,0.02606987229566969
426,2020-09-04 12:00:00,16,0.0016148094681375,0.00183864985132,0.002179011461238,0.0030957699385814,0.0218560457969883,0.0325688769986871,0.0002238402368093,0.3543033301830292,0.6941628892125776,0.0012364473970093,0.0014602875459948,0.0030957699385814,diffusion,0.03620804494872648,0.021466521469804344,0.42971402391651736,0.8823529411764706,0.9393364366277243,0.001532982175176682,0.026209895825159795
432,2020-10-04 12:00:00,16,0.0014988819309109,0.001730214980151,0.0020195895514233,0.0031748505521424,0.0209928603537835,0.031367796987016,0.0002313329760534,0.3493493795394897,0.7311919777615075,0.0015334382903789,0.0017647712225204,0.0031748505521424,diffusion,0.036927858218526434,0.020598960052976106,0.4239540979867229,0.8823529411764706,0.9393364366277243,0.0015578989433420228,0.026452111887563964
438,2020-11-03 12:00:00,16,0.0015810655382183,0.0018092213532488,0.0021373979251175,0.003231480802782,0.0220430339302886,0.0326884043110569,0.000228155800393,0.3322285413742065,0.7204034972270749,0.0013146981333417,0.0015428540654706,0.003231480802782,diffusion,0.037208833860415846,0.021647866136841217,0.4087156350088321,0.8823529411764706,0.9393364366277243,0.0016230112636565356,0.027091098223272433
444,2020-12-03 12:00:00,16,0.0016267986003587,0.0018590856512612,0.0021531865530966,0.0032605666705766,0.0222416886774612,0.0324075416780453,0.0002322870509024,0.3430185914039612,0.7103100274643714,0.0014090802450284,0.0016413674130294,0.0032605666705766,diffusion,0.03740810356064444,0.021844566410573543,0.4171604858238993,0.8823529411764706,0.9393364366277243,0.0016497905523203235,0.02710792318681162
450,2021-01-03 12:00:00,16,0.0015706621541882,0.0018011961231111,0.0021435277985707,0.0032754473166127,0.0221357420328022,0.032742729623796,0.0002305339689228,0.3220317661762237,0.7275686318769921,0.0013177727892457,0.00154830664107,0.0032754473166127,diffusion,0.037623021393675675,0.021742486644220634,0.3933066781467005,0.8823529411764706,0.9393364366277243,0.0016547232547280497,0.02723721827490011
456,2021-02-02 12:00:00,16,0.0016304348607763,0.0018582115107911,0.0021523127639221,0.0032472670887907,0.0224974189513769,0.0327138563395998,0.0002277767671132,0.3311360478401184,0.7102332343362366,0.0012709865429945,0.0014987631930092,0.0032472670887907,diffusion,0.03757059134848843,0.022100925796256023,0.4052382567369932,0.8823529411764706,0.9393364366277243,0.0016431690890376387,0.02702695244327226
462,2021-03-04 12:00:00,16,0.0016067844721969,0.0018412179390159,0.0021160429017751,0.0032194447140534,0.0220231642285373,0.0321013591113037,0.0002344333204458,0.3397451937198639,0.7135215795633225,0.0012297675117961,0.0014642007444181,0.0032194447140534,diffusion,0.037599998604533065,0.021627386332691675,0.4139917434791869,0.8823529411764706,0.9393364366277243,0.0015688875437747522,0.026424625993687438
468,2021-04-03 12:00:00,16,0.0015693035771307,0.0017989342480514,0.0020570727884599,0.0032535267074069,0.021868219654942,0.0320196558276499,0.0002296306562833,0.3416119813919067,0.7227720146064477,0.00135608121957,0.0015857118904907,0.0032535267074069,diffusion,0.03776777000316164,0.021478590132853206,0.41529056522432484,0.8823529411764706,0.9393364366277243,0.001507046811883061,0.025921319607315082
474,2021-05-03 12:00:00,16,0.001688267361946,0.0019198452641965,0.0021915564601452,0.003221351546393,0.0225402572991892,0.0327227014082693,0.0002315779168878,0.3285524249076843,0.6937354520608173,0.001229740813333,0.001461318598485,0.003221351546393,diffusion,0.03759718165209082,0.02214784563270147,0.39905589154369636,0.8823529411764706,0.9393364366277243,0.0016639547724267524,0.02708856305974546
480,2021-06-02 12:00:00,16,0.0017182961070433,0.0019412539186621,0.0023049115770306,0.0032399266508124,0.022661488634645,0.0335553531354801,0.0002229578994426,0.3343563079833984,0.6901332831680277,0.0011999391222707,0.0014228971680865,0.0032399266508124,diffusion,0.03759161751208447,0.022271412860709758,0.4120930921616832,0.8823529411764706,0.9393364366277243,0.001702508713223932,0.02727611225387953
486,2021-07-02 12:00:00,16,0.0016012296695874,0.0018280582899643,0.0021271684323932,0.0032341066200495,0.0217043758538039,0.0323119235268043,0.0002268285911023,0.3486466705799103,0.7158475348766452,0.0012721510878002,0.0014989797081772,0.0032341066200495,diffusion,0.037578121821325514,0.02131307406937203,0.4238552925874046,0.8823529411764706,0.9393364366277243,0.0016595859050571333,0.026866753505626378
492,2021-08-01 12:00:00,16,0.0016654556329843,0.0018945769253323,0.0022772812438701,0.0032698973150426,0.0220438832999353,0.0329217445141918,0.000229121248436,0.3561044335365295,0.7046613967866109,0.0012678821440657,0.0014970034364138,0.0032698973150426,diffusion,0.03740202692800201,0.021649302956894184,0.4305834122821466,0.8823529411764706,0.9393364366277243,0.0016758039797619,0.02682735861664566
498,2021-08-31 12:00:00,16,0.0017080291427919,0.0019379683683192,0.0022829794921696,0.0033245867747711,0.0225424051608464,0.0328384296738211,0.0002299394011751,0.3368740379810333,0.7014280046297261,0.0012862629820364,0.0015162022075637,0.0033245867747711,diffusion,0.03759670792444179,0.02214871634998446,0.4104697439288998,0.8823529411764706,0.9393364366277243,0.00169903431103639,0.027071395779178033
504,2021-09-30 12:00:00,16,0.0017144276402556,0.0019468146932963,0.0022883664925964,0.0033043718226433,0.0228190777463939,0.0333190698599146,0.0002323870091287,0.3215831220149994,0.697257875023138,0.001413133376186,0.0016455203121281,0.0033043718226433,diffusion,0.037768339531562084,0.02242339332478102,0.3941017550394008,0.8823529411764706,0.9393364366277243,0.0017505122125864468,0.02778751929867333
510,2021-10-30 12:00:00,16,0.0017243162591811,0.0019574815490019,0.0022423924416969,0.0033862267343982,0.0231334924618733,0.0332179592063546,0.0002331653044581,0.3153261244297027,0.7052202327446084,0.0013093798697475,0.0015425450424699,0.0033862267343982,diffusion,0.03838302535487882,0.02273638651910275,0.3902076725774464,0.8823529411764706,0.9393364366277243,0.0017718963002351742,0.028124872945218777
516,2021-11-29 12:00:00,16,0.0017111101220161,0.0019428347487152,0.0022120332445692,0.0033534206465454,0.0228094110479883,0.032786661716659,0.0002317248023469,0.3294849693775177,0.7049806710671435,0.0012955296907091,0.0015272545516053,0.0033534206465454,diffusion,0.03832880990232117,0.022414094491248947,0.402086494961452,0.8823529411764706,0.9393364366277243,0.0017529524138162177,0.02787907711622832
522,2021-12-29 12:00:00,16,0.0017778237264239,0.002010768519727,0.0023340299982144,0.0034208715032506,0.0234902462067725,0.033756998509216,0.0002329451299613,0.3202856481075287,0.6979081156098519,0.0012880462754348,0.0015209914200334,0.0034208715032506,diffusion,0.03847084880117045,0.023095433758483632,0.3936656045927407,0.8823529411764706,0.9393364366277243,0.0018439805879304657,0.028848524498821203
528,2022-01-28 12:00:00,16,0.0018743367970222,0.0021127753846046,0.002415841817713,0.0034137884478246,0.0244149865118246,0.0348006188620548,0.0002384382070122,0.3070627748966217,0.6763759068508357,0.0012390394899023,0.0014774777261891,0.0034137884478246,diffusion,0.038559655123829244,0.02401570145632965,0.3811958443773733,0.8823529411764706,0.9393364366277243,0.0018982693284671677,0.029681360358601246
534,2022-02-27 12:00:00,16,0.0019659586623377,0.0021977160766232,0.0025185163783656,0.0033906104346847,0.0251256037671174,0.0351677103470089,0.0002317572240003,0.2976078689098358,0.6511185891313268,0.0011517414875283,0.0013834986676167,0.0033906104346847,diffusion,0.03847919786300994,0.024731477471248348,0.37106522837217426,0.8823529411764706,0.9393364366277243,0.001951254436288494,0.029871588456500894
540,2022-03-29 12:00:00,16,0.001884281974534,0.0021169234826639,0.0024278683043628,0.0033681080800194,0.0251004000768226,0.0351240847141118,0.0002326417130523,0.2888407409191131,0.6673944604546928,0.0012074778080475,0.001440119433276,0.0033681080800194,diffusion,0.038327632268189346,0.02470963131943215,0.3574356825611176,0.8823529411764706,0.9393364366277243,0.001930047623306177,0.02980070523973527
546,2022-04-28 12:00:00,16,0.0018154259355594,0.0020348079095981,0.0023947643178689,0.003388119046521,0.0237517093955665,0.0341735700691734,0.0002193818569401,0.305754005908966,0.6824188122704009,0.0014511515192732,0.0016705333762134,0.003388119046521,diffusion,0.03806885306826911,0.02336194281518771,0.3786948842053448,0.8823529411764706,0.9393364366277243,0.0018775208502408679,0.02922989959348675
552,2022-05-28 12:00:00,16,0.0017518451850211,0.0019788015598861,0.0022644753494548,0.0033579270660834,0.0235214285082976,0.0336672929217989,0.0002269563602276,0.3103972375392914,0.6925213115553491,0.0014369824809581,0.001663938855823,0.0033579270660834,diffusion,0.03797378255889614,0.023131684891568815,0.3846379745475019,0.8823529411764706,0.9393364366277243,0.0017498104851290303,0.0279686614604408
558,2022-06-27 12:00:00,16,0.001686113217527,0.001905809718197,0.0021657650421812,0.0032918097273518,0.0224360899716595,0.0321147640929133,0.0002196966324058,0.3400376737117767,0.6981086427325983,0.0014847304573742,0.0017044270751427,0.0032918097273518,diffusion,0.03764048236399379,0.02204728060405523,0.4179213536971247,0.8823529411764706,0.9393364366277243,0.0016664992278639047,0.027197661076210022
564,2022-07-27 12:00:00,16,0.0016941782611622,0.0019098738566157,0.002201235589814,0.0033220956208045,0.0223401362995938,0.0325921256857515,0.0002156954051683,0.3411468863487243,0.6994419342117852,0.0015178447485381,0.0017335401097945,0.0033220956208045,diffusion,0.0379094928357832,0.021954412630882648,0.41228337434097284,0.8823529411764706,0.9393364366277243,0.0016405136174167752,0.026878078472277155
570,2022-08-26 12:00:00,16,0.0017251827882472,0.0019554038699181,0.0023309758345518,0.0033401154440304,0.0227587024912254,0.0335522013532452,0.000230220906023,0.3370277881622314,0.6966444320378101,0.0013869592802507,0.0016171802448231,0.0033401154440304,diffusion,0.0376383485162342,0.02236666413074679,0.41140794560521954,0.8823529411764706,0.9393364366277243,0.0017141696924440246,0.02755514080839931
576,2022-09-25 12:00:00,16,0.0016862576000051,0.0019148078028592,0.0022674899338168,0.003416654317063,0.0223679607509759,0.0331534044713071,0.0002285503053152,0.3479581773281097,0.7132192553046385,0.0015083393930767,0.0017368898301278,0.003416654317063,diffusion,0.038196346960611666,0.021973260680391717,0.4257325633581104,0.8823529411764706,0.9393364366277243,0.0017104802970754741,0.027253234775196318
582,2022-10-25 12:00:00,16,0.0016658131347734,0.0018984787651989,0.0021873844739873,0.0034205539320577,0.0223061298109696,0.0327600631051403,0.0002326656889748,0.3351587951183319,0.7182508585684944,0.0015456042413689,0.0017782698717945,0.0034205539320577,diffusion,0.03841197449374249,0.021907575485000448,0.4124063905769617,0.8823529411764706,0.9393364366277243,0.0016967261079777823,0.027141870054999583
588,2022-11-24 12:00:00,16,0.0018251248548784,0.0020557961803681,0.0023726771945641,0.0034579294384536,0.0234242991923974,0.0338098285086736,0.0002306714133135,0.3254498243331909,0.6869579663490695,0.0015276228264584,0.0017582941519481,0.0034579294384536,diffusion,0.03849169906935174,0.023028436102853947,0.3980571650087654,0.8823529411764706,0.9393364366277243,0.0017265865916961263,0.027057300453674046
0,2014-11-04 12:00:00,1,0.0011061916845756,0.0011061916845756,0.0016638382681922,0.0027990015324046,0.0215896964210663,0.0288574486700405,0.0,0.0,0.7784771168953982,0.0014927988968666,0.0014927988968666,0.0027990015324046,deterministic,0.03432235652107516,0.021589696814366125,0.0,0.0,0.0,0.0009872940136205115,0.02138127736408698
6,2014-12-04 12:00:00,1,0.0010340641470807,0.0010340641470807,0.0015911415147797,0.0027737593065109,0.0206691355958933,0.0280336631466693,0.0,0.0,0.792483441448666,0.0015515240400729,0.0015515240400729,0.0027737593065109,deterministic,0.034267037115093796,0.020669135276089805,0.0,0.0,0.0,0.0009711168517701384,0.020777662961601193
12,2015-01-03 12:00:00,1,0.0011025469930643,0.0011025469930643,0.0015966525225418,0.0028068668059606,0.0214403724817584,0.0282986479831743,0.0,0.0,0.7799396531074778,0.001504400784274,0.001504400784274,0.0028068668059606,deterministic,0.03450630690144569,0.02144037352985208,0.0,0.0,0.0,0.0010281044258178833,0.021436424830480947
18,2015-02-02 12:00:00,1,0.0011412938402567,0.0011412938402567,0.001640906044851,0.0027541982325325,0.021590053077061,0.0287269284273441,0.0,0.0,0.766419480273907,0.0014063183592779,0.0014063183592779,0.0027541982325325,deterministic,0.03405753895932414,0.02159005202067353,0.0,0.0,0.0,0.0010827554878091407,0.02169907796087913
24,2015-03-04 12:00:00,1,0.0012163724947144,0.0012163724947144,0.0017716911597047,0.0027605824439765,0.0229622896587105,0.0295712097818796,0.0,0.0,0.7487215065606149,0.0013713390399469,0.0013713390399469,0.0027605824439765,deterministic,0.03413349504341151,0.022962287952029137,0.0,0.0,0.0,0.0011083875842488673,0.02207757160698987
30,2015-04-03 12:00:00,1,0.00125106773303,0.00125106773303,0.0017515676615229,0.0027925842991772,0.0232765432185182,0.0297922678093143,0.0,0.0,0.743921457709763,0.0013729602689902,0.0013729602689902,0.0027925842991772,deterministic,0.03408696204193903,0.023276543801279772,0.0,0.0,0.0,0.0010836011116539474,0.021656104230601974
36,2015-05-03 12:00:00,1,0.0012363685897037,0.0012363685897037,0.0017331247613354,0.0028034023290753,0.0227968250542185,0.0295977317784068,0.0,0.0,0.7478453482976903,0.0014185563258592,0.0014185563258592,0.0028034023290753,deterministic,0.034130883431165715,0.022796825874113073,0.0,0.0,0.0,0.0010969817012410124,0.021793071046149776
42,2015-06-02 12:00:00,1,0.0012387937001037,0.0012387937001037,0.0016812073749289,0.0027786994589761,0.0223009411267203,0.0287223103926863,0.0,0.0,0.7448224552001128,0.0013979414822773,0.0013979414822773,0.0027786994589761,deterministic,0.034031773723693995,0.022300939791753592,0.0,0.0,0.0,0.0011271247781352164,0.022203626306888647
48,2015-07-02 12:00:00,1,0.0012007473362726,0.0012007473362726,0.0017203515374079,0.0027906643518031,0.0222008343937381,0.0288470713015418,0.0,0.0,0.7558856699210073,0.0013782119035251,0.0013782119035251,0.0027906643518031,deterministic,0.03412569828009785,0.022200833740085125,0.0,0.0,0.0,0.0011461377568741501,0.022156495829280757
54,2015-08-01 12:00:00,1,0.001131912375032,0.001131912375032,0.0016210898131921,0.0027324525685192,0.0214965061724857,0.0281161272964451,0.0,0.0,0.7656858549619037,0.0014406796326074,0.0014406796326074,0.0027324525685192,deterministic,0.033580184129216026,0.021496504947580763,0.0,0.0,0.0,0.0011024869693064645,0.021894350608426892
60,2015-08-31 12:00:00,1,0.0012943434826766,0.0012943434826766,0.0018934738572508,0.0027363140093956,0.0236689282182398,0.0306047116720529,0.0,0.0,0.7259312974243438,0.001296830772392,0.001296830772392,0.0027363140093956,deterministic,0.033856521066899,0.023668927386314813,0.0,0.0,0.0,0.001234257672140552,0.023491479488345374
66,2015-09-30 12:00:00,1,0.0015254686820394,0.0015254686820394,0.0021505679959375,0.0028860329014429,0.0254125427615208,0.0327366374110267,0.0,0.0,0.6856303669413986,0.0013173919848507,0.0013173919848507,0.0028860329014429,deterministic,0.034486631414471745,0.02541254197097211,0.0,0.0,0.0,0.001375354846187722,0.02486301005792362
72,2015-10-30 12:00:00,1,0.0014448625089279,0.0014448625089279,0.002042005018985,0.0029829492593525,0.0245929314342361,0.0315446191035182,0.0,0.0,0.7179819579051817,0.0014206918516132,0.0014206918516132,0.0029829492593525,deterministic,0.03505320711355107,0.02459292990255167,0.0,0.0,0.0,0.0013478991539249154,0.024640251954256176
78,2015-11-29 12:00:00,1,0.0013608711346309,0.0013608711346309,0.001929267713904,0.0029934159936833,0.0242734416360463,0.0309184791229493,0.0,0.0,0.738908999713591,0.001469835876614,0.001469835876614,0.0029934159936833,deterministic,0.035040376618427835,0.024273440068857316,0.0,0.0,0.0,0.0013702617831314763,0.024793446375711008
84,2015-12-29 12:00:00,1,0.0014096950122713,0.0014096950122713,0.0019819913236376,0.0028865795173457,0.0247007736394597,0.0310952034892899,0.0,0.0,0.7162670591014215,0.0014037303648332,0.0014037303648332,0.0028865795173457,deterministic,0.034868948425122843,0.024700772169812805,0.0,0.0,0.0,0.0013834744968976309,0.02503691685432635
90,2016-01-28 12:00:00,1,0.0014176052516599,0.0014176052516599,0.0019603353570926,0.0029009421195184,0.0253067585934816,0.0316258653391194,0.0,0.0,0.7176707396807438,0.0014224952859575,0.0014224952859575,0.0029009421195184,deterministic,0.03505837025172666,0.02530675730851719,0.0,0.0,0.0,0.001320186743683418,0.024342958729646896
96,2016-02-27 12:00:00,1,0.0014175283179306,0.0014175283179306,0.0019723573939985,0.0028659179514533,0.0250881073335373,0.0314888671668001,0.0,0.0,0.7105392264070662,0.0014028563414616,0.0014028563414616,0.0028659179514533,deterministic,0.03486700328312103,0.025088108665360712,0.0,0.0,0.0,0.0013055903339030902,0.024548563320344465
102,2016-03-28 12:00:00,1,0.0013867405402108,0.0013867405402108,0.0019085607137849,0.0028177988898195,0.0251273764795061,0.0310870004014109,0.0,3.1190280424198136e-05,0.7139001531642352,0.0013659454820028,0.0013659454820028,0.0028177988898195,deterministic,0.034669882415104,0.02512737493610316,3.1190280424198136e-05,0.0,0.0,0.0013091120352014558,0.024535632441550118
108,2016-04-27 12:00:00,1,0.001325605860708,0.001325605860708,0.0018389479841582,0.0027848026339662,0.0241636576370736,0.0306702782533669,0.0,0.0,0.72522818975866,0.0013929453567184,0.0013929453567184,0.0027848026339662,deterministic,0.03453268959577911,0.024163658818714094,0.0,0.0,0.0,0.0012883467076207646,0.02414442185089574
114,2016-05-27 12:00:00,1,0.0014052128321274,0.0014052128321274,0.0019607928610198,0.0027564516764986,0.025095280081876,0.0316259313865259,0.0,0.0,0.7035871891459583,0.0013483139574773,0.0013483139574773,0.0027564516764986,deterministic,0.03448976293107074,0.025095279766093496,0.0,0.0,0.0,0.0012769145224973367,0.024438918971538267
120,2016-06-26 12:00:00,1,0.0013398925830382,0.0013398925830382,0.0018811255838613,0.0026743033158464,0.0242594105250237,0.0308501623276313,0.0,0.0,0.7089713169499015,0.0012901876561148,0.0012901876561148,0.0026743033158464,deterministic,0.03423534561233677,0.0242594088735545,0.0,0.0,0.0,0.001256798768049351,0.02414770400486515
126,2016-07-26 12:00:00,1,0.0014000910598539,0.0014000910598539,0.0019328437856812,0.0027501920578824,0.0243219891216708,0.0307894647611195,0.0,0.0,0.701678532195685,0.0012742054642781,0.0012742054642781,0.0027501920578824,deterministic,0.03461867584329546,0.02432198896957971,0.0,0.0,0.0,0.0012499468197852731,0.02402704996615326
132,2016-08-25 12:00:00,1,0.001261916442741,0.001261916442741,0.0018301165306935,0.0026828620468523,0.0227969412976538,0.029940953730676,0.0,0.0,0.7287530512231826,0.0013610747689614,0.0013610747689614,0.0026828620468523,deterministic,0.03409079127266909,0.02279694175670913,0.0,0.0,0.0,0.001242820270243558,0.02374453294627403
138,2016-09-24 12:00:00,1,0.0013161348151136,0.0013161348151136,0.0018428418613253,0.0027563584660747,0.0237582982848323,0.0303356081192827,0.0,0.0,0.7258181268975007,0.0014377917488467,0.0014377917488467,0.0027563584660747,deterministic,0.034641003226389334,0.023758299244301423,0.0,0.0,0.0,0.001273465059031983,0.024043614394723696
144,2016-10-24 12:00:00,1,0.0013147042224649,0.0013147042224649,0.0018689597499698,0.0028121331949093,0.0235203585403134,0.0305321784103083,0.0,0.0,0.7311456399103456,0.0014894087775432,0.0014894087775432,0.0028121331949093,deterministic,0.035128756198084296,0.023520359014806598,0.0,0.0,0.0,0.001241864948403112,0.02366128768687065
150,2016-11-23 12:00:00,1,0.0014123907373566,0.0014123907373566,0.0020471559487905,0.0028125013526639,0.0245179649860385,0.0317219088356579,0.0,0.0,0.7054996194626524,0.0014212451421318,0.0014212451421318,0.0028125013526639,deterministic,0.035097921953972086,0.02451796588703426,0.0,0.0,0.0,0.001266891841779935,0.024265036257456473
156,2016-12-23 12:00:00,1,0.0014419544842213,0.0014419544842213,0.0019271905032143,0.0027959497107124,0.0250076140383694,0.031106959927635,0.0,0.0,0.6954257705970474,0.0013911341938716,0.0013911341938716,0.0027959497107124,deterministic,0.034971461699996056,0.025007614999227497,0.0,0.0,0.0,0.001279005645020014,0.024137747049489004
162,2017-01-23 12:00:00,1,0.0013227597811198,0.0013227597811198,0.0018196329341755,0.0027929421522618,0.0236532881923965,0.0300985454843212,0.0,0.0,0.7257074698042233,0.0014826738560244,0.0014826738560244,0.0027929421522618,deterministic,0.035180950747844886,0.023653286252429847,0.0,0.0,0.0,0.001264924694645317,0.023791328524475915
168,2017-02-22 12:00:00,1,0.0014060624990063,0.0014060624990063,0.0018889211837965,0.0027883610238665,0.023846571964478,0.0303107875039452,0.0,0.0,0.7041061120872225,0.0014894677951985,0.0014894677951985,0.0027883610238665,deterministic,0.035267348854831806,0.02384657080362453,0.0,0.0,0.0,0.0012621193971873916,0.023360233636985497
174,2017-03-24 12:00:00,1,0.0013213794237372,0.0013213794237372,0.001770341950529,0.0027903538065215,0.0232752407636633,0.0293150462369777,0.0,0.0,0.7250448780278815,0.0014578370252155,0.0014578370252155,0.0027903538065215,deterministic,0.035461478794476024,0.02327524013787393,0.0,0.0,0.0,0.00125914824143414,0.023290841695524735
180,2017-04-23 12:00:00,1,0.0013643368995998,0.0013643368995998,0.0018691067086155,0.002832118633933,0.0233378061508291,0.0299227272883968,0.0,0.0,0.7194642847859005,0.0014389025454307,0.0014389025454307,0.002832118633933,deterministic,0.03549180283521546,0.023337805701426833,0.0,0.0,0.0,0.0012265754397359694,0.023103171076936668
186,2017-05-23 12:00:00,1,0.0012670256854725,0.0012670256854725,0.0018580615075838,0.0028165951170087,0.0230278456724395,0.0306445673189907,0.0,0.0,0.7416084126528452,0.0014789546898528,0.0014789546898528,0.0028165951170087,deterministic,0.035273615078858525,0.023027846745143157,0.0,0.0,0.0,0.001205508389729925,0.02305616948859559
192,2017-06-22 12:00:00,1,0.0012171359770808,0.0012171359770808,0.001799714124211,0.0027506433555879,0.0224883757404881,0.0297064880797355,0.0,0.0,0.746931597207646,0.0015327064246135,0.0015327064246135,0.0027506433555879,deterministic,0.03510724006019649,0.022488376844255035,0.0,0.0,0.0,0.001154060712841001,0.022469293355003812
198,2017-07-22 12:00:00,1,0.0011717460136112,0.0011717460136112,0.0017394500722226,0.0028600349216854,0.0222549219358141,0.0292581979133128,0.0,0.0,0.7682551702148271,0.001623754272972,0.001623754272972,0.0028600349216854,deterministic,0.035291839233279075,0.02225492307405029,0.0,0.0,0.0,0.0011458879927412,0.022407048762240624
204,2017-08-21 12:00:00,1,0.0012641489260715,0.0012641489260715,0.0018343885189895,0.0028817056426443,0.0230668004327536,0.0299993026514151,0.0,0.0,0.7490177472497173,0.0015317181130841,0.0015317181130841,0.0028817056426443,deterministic,0.03502047450155283,0.023066797571795236,0.0,0.0,0.0,0.0011830900578533208,0.02287446228148685
210,2017-09-20 12:00:00,1,0.0013660794427124,0.0013660794427124,0.0018877719788971,0.0029210392705326,0.0239017241907457,0.0303485402014622,0.0,0.0,0.7293899522370663,0.001493585681839,0.001493585681839,0.0029210392705326,deterministic,0.03557655776356969,0.02390172159715797,0.0,0.0,0.0,0.0012600949097480618,0.023666799142946886
216,2017-10-20 12:00:00,1,0.0013728386036254,0.0013728386036254,0.0018985856761499,0.0030164464626849,0.0236291227673308,0.0301846501671396,0.0,0.0,0.7385010466070879,0.0015662557367884,0.0015662557367884,0.0030164464626849,deterministic,0.036317060668236596,0.02362912357831275,0.0,0.0,0.0,0.0012671231086167378,0.02375638675942293
222,2017-11-19 12:00:00,1,0.001382224752791,0.001382224752791,0.0018450374586212,0.0029806520205391,0.0239788649195631,0.0301737919735221,0.0,0.0,0.7334626491185573,0.0014344765725776,0.0014344765725776,0.0029806520205391,deterministic,0.03612370323053153,0.023978864149650354,0.0,0.0,0.0,0.001261848111793407,0.0238748559167668
228,2017-12-19 12:00:00,1,0.0014460559770687,0.0014460559770687,0.0019502898261471,0.0029720996128533,0.0250269025229441,0.0313141638510963,0.0,0.0,0.7176173999388094,0.0013818558924452,0.0013818558924452,0.0029720996128533,deterministic,0.036086394632095085,0.025026902885153923,0.0,0.0,0.0,0.0012909869684032754,0.024142867451870772
234,2018-01-18 12:00:00,1,0.0014090057703681,0.0014090057703681,0.0018743597483326,0.0030311641075777,0.0242395513908575,0.0302893564415058,0.0,3.149165786453523e-05,0.7319755636321486,0.0014946306690533,0.0014946306690533,0.0030311641075777,deterministic,0.036428383979989314,0.024239551252984638,3.149165786453523e-05,0.0,0.0,0.0012593883630884362,0.02360673869506868
240,2018-02-17 12:00:00,1,0.0014326890636324,0.0014326890636324,0.0019415967831359,0.0030330721109025,0.0242437546478029,0.0305299380822821,0.0,0.0,0.7270219554864656,0.0014763490135312,0.0014763490135312,0.0030330721109025,deterministic,0.036232318452302854,0.024243753169732374,0.0,0.0,0.0,0.001287811808268866,0.023545506679881485
246,2018-03-19 12:00:00,1,0.0014412287075792,0.0014412287075792,0.0020291871805204,0.0030115386294119,0.0244497776436372,0.0315534271856401,0.0,0.0,0.7231041861179476,0.0013806426346541,0.0013806426346541,0.0030115386294119,deterministic,0.036167155811036085,0.02444977660186123,0.0,0.0,0.0,0.0013048210951912722,0.02407819024046717
252,2018-04-18 12:00:00,1,0.001446847680179,0.001446847680179,0.0019834414717397,0.0030061839481773,0.0243849719284452,0.0311677103320719,0.0,0.0,0.7218741097876823,0.0013645351473984,0.0013645351473984,0.0030061839481773,deterministic,0.03605659615631485,0.024384969696088422,0.0,0.0,0.0,0.0013218054288912857,0.02412156663762667
258,2018-05-18 12:00:00,1,0.0014793799916864,0.0014793799916864,0.0019982080638148,0.0030019229671423,0.0247962729053692,0.0309437277254804,0.0,0.0,0.7131699385212714,0.0013392157535784,0.0013392157535784,0.0030019229671423,deterministic,0.03610809951115531,0.02479627260732435,0.0,0.0,0.0,0.0013320716761603217,0.024299238192935037
264,2018-06-17 12:00:00,1,0.0014445039532521,0.0014445039532521,0.001969929239037,0.0029488087167378,0.0245566608405194,0.0310327675550408,0.0,0.0,0.7146127704564823,0.0013554706678739,0.0013554706678739,0.0029488087167378,deterministic,0.03574690537300832,0.02455665974196828,0.0,0.0,0.0,0.0013555237434246536,0.02419325367772253
270,2018-07-17 12:00:00,1,0.0014531869257904,0.0014531869257904,0.001982686654664,0.0029245320852603,0.0239842253270692,0.0304250442332816,0.0,0.0,0.7100246974646123,0.001330432778902,0.001330432778902,0.0029245320852603,deterministic,0.035558245750445534,0.023984225256527616,0.0,0.0,0.0,0.0013749216714623509,0.024296072251736443
276,2018-08-16 12:00:00,1,0.0014932218567297,0.0014932218567297,0.0020172644431615,0.0028679006636355,0.0247788099711083,0.0308978855416235,0.0,0.0,0.692975339330879,0.0012773119709802,0.0012773119709802,0.0028679006636355,deterministic,0.035069778010158016,0.02477880855970246,0.0,0.0,0.0,0.0013892277081270319,0.024699608115602827
282,2018-09-15 12:00:00,1,0.0015808389525774,0.0015808389525774,0.0021448638927119,0.0029473356173254,0.0258180421342637,0.03207113581812,0.0,0.0,0.6809989713597016,0.0012635949329618,0.0012635949329618,0.0029473356173254,deterministic,0.0354168597815851,0.025818042950981935,0.0,0.0,0.0,0.00148003836799364,0.025335083125091355
288,2018-10-15 12:00:00,1,0.0015500461396211,0.0015500461396211,0.0020900758360275,0.0029501747881007,0.0257568161885004,0.0318432220698976,0.0,0.0,0.6901667726753379,0.0012673090638969,0.0012673090638969,0.0029501747881007,deterministic,0.035710328985659824,0.02575681553746363,0.0,0.0,0.0,0.0014794742291025546,0.02587247440848379
294,2018-11-14 12:00:00,1,0.0015292173570386,0.0015292173570386,0.0020462521823943,0.0029473866722812,0.0259241829582976,0.0321889221208562,0.0,0.0,0.6949707705379631,0.0013152906518653,0.0013152906518653,0.0029473866722812,deterministic,0.035721903780383056,0.0259241823263479,0.0,0.0,0.0,0.0014618535442075308,0.025915904919448254
300,2018-12-14 12:00:00,1,0.0014855311770707,0.0014855311770707,0.0019914629547246,0.0028651467405845,0.0257518916938768,0.0318573588567705,0.0,0.0,0.6957595830317607,0.0013350278420215,0.0013350278420215,0.0028651467405845,deterministic,0.03544241310029403,0.025751890025537114,0.0,0.0,0.0,0.0014583154958614053,0.026137655396444102
306,2019-01-13 12:00:00,1,0.0014765881287141,0.0014765881287141,0.0019656724735489,0.0028977036427815,0.0254622368301209,0.0314240482421268,0.0,0.0,0.7003211754198436,0.0013942953855837,0.0013942953855837,0.0028977036427815,deterministic,0.03564531088604888,0.025462236817978847,0.0,0.0,0.0,0.0013712291917035932,0.025266607040638978
312,2019-02-12 12:00:00,1,0.0015321335786417,0.0015321335786417,0.0019797125863907,0.0029558381410406,0.0261184495157869,0.0316338676428828,0.0,0.0,0.6941389446278047,0.0013215058901414,0.0013215058901414,0.0029558381410406,deterministic,0.035700280134443756,0.02611844804784982,0.0,0.0,0.0,0.0013746812641458647,0.025268514518186746
318,2019-03-14 12:00:00,1,0.0015251112973488,0.0015251112973488,0.0020086991546383,0.0029413331470645,0.0264168067858143,0.0321351833090861,0.0,0.0,0.6938684722497906,0.0013513448185339,0.0013513448185339,0.0029413331470645,deterministic,0.03563137137064222,0.026416807174873158,0.0,0.0,0.0,0.0014081269961604397,0.02570501315961454
324,2019-04-13 12:00:00,1,0.0017040621961468,0.0017040621961468,0.0020977418078983,0.0029376712420705,0.0271037077384053,0.0319491568260235,0.0,0.0,0.6471264462255334,0.0012183344804581,0.0012183344804581,0.0029376712420705,deterministic,0.03559443584051668,0.027103708141880484,0.0,0.0,0.0,0.0015074937740592726,0.026250612341378987
330,2019-05-13 12:00:00,1,0.0015631324849976,0.0015631324849976,0.0020920894622196,0.0029263862232648,0.0258311010274636,0.0322485999154127,0.0,0.0,0.6823080479699579,0.0012424837087432,0.0012424837087432,0.0029263862232648,deterministic,0.03552369589337253,0.02583109968501268,0.0,0.0,0.0,0.0014742190516508725,0.02574632989913588
336,2019-06-12 12:00:00,1,0.0015148675186048,0.0015148675186048,0.0020196305359061,0.0029295605300114,0.0255249871500247,0.0315274943319783,0.0,0.0,0.6954367852714542,0.0012677049740013,0.0012677049740013,0.0029295605300114,deterministic,0.03535427607393718,0.025524986561457706,0.0,0.0,0.0,0.0014023746336453374,0.025097269842215227
342,2019-07-12 12:00:00,1,0.0014739847943629,0.0014739847943629,0.0019488696552668,0.0028892760621207,0.0251652797651098,0.0310927359581856,0.0,0.0,0.6994252553487419,0.0013527639355275,0.0013527639355275,0.0028892760621207,deterministic,0.03523545084355847,0.025165277316113302,0.0,0.0,0.0,0.001392209985684656,0.025227595169171182
348,2019-08-11 12:00:00,1,0.0014772503208585,0.0014772503208585,0.0019908168050777,0.0028502105898488,0.0251725793244688,0.031247640903337,0.0,0.0,0.6944113955909407,0.0012444944074722,0.0012444944074722,0.0028502105898488,deterministic,0.0347427540319083,0.025172578196670684,0.0,0.0,0.0,0.0013883547830915444,0.025092737304598666
354,2019-09-10 12:00:00,1,0.001492552872871,0.001492552872871,0.0020074590812855,0.002946488760811,0.0250452452086586,0.0311401474284194,0.0,0.0,0.7034109282110917,0.001322132250138,0.001322132250138,0.002946488760811,deterministic,0.03518989060664549,0.02504524352928434,0.0,0.0,0.0,0.0014530579585325396,0.025572256791920527
360,2019-10-10 12:00:00,1,0.0016009002714437,0.0016009002714437,0.0020230987599441,0.0030680894872533,0.026430755998053,0.0318664866083395,0.0,0.0,0.6919616507600508,0.0013777089653712,0.0013777089653712,0.0030680894872533,deterministic,0.03607160473347843,0.02643075621554914,0.0,0.0,0.0,0.001464174188905063,0.025962368594783528
366,2019-11-09 12:00:00,1,0.0017062214929008,0.0017062214929008,0.0021160988748688,0.0030252192497899,0.026898125939246,0.0322629903243263,0.0,0.0,0.6595759342480347,0.0012545797519153,0.0012545797519153,0.0030252192497899,deterministic,0.03611063590055781,0.026898124644481974,0.0,0.0,0.0,0.0015479442039276307,0.026555285175928426
372,2019-12-09 12:00:00,1,0.0018050764168496,0.0018050764168496,0.0022268527651765,0.0030081825857585,0.0277255282185935,0.0329362009705118,0.0,0.0,0.6305715517720859,0.0011896401901226,0.0011896401901226,0.0030081825857585,deterministic,0.036062909721680206,0.02772552939912618,0.0,0.0,0.0,0.0016146357396273532,0.026863285531634033
378,2020-01-08 12:00:00,1,0.0017245837122063,0.0017245837122063,0.0021285750198449,0.0030686845819444,0.0274586570681607,0.0327035238833375,0.0,0.0,0.6610066444539457,0.0012522669389984,0.0012522669389984,0.0030686845819444,deterministic,0.03640474543125998,0.02745865663762809,0.0,0.0,0.0,0.0015989421899583987,0.026944459721473975
384,2020-02-07 12:00:00,1,0.0016956544051363,0.0016956544051363,0.0021885343814778,0.0030556519847897,0.0273204991033844,0.0324482902859182,0.0,0.0,0.6663039473076949,0.0012634953992177,0.0012634953992177,0.0030556519847897,deterministic,0.03628701056953235,0.027320499679668316,0.0,0.0,0.0,0.0015761763006689642,0.026698131051593584
390,2020-03-08 12:00:00,1,0.0018093810756334,0.0018093810756334,0.0022642587171883,0.0030485836837775,0.0283164860667037,0.0337230052300732,0.0,0.0,0.6365014458267251,0.0012186986568629,0.0012186986568629,0.0030485836837775,deterministic,0.03626376969492294,0.02831648466364574,0.0,0.0,0.0,0.0015883014273674523,0.02704167178315856
396,2020-04-07 12:00:00,1,0.0017909190883867,0.0017909190883867,0.002209956619372,0.0030770835905657,0.028153827156037,0.0334354163291905,0.0,0.0,0.6459182103372887,0.0012037112169744,0.0012037112169744,0.0030770835905657,deterministic,0.03640034193766005,0.028153825164362423,0.0,0.0,0.0,0.0015979059949878523,0.02726294474483308
402,2020-05-07 12:00:00,1,0.0017595550688378,0.0017595550688378,0.0022103556911365,0.0030659369822136,0.0279588552122471,0.0334527075401946,0.0,0.0,0.65280930067289,0.001191858972926,0.001191858972926,0.0030659369822136,deterministic,0.036405846988728695,0.02795885376760022,0.0,0.0,0.0,0.0016205942162369267,0.027429445473576015
408,2020-06-06 12:00:00,1,0.0016383180504063,0.0016383180504063,0.002058648700375,0.0030449355964091,0.0266271334306518,0.0321427576256558,0.0,0.0,0.6800715878153495,0.0012647136922453,0.0012647136922453,0.0030449355964091,deterministic,0.036205039776340736,0.026627133615292693,0.0,0.0,0.0,0.0015091992339468288,0.026129995791077578
414,2020-07-06 12:00:00,1,0.001654931169082,0.001654931169082,0.0020521804121919,0.003039396367903,0.0264741702792494,0.0314870178394199,0.0,0.0,0.6751811324805451,0.0012402308502697,0.0012402308502697,0.003039396367903,deterministic,0.03625745660110822,0.026474167080885527,0.0,0.0,0.0,0.0015383360525681393,0.026159160096504167
420,2020-08-05 12:00:00,1,0.0017085779835666,0.0017085779835666,0.0020800201175105,0.0030345124227286,0.0267950523567668,0.0316814957486097,0.0,0.0,0.6612667318976594,0.0011787903094263,0.0011787903094263,0.0030345124227286,deterministic,0.03589076727404318,0.026795049589322262,0.0,0.0,0.0,0.0015319084034910902,0.02606987229566969
426,2020-09-04 12:00:00,1,0.0016683607302278,0.0016683607302278,0.002179011461238,0.0030957699385814,0.0264907032660277,0.0325688769986871,0.0,0.0,0.6801531077953765,0.0012393414869917,0.0012393414869917,0.0030957699385814,deterministic,0.03620804494872648,0.02649070270156394,0.0,0.0,0.0,0.001532982175176682,0.026209895825159795
432,2020-10-04 12:00:00,1,0.0015870675400851,0.0015870675400851,0.0020195895514233,0.0031748505521424,0.0257359135053125,0.031367796987016,0.0,0.0,0.7102506592884233,0.0014520874877631,0.0014520874877631,0.0031748505521424,deterministic,0.036927858218526434,0.02573591369220649,0.0,0.0,0.0,0.0015578989433420228,0.026452111887563964
438,2020-11-03 12:00:00,1,0.0017182980977182,0.0017182980977182,0.0021373979251175,0.003231480802782,0.0271041806378353,0.0326884043110569,0.0,0.0,0.6856958405628975,0.0013427239082125,0.0013427239082125,0.003231480802782,deterministic,0.037208833860415846,0.027104181525660426,0.0,0.0,0.0,0.0016230112636565356,0.027091098223272433
444,2020-12-03 12:00:00,1,0.0017317100940857,0.0017317100940857,0.0021531865530966,0.0032605666705766,0.0270329154862942,0.0324075416780453,0.0,0.0,0.6853736328068257,0.001377337763055,0.001377337763055,0.0032605666705766,deterministic,0.03740810356064444,0.02703291511015375,0.0,0.0,0.0,0.0016497905523203235,0.02710792318681162
450,2021-01-03 12:00:00,1,0.0016833252188059,0.0016833252188059,0.0021435277985707,0.0032754473166127,0.026912870362258,0.032742729623796,0.0,0.0,0.6996237199701907,0.0013305742339171,0.0013305742339171,0.0032754473166127,deterministic,0.037623021393675675,0.026912868104601712,0.0,0.0,0.0,0.0016547232547280497,0.02723721827490011
456,2021-02-02 12:00:00,1,0.0016843865998134,0.0016843865998134,0.0021523127639221,0.0032472670887907,0.0270452372904383,0.0327138563395998,0.0,0.0,0.6961669609261198,0.0012967365080814,0.0012967365080814,0.0032472670887907,deterministic,0.03757059134848843,0.02704523677490303,0.0,0.0,0.0,0.0016431690890376387,0.02702695244327226
462,2021-03-04 12:00:00,1,0.0017026976470647,0.0017026976470647,0.0021160429017751,0.0032194447140534,0.0268153843903631,0.0321013591113037,0.0,0.0,0.687852475631641,0.0012811667372408,0.0012811667372408,0.0032194447140534,deterministic,0.037599998604533065,0.02681538251162377,0.0,0.0,0.0,0.0015688875437747522,0.026424625993687438
468,2021-04-03 12:00:00,1,0.0016496211023844,0.0016496211023844,0.0020570727884599,0.0032535267074069,0.0267014499723701,0.0320196558276499,0.0,0.0,0.7043052459798644,0.0013340377740142,0.0013340377740142,0.0032535267074069,deterministic,0.03776777000316164,0.026701449070459106,0.0,0.0,0.0,0.001507046811883061,0.025921319607315082
474,2021-05-03 12:00:00,1,0.0017229296955767,0.0017229296955767,0.0021915564601452,0.003221351546393,0.0269969090822033,0.0327227014082693,0.0,0.0,0.6833144747029178,0.0012749121538611,0.0012749121538611,0.003221351546393,deterministic,0.03759718165209082,0.026996906542332326,0.0,0.0,0.0,0.0016639547724267524,0.02708856305974546
480,2021-06-02 12:00:00,1,0.0017717834333404,0.0017717834333404,0.0023049115770306,0.0032399266508124,0.0274302144130544,0.0335553531354801,0.0,0.0,0.6752843374226053,0.0012165928741336,0.0012165928741336,0.0032399266508124,deterministic,0.03759161751208447,0.027430216448006844,0.0,0.0,0.0,0.001702508713223932,0.02727611225387953
486,2021-07-02 12:00:00,1,0.001706196433817,0.001706196433817,0.0021271684323932,0.0032341066200495,0.0266568204188952,0.0323119235268043,0.0,0.0,0.6892942501203073,0.0012837849431043,0.0012837849431043,0.0032341066200495,deterministic,0.037578121821325514,0.02665682112798968,0.0,0.0,0.0,0.0016595859050571333,0.026866753505626378
492,2021-08-01 12:00:00,1,0.0017394037012077,0.0017394037012077,0.0022772812438701,0.0032698973150426,0.0269492439899288,0.0329217445141918,0.0,0.0,0.6860209474497388,0.0012944658506326,0.0012944658506326,0.0032698973150426,deterministic,0.03740202692800201,0.02694924255348946,0.0,0.0,0.0,0.0016758039797619,0.02682735861664566
498,2021-08-31 12:00:00,1,0.0017481154799825,0.0017481154799825,0.0022829794921696,0.0033245867747711,0.0268805520453423,0.0328384296738211,0.0,0.0,0.6903023079159584,0.0013267513184546,0.0013267513184546,0.0033245867747711,deterministic,0.03759670792444179,0.026880547646100317,0.0,0.0,0.0,0.00169903431103639,0.027071395779178033
504,2021-09-30 12:00:00,1,0.001743559176474,0.001743559176474,0.0022883664925964,0.0033043718226433,0.0270362627688522,0.0333190698599146,0.0,0.0,0.689319248774094,0.0013827686754277,0.0013827686754277,0.0033043718226433,deterministic,0.037768339531562084,0.027036258267908363,0.0,0.0,0.0,0.0017505122125864468,0.02778751929867333
510,2021-10-30 12:00:00,1,0.0017984622239074,0.0017984622239074,0.0022423924416969,0.0033862267343982,0.0277832378004383,0.0332179592063546,0.0,0.0,0.686606974886473,0.0013203005950498,0.0013203005950498,0.0033862267343982,deterministic,0.03838302535487882,0.027783235915311042,0.0,0.0,0.0,0.0017718963002351742,0.028124872945218777
516,2021-11-29 12:00:00,1,0.0018312143293414,0.0018312143293414,0.0022120332445692,0.0033534206465454,0.0279077847156969,0.032786661716659,0.0,0.0,0.6744540856222566,0.0013322497966748,0.0013322497966748,0.0033534206465454,deterministic,0.03832880990232117,0.02790778839119534,0.0,0.0,0.0,0.0017529524138162177,0.02787907711622832
522,2021-12-29 12:00:00,1,0.0018866815574561,0.0018866815574561,0.0023340299982144,0.0034208715032506,0.028503360598465,0.033756998509216,0.0,0.0,0.670929677609573,0.0013049685342098,0.0013049685342098,0.0034208715032506,deterministic,0.03847084880117045,0.028503363096308874,0.0,0.0,0.0,0.0018439805879304657,0.028848524498821203
528,2022-01-28 12:00:00,1,0.0019450069263067,0.0019450069263067,0.002415841817713,0.0034137884478246,0.0290850268974383,0.0348006188620548,0.0,0.0,0.6571676487590923,0.0012808989329199,0.0012808989329199,0.0034137884478246,deterministic,0.038559655123829244,0.02908502491006052,0.0,0.0,0.0,0.0018982693284671677,0.029681360358601246
534,2022-02-27 12:00:00,1,0.0020266564472532,0.0020266564472532,0.0025185163783656,0.0033906104346847,0.0298682355361934,0.0351677103470089,0.0,0.0,0.6346039914463294,0.0012003969774934,0.0012003969774934,0.0033906104346847,deterministic,0.03847919786300994,0.029868232084817824,0.0,0.0,0.0,0.001951254436288494,0.029871588456500894
540,2022-03-29 12:00:00,1,0.0019438285638753,0.0019438285638753,0.0024278683043628,0.0033681080800194,0.02936913642095,0.0351240847141118,0.0,0.0,0.651724105476735,0.0012076335490824,0.0012076335490824,0.0033681080800194,deterministic,0.038327632268189346,0.02936913728430777,0.0,0.0,0.0,0.001930047623306177,0.02980070523973527
546,2022-04-28 12:00:00,1,0.0018159013555605,0.0018159013555605,0.0023947643178689,0.003388119046521,0.0279895698981347,0.0341735700691734,0.0,0.0,0.6819200604204328,0.0014099513409369,0.0014099513409369,0.003388119046521,deterministic,0.03806885306826911,0.027989567920685673,0.0,0.0,0.0,0.0018775208502408679,0.02922989959348675
552,2022-05-28 12:00:00,1,0.0017625337039534,0.0017625337039534,0.0022644753494548,0.0033579270660834,0.027541372198081,0.0336672929217989,0.0,0.0,0.6895143338416304,0.0014344566658288,0.0014344566658288,0.0033579270660834,deterministic,0.03797378255889614,0.027541371539224202,0.0,0.0,0.0,0.0017498104851290303,0.0279686614604408
558,2022-06-27 12:00:00,1,0.0016957247813483,0.0016957247813483,0.0021657650421812,0.0032918097273518,0.0263019979001601,0.0321147640929133,0.0,0.0,0.6958058134503248,0.0014803105736443,0.0014803105736443,0.0032918097273518,deterministic,0.03764048236399379,0.0263019973053558,0.0,0.0,0.0,0.0016664992278639047,0.027197661076210022
564,2022-07-27 12:00:00,1,0.0016625535803024,0.0016625535803024,0.002201235589814,0.0033220956208045,0.0261475658544387,0.0325921256857515,0.0,0.0,0.706442789559,0.0015128873825902,0.0015128873825902,0.0033220956208045,deterministic,0.0379094928357832,0.026147566096218804,0.0,0.0,0.0,0.0016405136174167752,0.026878078472277155
570,2022-08-26 12:00:00,1,0.0017287035895217,0.0017287035895217,0.0023309758345518,0.0033401154440304,0.0270236477142236,0.0335522013532452,0.0,0.0,0.695463078148913,0.0013846693015456,0.0013846693015456,0.0033401154440304,deterministic,0.0376383485162342,0.027023648709946255,0.0,0.0,0.0,0.0017141696924440246,0.02755514080839931
576,2022-09-25 12:00:00,1,0.0016959747866937,0.0016959747866937,0.0022674899338168,0.003416654317063,0.0266290567311271,0.0331534044713071,0.0,0.0,0.7107110293681514,0.001498050180106,0.001498050180106,0.003416654317063,deterministic,0.038196346960611666,0.02662905520841333,0.0,0.0,0.0,0.0017104802970754741,0.027253234775196318
582,2022-10-25 12:00:00,1,0.0016901938668373,0.0016901938668373,0.0021873844739873,0.0034205539320577,0.0267321963610127,0.0327600631051403,0.0,0.0,0.7126153572376317,0.0015129637308268,0.0015129637308268,0.0034205539320577,deterministic,0.03841197449374249,0.02673219535599488,0.0,0.0,0.0,0.0016967261079777823,0.027141870054999583
588,2022-11-24 12:00:00,1,0.001855486276878,0.001855486276878,0.0023726771945641,0.0034579294384536,0.0278773078004725,0.0338098285086736,0.0,0.0,0.6803730698990059,0.0014711895355335,0.0014711895355335,0.0034579294384536,deterministic,0.03849169906935174,0.027877305881989677,0.0,0.0,0.0,0.0017265865916961263,0.027057300453674046
