job_id,group,name,arm,stage,phase,seed,learning_rate,state,gpu,allocated_gpu_hours,seconds,exit_code,output_path,wandb_url
18218850,2026-09-21-initializer-wave3-joint-qualification,A,A,qualification,joint,1729,0.0001,COMPLETED,h200,0.18555555555555556,334,0:0,/scratch/jr7309/runs/2026-09-21-initializer-wave3-joint-qualification/A,https://wandb.ai/ocean_emulators/surface-initialized-ocean/runs/2026-09-21-initializer-wave3-joint-qualification-A
18218851,2026-09-21-initializer-wave3-joint-qualification,F,F,qualification,joint,1729,0.0001,COMPLETED,h200,0.18555555555555556,334,0:0,/scratch/jr7309/runs/2026-09-21-initializer-wave3-joint-qualification/F,https://wandb.ai/ocean_emulators/surface-initialized-ocean/runs/2026-09-21-initializer-wave3-joint-qualification-F
18216271,2026-09-21-initializer-wave3-pilots,A-lr1,A,pilot,reconstruction,1729,0.0001,COMPLETED,rtx6000,1.116111111111111,2009,0:0,/scratch/jr7309/runs/2026-09-21-initializer-wave3-pilots/A-lr1,https://wandb.ai/ocean_emulators/surface-initialized-ocean/runs/2026-09-21-initializer-wave3-pilots-A-lr1
18216272,2026-09-21-initializer-wave3-pilots,A-lr3,A,pilot,reconstruction,1729,0.0003,COMPLETED,rtx6000,1.1155555555555556,2008,0:0,/scratch/jr7309/runs/2026-09-21-initializer-wave3-pilots/A-lr3,https://wandb.ai/ocean_emulators/surface-initialized-ocean/runs/2026-09-21-initializer-wave3-pilots-A-lr3
18216273,2026-09-21-initializer-wave3-pilots,B-lr1,B,pilot,reconstruction,1729,0.0001,COMPLETED,rtx6000,1.1033333333333333,1986,0:0,/scratch/jr7309/runs/2026-09-21-initializer-wave3-pilots/B-lr1,https://wandb.ai/ocean_emulators/surface-initialized-ocean/runs/2026-09-21-initializer-wave3-pilots-B-lr1
18216274,2026-09-21-initializer-wave3-pilots,B-lr3,B,pilot,reconstruction,1729,0.0003,COMPLETED,rtx6000,1.1066666666666667,1992,0:0,/scratch/jr7309/runs/2026-09-21-initializer-wave3-pilots/B-lr3,https://wandb.ai/ocean_emulators/surface-initialized-ocean/runs/2026-09-21-initializer-wave3-pilots-B-lr3
18216275,2026-09-21-initializer-wave3-pilots,C-lr1,C,pilot,reconstruction,1729,0.0001,COMPLETED,rtx6000,1.1166666666666667,2010,0:0,/scratch/jr7309/runs/2026-09-21-initializer-wave3-pilots/C-lr1,https://wandb.ai/ocean_emulators/surface-initialized-ocean/runs/2026-09-21-initializer-wave3-pilots-C-lr1
18216276,2026-09-21-initializer-wave3-pilots,C-lr3,C,pilot,reconstruction,1729,0.0003,COMPLETED,rtx6000,1.1494444444444445,2069,0:0,/scratch/jr7309/runs/2026-09-21-initializer-wave3-pilots/C-lr3,https://wandb.ai/ocean_emulators/surface-initialized-ocean/runs/2026-09-21-initializer-wave3-pilots-C-lr3
18216278,2026-09-21-initializer-wave3-pilots,D-lr1,D,pilot,reconstruction,1729,0.0001,COMPLETED,rtx6000,1.1477777777777778,2066,0:0,/scratch/jr7309/runs/2026-09-21-initializer-wave3-pilots/D-lr1,https://wandb.ai/ocean_emulators/surface-initialized-ocean/runs/2026-09-21-initializer-wave3-pilots-D-lr1
18216279,2026-09-21-initializer-wave3-pilots,D-lr3,D,pilot,reconstruction,1729,0.0003,COMPLETED,rtx6000,1.1205555555555555,2017,0:0,/scratch/jr7309/runs/2026-09-21-initializer-wave3-pilots/D-lr3,https://wandb.ai/ocean_emulators/surface-initialized-ocean/runs/2026-09-21-initializer-wave3-pilots-D-lr3
18216428,2026-09-21-initializer-wave3-pilots,E-lr1,E,pilot,reconstruction,1729,0.0001,COMPLETED,rtx6000,1.1116666666666666,2001,0:0,/scratch/jr7309/runs/2026-09-21-initializer-wave3-pilots/E-lr1,https://wandb.ai/ocean_emulators/surface-initialized-ocean/runs/2026-09-21-initializer-wave3-pilots-E-lr1
18216430,2026-09-21-initializer-wave3-pilots,E-lr3,E,pilot,reconstruction,1729,0.0003,COMPLETED,rtx6000,1.1694444444444445,2105,0:0,/scratch/jr7309/runs/2026-09-21-initializer-wave3-pilots/E-lr3,https://wandb.ai/ocean_emulators/surface-initialized-ocean/runs/2026-09-21-initializer-wave3-pilots-E-lr3
18218824,2026-09-21-initializer-wave3-pilots,F-lr1,F,pilot,reconstruction,1729,0.0001,COMPLETED,rtx6000,1.1216666666666666,2019,0:0,/scratch/jr7309/runs/2026-09-21-initializer-wave3-pilots/F-lr1,https://wandb.ai/ocean_emulators/surface-initialized-ocean/runs/2026-09-21-initializer-wave3-pilots-F-lr1
18218825,2026-09-21-initializer-wave3-pilots,F-lr3,F,pilot,reconstruction,1729,0.0003,COMPLETED,rtx6000,1.1188888888888888,2014,0:0,/scratch/jr7309/runs/2026-09-21-initializer-wave3-pilots/F-lr3,https://wandb.ai/ocean_emulators/surface-initialized-ocean/runs/2026-09-21-initializer-wave3-pilots-F-lr3
18214671,2026-09-21-initializer-wave3-qualification,A-rtx,A,qualification,reconstruction,1729,0.0001,FAILED,rtx6000,0.11833333333333333,213,1:0,/scratch/jr7309/runs/2026-09-21-initializer-wave3-qualification/A-rtx,https://wandb.ai/ocean_emulators/surface-initialized-ocean/runs/2026-09-21-initializer-wave3-qualification-A-rtx
18214286,2026-09-21-initializer-wave3-qualification,A,A,qualification,reconstruction,1729,0.0001,CANCELLED by 4684506,h200,0.0,0,0:0,/scratch/jr7309/runs/2026-09-21-initializer-wave3-qualification/A,https://wandb.ai/ocean_emulators/surface-initialized-ocean/runs/2026-09-21-initializer-wave3-qualification-A
18214672,2026-09-21-initializer-wave3-qualification,B-rtx,B,qualification,reconstruction,1729,0.0001,FAILED,rtx6000,0.11555555555555555,208,1:0,/scratch/jr7309/runs/2026-09-21-initializer-wave3-qualification/B-rtx,https://wandb.ai/ocean_emulators/surface-initialized-ocean/runs/2026-09-21-initializer-wave3-qualification-B-rtx
18214287,2026-09-21-initializer-wave3-qualification,B,B,qualification,reconstruction,1729,0.0001,CANCELLED by 4684506,h200,0.0,0,0:0,/scratch/jr7309/runs/2026-09-21-initializer-wave3-qualification/B,https://wandb.ai/ocean_emulators/surface-initialized-ocean/runs/2026-09-21-initializer-wave3-qualification-B
18214674,2026-09-21-initializer-wave3-qualification,C-rtx,C,qualification,reconstruction,1729,0.0001,FAILED,rtx6000,0.11555555555555555,208,1:0,/scratch/jr7309/runs/2026-09-21-initializer-wave3-qualification/C-rtx,https://wandb.ai/ocean_emulators/surface-initialized-ocean/runs/2026-09-21-initializer-wave3-qualification-C-rtx
18214288,2026-09-21-initializer-wave3-qualification,C,C,qualification,reconstruction,1729,0.0001,CANCELLED by 4684506,h200,0.0,0,0:0,/scratch/jr7309/runs/2026-09-21-initializer-wave3-qualification/C,https://wandb.ai/ocean_emulators/surface-initialized-ocean/runs/2026-09-21-initializer-wave3-qualification-C
18214683,2026-09-21-initializer-wave3-qualification,D-rtx,D,qualification,reconstruction,1729,0.0001,FAILED,rtx6000,0.12222222222222222,220,1:0,/scratch/jr7309/runs/2026-09-21-initializer-wave3-qualification/D-rtx,https://wandb.ai/ocean_emulators/surface-initialized-ocean/runs/2026-09-21-initializer-wave3-qualification-D-rtx
18214289,2026-09-21-initializer-wave3-qualification,D,D,qualification,reconstruction,1729,0.0001,CANCELLED by 4684506,h200,0.0,0,0:0,/scratch/jr7309/runs/2026-09-21-initializer-wave3-qualification/D,https://wandb.ai/ocean_emulators/surface-initialized-ocean/runs/2026-09-21-initializer-wave3-qualification-D
18214684,2026-09-21-initializer-wave3-qualification,E-h200,E,qualification,reconstruction,1729,0.0001,CANCELLED by 4684506,h200,0.0,0,0:0,/scratch/jr7309/runs/2026-09-21-initializer-wave3-qualification/E-h200,https://wandb.ai/ocean_emulators/surface-initialized-ocean/runs/2026-09-21-initializer-wave3-qualification-E-h200
18214290,2026-09-21-initializer-wave3-qualification,E,E,qualification,reconstruction,1729,0.0001,CANCELLED by 4684506,h200,0.0,0,0:0,/scratch/jr7309/runs/2026-09-21-initializer-wave3-qualification/E,https://wandb.ai/ocean_emulators/surface-initialized-ocean/runs/2026-09-21-initializer-wave3-qualification-E
18214685,2026-09-21-initializer-wave3-qualification,F-h200,F,qualification,reconstruction,1729,0.0001,CANCELLED by 4684506,h200,0.0,0,0:0,/scratch/jr7309/runs/2026-09-21-initializer-wave3-qualification/F-h200,https://wandb.ai/ocean_emulators/surface-initialized-ocean/runs/2026-09-21-initializer-wave3-qualification-F-h200
18214291,2026-09-21-initializer-wave3-qualification,F,F,qualification,reconstruction,1729,0.0001,CANCELLED by 4684506,h200,0.0,0,0:0,/scratch/jr7309/runs/2026-09-21-initializer-wave3-qualification/F,https://wandb.ai/ocean_emulators/surface-initialized-ocean/runs/2026-09-21-initializer-wave3-qualification-F
18215300,2026-09-21-initializer-wave3-qualification-v3,A,A,qualification,reconstruction,1729,0.0001,COMPLETED,rtx6000,0.14222222222222222,256,0:0,/scratch/jr7309/runs/2026-09-21-initializer-wave3-qualification-v3/A,https://wandb.ai/ocean_emulators/surface-initialized-ocean/runs/2026-09-21-initializer-wave3-qualification-v3-A
18215313,2026-09-21-initializer-wave3-qualification-v3,B,B,qualification,reconstruction,1729,0.0001,COMPLETED,rtx6000,0.14222222222222222,256,0:0,/scratch/jr7309/runs/2026-09-21-initializer-wave3-qualification-v3/B,https://wandb.ai/ocean_emulators/surface-initialized-ocean/runs/2026-09-21-initializer-wave3-qualification-v3-B
18215556,2026-09-21-initializer-wave3-qualification-v3,C,C,qualification,reconstruction,1729,0.0001,COMPLETED,rtx6000,0.15666666666666668,282,0:0,/scratch/jr7309/runs/2026-09-21-initializer-wave3-qualification-v3/C,https://wandb.ai/ocean_emulators/surface-initialized-ocean/runs/2026-09-21-initializer-wave3-qualification-v3-C
18215617,2026-09-21-initializer-wave3-qualification-v3,D,D,qualification,reconstruction,1729,0.0001,COMPLETED,rtx6000,0.15666666666666668,282,0:0,/scratch/jr7309/runs/2026-09-21-initializer-wave3-qualification-v3/D,https://wandb.ai/ocean_emulators/surface-initialized-ocean/runs/2026-09-21-initializer-wave3-qualification-v3-D
18215685,2026-09-21-initializer-wave3-qualification-v3,E-h200,E,qualification,reconstruction,1729,0.0001,COMPLETED,h200,0.17722222222222223,319,0:0,/scratch/jr7309/runs/2026-09-21-initializer-wave3-qualification-v3/E-h200,https://wandb.ai/ocean_emulators/surface-initialized-ocean/runs/2026-09-21-initializer-wave3-qualification-v3-E-h200
18215683,2026-09-21-initializer-wave3-qualification-v3,E,E,qualification,reconstruction,1729,0.0001,COMPLETED,rtx6000,0.1288888888888889,232,0:0,/scratch/jr7309/runs/2026-09-21-initializer-wave3-qualification-v3/E,https://wandb.ai/ocean_emulators/surface-initialized-ocean/runs/2026-09-21-initializer-wave3-qualification-v3-E
18215684,2026-09-21-initializer-wave3-qualification-v3,F,F,qualification,reconstruction,1729,0.0001,COMPLETED,rtx6000,0.14777777777777779,266,0:0,/scratch/jr7309/runs/2026-09-21-initializer-wave3-qualification-v3/F,https://wandb.ai/ocean_emulators/surface-initialized-ocean/runs/2026-09-21-initializer-wave3-qualification-v3-F
18253481,2026-09-22-initializer-wave3-evaluation-joint,A,A,evaluation,joint,1729,0.0001,COMPLETED,rtx6000,0.07722222222222222,139,0:0,/scratch/jr7309/runs/2026-09-22-initializer-wave3-evaluation-joint/A,https://wandb.ai/ocean_emulators/surface-initialized-ocean/runs/2026-09-22-initializer-wave3-evaluation-joint-A
18253487,2026-09-22-initializer-wave3-evaluation-joint,D,D,evaluation,joint,1729,0.0001,COMPLETED,rtx6000,0.06555555555555556,118,0:0,/scratch/jr7309/runs/2026-09-22-initializer-wave3-evaluation-joint/D,https://wandb.ai/ocean_emulators/surface-initialized-ocean/runs/2026-09-22-initializer-wave3-evaluation-joint-D
18253464,2026-09-22-initializer-wave3-evaluation-primary,A,A,evaluation,reconstruction,1729,0.0003,COMPLETED,rtx6000,0.06111111111111111,110,0:0,/scratch/jr7309/runs/2026-09-22-initializer-wave3-evaluation-primary/A,https://wandb.ai/ocean_emulators/surface-initialized-ocean/runs/2026-09-22-initializer-wave3-evaluation-primary-A
18253467,2026-09-22-initializer-wave3-evaluation-primary,B,B,evaluation,reconstruction,1729,0.0003,COMPLETED,rtx6000,0.06055555555555556,109,0:0,/scratch/jr7309/runs/2026-09-22-initializer-wave3-evaluation-primary/B,https://wandb.ai/ocean_emulators/surface-initialized-ocean/runs/2026-09-22-initializer-wave3-evaluation-primary-B
18253469,2026-09-22-initializer-wave3-evaluation-primary,C,C,evaluation,reconstruction,1729,0.0003,FAILED,rtx6000,0.04666666666666667,84,1:0,/scratch/jr7309/runs/2026-09-22-initializer-wave3-evaluation-primary/C,https://wandb.ai/ocean_emulators/surface-initialized-ocean/runs/2026-09-22-initializer-wave3-evaluation-primary-C
18253470,2026-09-22-initializer-wave3-evaluation-primary,D,D,evaluation,reconstruction,1729,0.0003,COMPLETED,rtx6000,0.06555555555555556,118,0:0,/scratch/jr7309/runs/2026-09-22-initializer-wave3-evaluation-primary/D,https://wandb.ai/ocean_emulators/surface-initialized-ocean/runs/2026-09-22-initializer-wave3-evaluation-primary-D
18253472,2026-09-22-initializer-wave3-evaluation-primary,E,E,evaluation,reconstruction,1729,0.0003,COMPLETED,rtx6000,0.06388888888888888,115,0:0,/scratch/jr7309/runs/2026-09-22-initializer-wave3-evaluation-primary/E,https://wandb.ai/ocean_emulators/surface-initialized-ocean/runs/2026-09-22-initializer-wave3-evaluation-primary-E
18253474,2026-09-22-initializer-wave3-evaluation-primary,F,F,evaluation,reconstruction,1729,0.0003,COMPLETED,rtx6000,0.06444444444444444,116,0:0,/scratch/jr7309/runs/2026-09-22-initializer-wave3-evaluation-primary/F,https://wandb.ai/ocean_emulators/surface-initialized-ocean/runs/2026-09-22-initializer-wave3-evaluation-primary-F
18253477,2026-09-22-initializer-wave3-evaluation-replicates,A-s2718,A,evaluation,reconstruction,2718,0.0003,COMPLETED,rtx6000,0.07944444444444444,143,0:0,/scratch/jr7309/runs/2026-09-22-initializer-wave3-evaluation-replicates/A-s2718,https://wandb.ai/ocean_emulators/surface-initialized-ocean/runs/2026-09-22-initializer-wave3-evaluation-replicates-A-s2718
18253479,2026-09-22-initializer-wave3-evaluation-replicates,D-s2718,D,evaluation,reconstruction,2718,0.0003,COMPLETED,rtx6000,0.07722222222222222,139,0:0,/scratch/jr7309/runs/2026-09-22-initializer-wave3-evaluation-replicates/D-s2718,https://wandb.ai/ocean_emulators/surface-initialized-ocean/runs/2026-09-22-initializer-wave3-evaluation-replicates-D-s2718
18254612,2026-09-22-initializer-wave3-evaluation-retry1,C,C,evaluation,reconstruction,1729,0.0003,COMPLETED,rtx6000,0.06222222222222222,112,0:0,/scratch/jr7309/runs/2026-09-22-initializer-wave3-evaluation-retry1/C,https://wandb.ai/ocean_emulators/surface-initialized-ocean/runs/2026-09-22-initializer-wave3-evaluation-retry1-C
18253475,2026-09-22-initializer-wave3-evaluation-stability,E-lr1,E,evaluation,reconstruction,1729,0.0001,COMPLETED,rtx6000,0.06222222222222222,112,0:0,/scratch/jr7309/runs/2026-09-22-initializer-wave3-evaluation-stability/E-lr1,https://wandb.ai/ocean_emulators/surface-initialized-ocean/runs/2026-09-22-initializer-wave3-evaluation-stability-E-lr1
18253476,2026-09-22-initializer-wave3-evaluation-stability,F-lr1,F,evaluation,reconstruction,1729,0.0001,COMPLETED,rtx6000,0.06388888888888888,115,0:0,/scratch/jr7309/runs/2026-09-22-initializer-wave3-evaluation-stability/F-lr1,https://wandb.ai/ocean_emulators/surface-initialized-ocean/runs/2026-09-22-initializer-wave3-evaluation-stability-F-lr1
18240594,2026-09-22-initializer-wave3-joint,A,A,joint,joint,1729,0.0001,COMPLETED,rtx6000,6.177222222222222,11119,0:0,/scratch/jr7309/runs/2026-09-22-initializer-wave3-joint/A,https://wandb.ai/ocean_emulators/surface-initialized-ocean/runs/2026-09-22-initializer-wave3-joint-A
18241143,2026-09-22-initializer-wave3-joint,D,D,joint,joint,1729,0.0001,COMPLETED,rtx6000,6.118888888888889,11014,0:0,/scratch/jr7309/runs/2026-09-22-initializer-wave3-joint/D,https://wandb.ai/ocean_emulators/surface-initialized-ocean/runs/2026-09-22-initializer-wave3-joint-D
18221169,2026-09-22-initializer-wave3-primary,A,A,production,reconstruction,1729,0.0003,COMPLETED,rtx6000,10.112777777777778,18203,0:0,/scratch/jr7309/runs/2026-09-22-initializer-wave3-primary/A,https://wandb.ai/ocean_emulators/surface-initialized-ocean/runs/2026-09-22-initializer-wave3-primary-A
18221171,2026-09-22-initializer-wave3-primary,B,B,production,reconstruction,1729,0.0003,COMPLETED,rtx6000,10.780555555555555,19405,0:0,/scratch/jr7309/runs/2026-09-22-initializer-wave3-primary/B,https://wandb.ai/ocean_emulators/surface-initialized-ocean/runs/2026-09-22-initializer-wave3-primary-B
18221172,2026-09-22-initializer-wave3-primary,C,C,production,reconstruction,1729,0.0003,COMPLETED,rtx6000,11.479444444444445,20663,0:0,/scratch/jr7309/runs/2026-09-22-initializer-wave3-primary/C,https://wandb.ai/ocean_emulators/surface-initialized-ocean/runs/2026-09-22-initializer-wave3-primary-C
18221173,2026-09-22-initializer-wave3-primary,D,D,production,reconstruction,1729,0.0003,COMPLETED,rtx6000,7.453333333333333,13416,0:0,/scratch/jr7309/runs/2026-09-22-initializer-wave3-primary/D,https://wandb.ai/ocean_emulators/surface-initialized-ocean/runs/2026-09-22-initializer-wave3-primary-D
18221174,2026-09-22-initializer-wave3-primary,E,E,production,reconstruction,1729,0.0003,COMPLETED,rtx6000,5.447222222222222,9805,0:0,/scratch/jr7309/runs/2026-09-22-initializer-wave3-primary/E,https://wandb.ai/ocean_emulators/surface-initialized-ocean/runs/2026-09-22-initializer-wave3-primary-E
18221175,2026-09-22-initializer-wave3-primary,F,F,production,reconstruction,1729,0.0003,COMPLETED,rtx6000,9.462222222222222,17032,0:0,/scratch/jr7309/runs/2026-09-22-initializer-wave3-primary/F,https://wandb.ai/ocean_emulators/surface-initialized-ocean/runs/2026-09-22-initializer-wave3-primary-F
18254684,2026-09-22-initializer-wave3-reference-check,A,A,evaluation,reconstruction,1729,0.0003,COMPLETED,rtx6000,0.10555555555555556,95,0:0,/scratch/jr7309/runs/2026-09-22-initializer-wave3-reference-check/A,https://wandb.ai/ocean_emulators/surface-initialized-ocean/runs/2026-09-22-initializer-wave3-reference-check-A
18238731,2026-09-22-initializer-wave3-replicates,A-s2718,A,replication,reconstruction,2718,0.0003,COMPLETED,rtx6000,8.17388888888889,14713,0:0,/scratch/jr7309/runs/2026-09-22-initializer-wave3-replicates/A-s2718,https://wandb.ai/ocean_emulators/surface-initialized-ocean/runs/2026-09-22-initializer-wave3-replicates-A-s2718
18241142,2026-09-22-initializer-wave3-replicates,D-s2718,D,replication,reconstruction,2718,0.0003,COMPLETED,rtx6000,12.232777777777779,22019,0:0,/scratch/jr7309/runs/2026-09-22-initializer-wave3-replicates/D-s2718,https://wandb.ai/ocean_emulators/surface-initialized-ocean/runs/2026-09-22-initializer-wave3-replicates-D-s2718
18241180,2026-09-22-initializer-wave3-stability,E-lr1,E,production,reconstruction,1729,0.0001,COMPLETED,rtx6000,8.130555555555556,14635,0:0,/scratch/jr7309/runs/2026-09-22-initializer-wave3-stability/E-lr1,https://wandb.ai/ocean_emulators/surface-initialized-ocean/runs/2026-09-22-initializer-wave3-stability-E-lr1
18241183,2026-09-22-initializer-wave3-stability,F-lr1,F,production,reconstruction,1729,0.0001,COMPLETED,rtx6000,8.817222222222222,15871,0:0,/scratch/jr7309/runs/2026-09-22-initializer-wave3-stability/F-lr1,https://wandb.ai/ocean_emulators/surface-initialized-ocean/runs/2026-09-22-initializer-wave3-stability-F-lr1
18238725,2026-09-22-initializer-wave3-starting-validation,A-rtx,A,qualification,joint,1729,0.0001,COMPLETED,rtx6000,0.21555555555555556,388,0:0,/scratch/jr7309/runs/2026-09-22-initializer-wave3-starting-validation/A-rtx,https://wandb.ai/ocean_emulators/surface-initialized-ocean/runs/2026-09-22-initializer-wave3-starting-validation-A-rtx
18240547,2026-09-22-initializer-wave3-starting-validation,B-rtx,B,qualification,joint,1729,0.0001,COMPLETED,rtx6000,0.24888888888888888,448,0:0,/scratch/jr7309/runs/2026-09-22-initializer-wave3-starting-validation/B-rtx,https://wandb.ai/ocean_emulators/surface-initialized-ocean/runs/2026-09-22-initializer-wave3-starting-validation-B-rtx
18240548,2026-09-22-initializer-wave3-starting-validation,C-rtx,C,qualification,joint,1729,0.0001,COMPLETED,rtx6000,0.18777777777777777,338,0:0,/scratch/jr7309/runs/2026-09-22-initializer-wave3-starting-validation/C-rtx,https://wandb.ai/ocean_emulators/surface-initialized-ocean/runs/2026-09-22-initializer-wave3-starting-validation-C-rtx
18238724,2026-09-22-initializer-wave3-starting-validation,D-rtx,D,qualification,joint,1729,0.0001,COMPLETED,rtx6000,0.21333333333333335,384,0:0,/scratch/jr7309/runs/2026-09-22-initializer-wave3-starting-validation/D-rtx,https://wandb.ai/ocean_emulators/surface-initialized-ocean/runs/2026-09-22-initializer-wave3-starting-validation-D-rtx
18235016,2026-09-22-initializer-wave3-starting-validation,D,D,qualification,joint,1729,0.0001,CANCELLED by 4684506,h200,0.0,0,0:0,/scratch/jr7309/runs/2026-09-22-initializer-wave3-starting-validation/D,https://wandb.ai/ocean_emulators/surface-initialized-ocean/runs/2026-09-22-initializer-wave3-starting-validation-D
18251320,2026-09-22-initializer-wave3-starting-validation,E-lr1-rtx,E,qualification,joint,1729,0.0001,COMPLETED,rtx6000,0.12666666666666668,228,0:0,/scratch/jr7309/runs/2026-09-22-initializer-wave3-starting-validation/E-lr1-rtx,https://wandb.ai/ocean_emulators/surface-initialized-ocean/runs/2026-09-22-initializer-wave3-starting-validation-E-lr1-rtx
18241144,2026-09-22-initializer-wave3-starting-validation,E-rtx,E,qualification,joint,1729,0.0001,COMPLETED,rtx6000,0.19666666666666666,354,0:0,/scratch/jr7309/runs/2026-09-22-initializer-wave3-starting-validation/E-rtx,https://wandb.ai/ocean_emulators/surface-initialized-ocean/runs/2026-09-22-initializer-wave3-starting-validation-E-rtx
18251321,2026-09-22-initializer-wave3-starting-validation,F-lr1-rtx,F,qualification,joint,1729,0.0001,COMPLETED,rtx6000,0.13444444444444445,242,0:0,/scratch/jr7309/runs/2026-09-22-initializer-wave3-starting-validation/F-lr1-rtx,https://wandb.ai/ocean_emulators/surface-initialized-ocean/runs/2026-09-22-initializer-wave3-starting-validation-F-lr1-rtx
18245815,2026-09-22-initializer-wave3-starting-validation,F-rtx,F,qualification,joint,1729,0.0001,COMPLETED,rtx6000,0.1338888888888889,241,0:0,/scratch/jr7309/runs/2026-09-22-initializer-wave3-starting-validation/F-rtx,https://wandb.ai/ocean_emulators/surface-initialized-ocean/runs/2026-09-22-initializer-wave3-starting-validation-F-rtx
