split,mode,channel,normalized_rmse,physical_rmse
validation,inferred,uo_0,0.31813157,0.04038506
validation,inferred,uo_1,0.30993783,0.03567678
validation,inferred,uo_2,0.3005951,0.031879462
validation,inferred,uo_3,0.3000858,0.03036076
validation,inferred,uo_4,0.29756412,0.030809479
validation,inferred,uo_5,0.301809,0.030280534
validation,inferred,uo_6,0.30796558,0.02636164
validation,inferred,uo_7,0.35478222,0.023727665
validation,inferred,uo_8,0.38000095,0.021969952
validation,inferred,uo_9,0.39426437,0.02006304
validation,inferred,uo_10,0.4107694,0.017769225
validation,inferred,uo_11,0.43196866,0.015216973
validation,inferred,uo_12,0.45448148,0.012633651
validation,inferred,uo_13,0.4790578,0.010460807
validation,inferred,uo_14,0.5026071,0.008619879
validation,inferred,uo_15,0.55749536,0.0077489414
validation,inferred,uo_16,0.6160837,0.007574374
validation,inferred,uo_17,0.6129972,0.0076917405
validation,inferred,uo_18,0.52543694,0.006820165
validation,inferred,vo_0,0.37069923,0.032371182
validation,inferred,vo_1,0.34492955,0.029021151
validation,inferred,vo_2,0.31039032,0.024738396
validation,inferred,vo_3,0.2984763,0.022444183
validation,inferred,vo_4,0.29514652,0.021378528
validation,inferred,vo_5,0.3132787,0.021324148
validation,inferred,vo_6,0.3200131,0.019950056
validation,inferred,vo_7,0.3214439,0.018403906
validation,inferred,vo_8,0.3289977,0.017095642
validation,inferred,vo_9,0.33977756,0.015464351
validation,inferred,vo_10,0.35927305,0.013748906
validation,inferred,vo_11,0.38990864,0.01202174
validation,inferred,vo_12,0.42799276,0.010383204
validation,inferred,vo_13,0.4685161,0.008980272
validation,inferred,vo_14,0.5103094,0.007967408
validation,inferred,vo_15,0.5729595,0.0076385527
validation,inferred,vo_16,0.61615056,0.00772796
validation,inferred,vo_17,0.6167731,0.007901386
validation,inferred,vo_18,0.55279356,0.0066913436
validation,inferred,thetao_0,0.0,0.0
validation,inferred,thetao_1,0.027259069,0.31679922
validation,inferred,thetao_2,0.042141423,0.48531437
validation,inferred,thetao_3,0.05561465,0.6246013
validation,inferred,thetao_4,0.06230164,0.6657454
validation,inferred,thetao_5,0.06615724,0.6346021
validation,inferred,thetao_6,0.070684254,0.55947775
validation,inferred,thetao_7,0.0706138,0.44123104
validation,inferred,thetao_8,0.07488657,0.36094412
validation,inferred,thetao_9,0.076659195,0.27996606
validation,inferred,thetao_10,0.074137844,0.20483008
validation,inferred,thetao_11,0.081131145,0.17853822
validation,inferred,thetao_12,0.074363366,0.13627487
validation,inferred,thetao_13,0.059456293,0.09176332
validation,inferred,thetao_14,0.051346924,0.069764026
validation,inferred,thetao_15,0.05049544,0.059195243
validation,inferred,thetao_16,0.065658055,0.059891786
validation,inferred,thetao_17,0.06131413,0.041621096
validation,inferred,thetao_18,0.052652176,0.026605368
validation,inferred,so_0,0.1029041,0.28995636
validation,inferred,so_1,0.09206955,0.254594
validation,inferred,so_2,0.080925085,0.18679154
validation,inferred,so_3,0.07281625,0.1491156
validation,inferred,so_4,0.07439676,0.13786024
validation,inferred,so_5,0.074957706,0.12044788
validation,inferred,so_6,0.08136931,0.10188864
validation,inferred,so_7,0.08589158,0.08010755
validation,inferred,so_8,0.07784175,0.061836
validation,inferred,so_9,0.0637471,0.04520808
validation,inferred,so_10,0.053035643,0.035032697
validation,inferred,so_11,0.056458168,0.03499215
validation,inferred,so_12,0.048598435,0.027545746
validation,inferred,so_13,0.03330155,0.01707429
validation,inferred,so_14,0.03085603,0.012975325
validation,inferred,so_15,0.03661457,0.008844529
validation,inferred,so_16,0.0461935,0.0069652824
validation,inferred,so_17,0.05847789,0.0037147407
validation,inferred,so_18,0.045665506,0.0023145792
validation,inferred,zos,0.0,0.0
validation,climatology_with_observed_surface,uo_0,0.6784124,0.08612074
validation,climatology_with_observed_surface,uo_1,0.7132903,0.08210647
validation,climatology_with_observed_surface,uo_2,0.7372401,0.07818763
validation,climatology_with_observed_surface,uo_3,0.7258353,0.073435366
validation,climatology_with_observed_surface,uo_4,0.6463433,0.06692171
validation,climatology_with_observed_surface,uo_5,0.5913355,0.05932876
validation,climatology_with_observed_surface,uo_6,0.5758755,0.049294546
validation,climatology_with_observed_surface,uo_7,0.6492571,0.043422002
validation,climatology_with_observed_surface,uo_8,0.6781173,0.0392057
validation,climatology_with_observed_surface,uo_9,0.6728009,0.03423701
validation,climatology_with_observed_surface,uo_10,0.66259545,0.028662816
validation,climatology_with_observed_surface,uo_11,0.65647584,0.023125695
validation,climatology_with_observed_surface,uo_12,0.6560452,0.018236708
validation,climatology_with_observed_surface,uo_13,0.6534529,0.014268936
validation,climatology_with_observed_surface,uo_14,0.6695492,0.011482992
validation,climatology_with_observed_surface,uo_15,0.71059805,0.009877002
validation,climatology_with_observed_surface,uo_16,0.7452401,0.009162273
validation,climatology_with_observed_surface,uo_17,0.7172501,0.008999881
validation,climatology_with_observed_surface,uo_18,0.62476647,0.0081094615
validation,climatology_with_observed_surface,vo_0,0.7692597,0.067175336
validation,climatology_with_observed_surface,vo_1,0.767471,0.0645723
validation,climatology_with_observed_surface,vo_2,0.77710944,0.06193634
validation,climatology_with_observed_surface,vo_3,0.7914551,0.05951415
validation,climatology_with_observed_surface,vo_4,0.78430223,0.056809846
validation,climatology_with_observed_surface,vo_5,0.77069485,0.052459396
validation,climatology_with_observed_surface,vo_6,0.7613237,0.047461964
validation,climatology_with_observed_surface,vo_7,0.7648541,0.04379086
validation,climatology_with_observed_surface,vo_8,0.76791084,0.0399028
validation,climatology_with_observed_surface,vo_9,0.7669762,0.03490751
validation,climatology_with_observed_surface,vo_10,0.7629684,0.029197795
validation,climatology_with_observed_surface,vo_11,0.7615069,0.02347893
validation,climatology_with_observed_surface,vo_12,0.7567203,0.01835821
validation,climatology_with_observed_surface,vo_13,0.75028944,0.014381157
validation,climatology_with_observed_surface,vo_14,0.75209624,0.011742401
validation,climatology_with_observed_surface,vo_15,0.77047205,0.010271741
validation,climatology_with_observed_surface,vo_16,0.77931213,0.009774385
validation,climatology_with_observed_surface,vo_17,0.75746995,0.009703832
validation,climatology_with_observed_surface,vo_18,0.6981696,0.008451062
validation,climatology_with_observed_surface,thetao_0,0.0,0.0
validation,climatology_with_observed_surface,thetao_1,0.061946567,0.7199301
validation,climatology_with_observed_surface,thetao_2,0.0601345,0.6925285
validation,climatology_with_observed_surface,thetao_3,0.06252702,0.7022333
validation,climatology_with_observed_surface,thetao_4,0.070725866,0.7557653
validation,climatology_with_observed_surface,thetao_5,0.082680024,0.79309416
validation,climatology_with_observed_surface,thetao_6,0.08868838,0.70198345
validation,climatology_with_observed_surface,thetao_7,0.094446175,0.59014785
validation,climatology_with_observed_surface,thetao_8,0.10706292,0.51603025
validation,climatology_with_observed_surface,thetao_9,0.109472364,0.3998026
validation,climatology_with_observed_surface,thetao_10,0.102243744,0.28248185
validation,climatology_with_observed_surface,thetao_11,0.09684526,0.2131189
validation,climatology_with_observed_surface,thetao_12,0.079730935,0.14611124
validation,climatology_with_observed_surface,thetao_13,0.054604433,0.08427509
validation,climatology_with_observed_surface,thetao_14,0.042280037,0.05744503
validation,climatology_with_observed_surface,thetao_15,0.037373297,0.0438123
validation,climatology_with_observed_surface,thetao_16,0.045498382,0.04150259
validation,climatology_with_observed_surface,thetao_17,0.06682538,0.04536223
validation,climatology_with_observed_surface,thetao_18,0.07539627,0.038098052
validation,climatology_with_observed_surface,so_0,0.094849974,0.26726198
validation,climatology_with_observed_surface,so_1,0.08655065,0.23933293
validation,climatology_with_observed_surface,so_2,0.07724834,0.17830487
validation,climatology_with_observed_surface,so_3,0.069471456,0.14226602
validation,climatology_with_observed_surface,so_4,0.07042253,0.13049583
validation,climatology_with_observed_surface,so_5,0.07293493,0.117197536
validation,climatology_with_observed_surface,so_6,0.0849653,0.10639146
validation,climatology_with_observed_surface,so_7,0.098816544,0.09216213
validation,climatology_with_observed_surface,so_8,0.09459632,0.07514551
validation,climatology_with_observed_surface,so_9,0.07452441,0.05285112
validation,climatology_with_observed_surface,so_10,0.052019887,0.03436174
validation,climatology_with_observed_surface,so_11,0.053620666,0.0332335
validation,climatology_with_observed_surface,so_12,0.047235966,0.026773494
validation,climatology_with_observed_surface,so_13,0.025583273,0.013116994
validation,climatology_with_observed_surface,so_14,0.015465653,0.00650349
validation,climatology_with_observed_surface,so_15,0.017954666,0.004337087
validation,climatology_with_observed_surface,so_16,0.025838245,0.0038960173
validation,climatology_with_observed_surface,so_17,0.08294591,0.005269044
validation,climatology_with_observed_surface,so_18,0.087033026,0.0044113128
validation,climatology_with_observed_surface,zos,0.0,0.0
