2026/09/22 06:21:36.088, 0, 0, 0
2026/09/22 06:21:36.097, 1, 0, 0
2026/09/22 06:21:51.105, 0, 0, 3
2026/09/22 06:21:51.106, 1, 0, 3
2026/09/22 06:22:06.106, 0, 0, 57339
2026/09/22 06:22:06.107, 1, 0, 57339
2026/09/22 06:22:21.108, 0, 0, 61353
2026/09/22 06:22:21.108, 1, 0, 61353
2026/09/22 06:22:36.110, 0, 0, 61353
2026/09/22 06:22:36.115, 1, 0, 61353
2026/09/22 06:22:51.117, 0, 0, 61353
2026/09/22 06:22:51.117, 1, 0, 61353
2026/09/22 06:23:06.119, 0, 0, 61353
2026/09/22 06:23:06.119, 1, 0, 61353
2026/09/22 06:23:21.119, 0, 0, 61353
2026/09/22 06:23:21.121, 1, 0, 61353
2026/09/22 06:23:36.121, 0, 0, 61353
2026/09/22 06:23:36.121, 1, 0, 61353
2026/09/22 06:23:51.123, 0, 0, 61353
2026/09/22 06:23:51.123, 1, 0, 61353
2026/09/22 06:24:06.124, 0, 20, 61353
2026/09/22 06:24:06.124, 1, 0, 61353
2026/09/22 06:24:21.125, 0, 0, 61353
2026/09/22 06:24:21.125, 1, 0, 61353
2026/09/22 06:24:36.126, 0, 0, 61353
2026/09/22 06:24:36.126, 1, 0, 61353
2026/09/22 06:24:51.127, 0, 0, 69429
2026/09/22 06:24:51.127, 1, 0, 69429
2026/09/22 06:25:06.128, 0, 97, 78997
2026/09/22 06:25:06.129, 1, 93, 78997
2026/09/22 06:25:21.130, 0, 96, 78997
2026/09/22 06:25:21.130, 1, 96, 78997
2026/09/22 06:25:36.131, 0, 98, 78997
2026/09/22 06:25:36.132, 1, 95, 78997
2026/09/22 06:25:51.133, 0, 97, 78997
2026/09/22 06:25:51.133, 1, 97, 78997
2026/09/22 06:26:06.134, 0, 95, 78997
2026/09/22 06:26:06.135, 1, 95, 78997
2026/09/22 06:26:21.136, 0, 96, 78997
2026/09/22 06:26:21.136, 1, 95, 78997
2026/09/22 06:26:36.137, 0, 100, 78997
2026/09/22 06:26:36.137, 1, 98, 78997
2026/09/22 06:26:51.139, 0, 100, 78997
2026/09/22 06:26:51.139, 1, 97, 78997
2026/09/22 06:27:06.140, 0, 99, 78997
2026/09/22 06:27:06.140, 1, 96, 78997
2026/09/22 06:27:21.141, 0, 97, 78997
2026/09/22 06:27:21.141, 1, 95, 78997
2026/09/22 06:27:36.143, 0, 95, 78997
2026/09/22 06:27:36.143, 1, 95, 78997
2026/09/22 06:27:51.144, 0, 95, 78997
2026/09/22 06:27:51.144, 1, 100, 78997
2026/09/22 06:28:06.146, 0, 100, 78997
2026/09/22 06:28:06.146, 1, 99, 78997
2026/09/22 06:28:21.147, 0, 99, 78997
2026/09/22 06:28:21.147, 1, 97, 78997
2026/09/22 06:28:36.148, 0, 100, 78997
2026/09/22 06:28:36.148, 1, 95, 78997
2026/09/22 06:28:51.150, 0, 98, 78997
2026/09/22 06:28:51.150, 1, 94, 78997
2026/09/22 06:29:06.152, 0, 94, 78997
2026/09/22 06:29:06.152, 1, 95, 78997
2026/09/22 06:29:21.153, 0, 93, 78997
2026/09/22 06:29:21.153, 1, 95, 78997
2026/09/22 06:29:36.154, 0, 98, 78997
2026/09/22 06:29:36.155, 1, 94, 78997
2026/09/22 06:29:51.156, 0, 98, 78997
2026/09/22 06:29:51.156, 1, 91, 78997
2026/09/22 06:30:06.157, 0, 98, 78997
2026/09/22 06:30:06.157, 1, 97, 78997
2026/09/22 06:30:21.158, 0, 98, 78997
2026/09/22 06:30:21.158, 1, 99, 78997
2026/09/22 06:30:36.159, 0, 98, 78997
2026/09/22 06:30:36.160, 1, 95, 78997
2026/09/22 06:30:51.161, 0, 98, 78997
2026/09/22 06:30:51.161, 1, 94, 78997
2026/09/22 06:31:06.162, 0, 96, 78997
2026/09/22 06:31:06.162, 1, 100, 78997
2026/09/22 06:31:21.164, 0, 96, 78997
2026/09/22 06:31:21.164, 1, 99, 78997
2026/09/22 06:31:36.165, 0, 100, 78997
2026/09/22 06:31:36.165, 1, 100, 78997
2026/09/22 06:31:51.167, 0, 100, 78997
2026/09/22 06:31:51.167, 1, 99, 78997
2026/09/22 06:32:06.168, 0, 100, 78997
2026/09/22 06:32:06.168, 1, 97, 78997
2026/09/22 06:32:21.170, 0, 100, 78997
2026/09/22 06:32:21.170, 1, 98, 78997
2026/09/22 06:32:36.171, 0, 100, 78997
2026/09/22 06:32:36.171, 1, 99, 78997
2026/09/22 06:32:51.173, 0, 95, 78997
2026/09/22 06:32:51.173, 1, 100, 78997
2026/09/22 06:33:06.173, 0, 100, 78997
2026/09/22 06:33:06.174, 1, 100, 78997
2026/09/22 06:33:21.175, 0, 100, 78997
2026/09/22 06:33:21.175, 1, 98, 78997
2026/09/22 06:33:36.176, 0, 100, 78997
2026/09/22 06:33:36.176, 1, 99, 78997
2026/09/22 06:33:51.177, 0, 96, 78997
2026/09/22 06:33:51.177, 1, 100, 78997
2026/09/22 06:34:06.179, 0, 2, 78997
2026/09/22 06:34:06.179, 1, 100, 78997
2026/09/22 06:34:21.180, 0, 100, 78997
2026/09/22 06:34:21.180, 1, 98, 78997
2026/09/22 06:34:36.182, 0, 98, 78997
2026/09/22 06:34:36.182, 1, 96, 78997
2026/09/22 06:34:51.183, 0, 100, 78997
2026/09/22 06:34:51.183, 1, 99, 78997
2026/09/22 06:35:06.184, 0, 100, 78997
2026/09/22 06:35:06.184, 1, 99, 78997
2026/09/22 06:35:21.185, 0, 98, 78997
2026/09/22 06:35:21.185, 1, 100, 78997
2026/09/22 06:35:36.185, 0, 98, 78997
2026/09/22 06:35:36.185, 1, 100, 78997
2026/09/22 06:35:51.186, 0, 100, 78997
2026/09/22 06:35:51.186, 1, 98, 78997
2026/09/22 06:36:06.187, 0, 98, 78997
2026/09/22 06:36:06.187, 1, 100, 78997
2026/09/22 06:36:21.188, 0, 99, 78997
2026/09/22 06:36:21.188, 1, 98, 78997
2026/09/22 06:36:36.189, 0, 99, 78997
2026/09/22 06:36:36.189, 1, 97, 78997
2026/09/22 06:36:51.190, 0, 100, 78997
2026/09/22 06:36:51.190, 1, 99, 78997
2026/09/22 06:37:06.191, 0, 99, 78997
2026/09/22 06:37:06.191, 1, 99, 78997
2026/09/22 06:37:21.192, 0, 98, 78997
2026/09/22 06:37:21.192, 1, 99, 78997
2026/09/22 06:37:36.192, 0, 89, 78997
2026/09/22 06:37:36.192, 1, 100, 78997
2026/09/22 06:37:51.193, 0, 98, 78997
2026/09/22 06:37:51.193, 1, 100, 78997
2026/09/22 06:38:06.194, 0, 97, 78997
2026/09/22 06:38:06.194, 1, 98, 78997
2026/09/22 06:38:21.195, 0, 98, 78997
2026/09/22 06:38:21.195, 1, 98, 78997
2026/09/22 06:38:36.196, 0, 98, 78997
2026/09/22 06:38:36.196, 1, 98, 78997
2026/09/22 06:38:51.197, 0, 99, 78997
2026/09/22 06:38:51.197, 1, 98, 78997
2026/09/22 06:39:06.197, 0, 100, 78997
2026/09/22 06:39:06.198, 1, 100, 78997
2026/09/22 06:39:21.198, 0, 100, 78997
2026/09/22 06:39:21.199, 1, 100, 78997
2026/09/22 06:39:36.199, 0, 98, 78997
2026/09/22 06:39:36.199, 1, 100, 78997
2026/09/22 06:39:51.200, 0, 100, 78997
2026/09/22 06:39:51.200, 1, 100, 78997
2026/09/22 06:40:06.201, 0, 98, 78997
2026/09/22 06:40:06.201, 1, 99, 78997
2026/09/22 06:40:21.202, 0, 99, 78997
2026/09/22 06:40:21.202, 1, 98, 78997
2026/09/22 06:40:36.203, 0, 99, 78997
2026/09/22 06:40:36.203, 1, 97, 78997
2026/09/22 06:40:51.203, 0, 100, 78997
2026/09/22 06:40:51.203, 1, 99, 78997
2026/09/22 06:41:06.204, 0, 99, 78997
2026/09/22 06:41:06.204, 1, 100, 78997
2026/09/22 06:41:21.205, 0, 100, 78997
2026/09/22 06:41:21.205, 1, 99, 78997
2026/09/22 06:41:36.206, 0, 100, 78997
2026/09/22 06:41:36.206, 1, 100, 78997
2026/09/22 06:41:51.207, 0, 98, 78997
2026/09/22 06:41:51.207, 1, 100, 78997
2026/09/22 06:42:06.208, 0, 98, 78997
2026/09/22 06:42:06.208, 1, 98, 78997
2026/09/22 06:42:21.209, 0, 98, 78997
2026/09/22 06:42:21.209, 1, 98, 78997
2026/09/22 06:42:36.209, 0, 97, 78997
2026/09/22 06:42:36.209, 1, 98, 78997
2026/09/22 06:42:51.210, 0, 99, 78997
2026/09/22 06:42:51.210, 1, 98, 78997
2026/09/22 06:43:06.211, 0, 100, 78997
2026/09/22 06:43:06.211, 1, 98, 78997
2026/09/22 06:43:21.212, 0, 100, 78997
2026/09/22 06:43:21.212, 1, 100, 78997
2026/09/22 06:43:36.212, 0, 100, 78997
2026/09/22 06:43:36.212, 1, 100, 78997
2026/09/22 06:43:51.213, 0, 100, 78997
2026/09/22 06:43:51.213, 1, 100, 78997
2026/09/22 06:44:06.214, 0, 99, 78997
2026/09/22 06:44:06.214, 1, 100, 78997
2026/09/22 06:44:21.215, 0, 98, 78997
2026/09/22 06:44:21.215, 1, 100, 78997
2026/09/22 06:44:36.216, 0, 98, 78997
2026/09/22 06:44:36.216, 1, 100, 78997
2026/09/22 06:44:51.217, 0, 99, 78997
2026/09/22 06:44:51.217, 1, 98, 78997
2026/09/22 06:45:06.218, 0, 98, 78997
2026/09/22 06:45:06.218, 1, 97, 78997
2026/09/22 06:45:21.219, 0, 96, 78997
2026/09/22 06:45:21.219, 1, 98, 78997
2026/09/22 06:45:36.220, 0, 99, 78997
2026/09/22 06:45:36.220, 1, 99, 78997
2026/09/22 06:45:51.221, 0, 99, 78997
2026/09/22 06:45:51.221, 1, 98, 78997
2026/09/22 06:46:06.222, 0, 100, 78997
2026/09/22 06:46:06.222, 1, 97, 78997
2026/09/22 06:46:21.223, 0, 100, 78997
2026/09/22 06:46:21.223, 1, 99, 78997
2026/09/22 06:46:36.224, 0, 100, 78997
2026/09/22 06:46:36.224, 1, 99, 78997
2026/09/22 06:46:51.225, 0, 100, 78997
2026/09/22 06:46:51.225, 1, 100, 78997
2026/09/22 06:47:06.226, 0, 98, 78997
2026/09/22 06:47:06.226, 1, 100, 78997
2026/09/22 06:47:21.227, 0, 97, 78997
2026/09/22 06:47:21.227, 1, 98, 78997
2026/09/22 06:47:36.227, 0, 99, 78997
2026/09/22 06:47:36.228, 1, 97, 78997
2026/09/22 06:47:51.228, 0, 99, 78997
2026/09/22 06:47:51.229, 1, 99, 78997
2026/09/22 06:48:06.229, 0, 100, 78997
2026/09/22 06:48:06.229, 1, 99, 78997
2026/09/22 06:48:21.230, 0, 100, 78997
2026/09/22 06:48:21.230, 1, 99, 78997
2026/09/22 06:48:36.231, 0, 98, 78997
2026/09/22 06:48:36.231, 1, 99, 78997
2026/09/22 06:48:51.232, 0, 98, 78997
2026/09/22 06:48:51.232, 1, 100, 78997
2026/09/22 06:49:06.232, 0, 100, 78997
2026/09/22 06:49:06.232, 1, 98, 78997
2026/09/22 06:49:21.233, 0, 98, 78997
2026/09/22 06:49:21.233, 1, 100, 78997
2026/09/22 06:49:36.234, 0, 97, 78997
2026/09/22 06:49:36.234, 1, 98, 78997
2026/09/22 06:49:51.235, 0, 99, 78997
2026/09/22 06:49:51.235, 1, 98, 78997
2026/09/22 06:50:06.236, 0, 100, 78997
2026/09/22 06:50:06.236, 1, 99, 78997
2026/09/22 06:50:21.237, 0, 100, 78997
2026/09/22 06:50:21.237, 1, 99, 78997
2026/09/22 06:50:36.238, 0, 100, 78997
2026/09/22 06:50:36.238, 1, 100, 78997
2026/09/22 06:50:51.239, 0, 100, 78997
2026/09/22 06:50:51.239, 1, 99, 78997
2026/09/22 06:51:06.239, 0, 3, 78997
2026/09/22 06:51:06.240, 1, 100, 78997
2026/09/22 06:51:21.240, 0, 99, 78997
2026/09/22 06:51:21.240, 1, 98, 78997
2026/09/22 06:51:36.241, 0, 100, 78997
2026/09/22 06:51:36.241, 1, 98, 78997
2026/09/22 06:51:51.242, 0, 98, 78997
2026/09/22 06:51:51.242, 1, 97, 78997
2026/09/22 06:52:06.243, 0, 99, 78997
2026/09/22 06:52:06.243, 1, 98, 78997
2026/09/22 06:52:21.244, 0, 99, 78997
2026/09/22 06:52:21.244, 1, 98, 78997
2026/09/22 06:52:36.245, 0, 100, 78997
2026/09/22 06:52:36.245, 1, 99, 78997
2026/09/22 06:52:51.245, 0, 100, 78997
2026/09/22 06:52:51.245, 1, 99, 78997
2026/09/22 06:53:06.246, 0, 100, 78997
2026/09/22 06:53:06.246, 1, 100, 78997
2026/09/22 06:53:21.247, 0, 100, 78997
2026/09/22 06:53:21.247, 1, 98, 78997
2026/09/22 06:53:36.248, 0, 98, 78997
2026/09/22 06:53:36.248, 1, 100, 78997
2026/09/22 06:53:51.249, 0, 97, 78997
2026/09/22 06:53:51.249, 1, 98, 78997
2026/09/22 06:54:06.250, 0, 99, 78997
2026/09/22 06:54:06.250, 1, 98, 78997
2026/09/22 06:54:21.251, 0, 99, 78997
2026/09/22 06:54:21.251, 1, 100, 78997
2026/09/22 06:54:36.251, 0, 100, 78997
2026/09/22 06:54:36.251, 1, 100, 78997
2026/09/22 06:54:51.252, 0, 98, 78997
2026/09/22 06:54:51.252, 1, 100, 78997
2026/09/22 06:55:06.253, 0, 98, 78997
2026/09/22 06:55:06.253, 1, 100, 78997
2026/09/22 06:55:21.254, 0, 99, 78997
2026/09/22 06:55:21.255, 1, 98, 78997
2026/09/22 06:55:36.255, 0, 99, 78997
2026/09/22 06:55:36.258, 1, 97, 78997
2026/09/22 06:55:51.259, 0, 97, 78997
2026/09/22 06:55:51.259, 1, 99, 78997
2026/09/22 06:56:06.260, 0, 99, 78997
2026/09/22 06:56:06.260, 1, 99, 78997
2026/09/22 06:56:21.260, 0, 100, 78997
2026/09/22 06:56:21.260, 1, 97, 78997
2026/09/22 06:56:36.261, 0, 100, 78997
2026/09/22 06:56:36.261, 1, 99, 78997
2026/09/22 06:56:51.262, 0, 98, 78997
2026/09/22 06:56:51.262, 1, 99, 78997
2026/09/22 06:57:06.263, 0, 100, 78997
2026/09/22 06:57:06.263, 1, 99, 78997
2026/09/22 06:57:21.264, 0, 98, 78997
2026/09/22 06:57:21.264, 1, 98, 78997
2026/09/22 06:57:36.265, 0, 98, 78997
2026/09/22 06:57:36.265, 1, 100, 78997
2026/09/22 06:57:51.265, 0, 99, 78997
2026/09/22 06:57:51.266, 1, 98, 78997
2026/09/22 06:58:06.266, 0, 99, 78997
2026/09/22 06:58:06.266, 1, 98, 78997
2026/09/22 06:58:21.267, 0, 99, 78997
2026/09/22 06:58:21.267, 1, 97, 78997
2026/09/22 06:58:36.268, 0, 97, 78997
2026/09/22 06:58:36.268, 1, 99, 78997
2026/09/22 06:58:51.269, 0, 99, 78997
2026/09/22 06:58:51.269, 1, 98, 78997
2026/09/22 06:59:06.270, 0, 99, 78997
2026/09/22 06:59:06.270, 1, 99, 78997
2026/09/22 06:59:21.270, 0, 100, 78997
2026/09/22 06:59:21.270, 1, 99, 78997
2026/09/22 06:59:36.271, 0, 98, 78997
2026/09/22 06:59:36.271, 1, 99, 78997
2026/09/22 06:59:51.272, 0, 100, 78997
2026/09/22 06:59:51.272, 1, 100, 78997
2026/09/22 07:00:06.273, 0, 98, 78997
2026/09/22 07:00:06.273, 1, 100, 78997
2026/09/22 07:00:21.273, 0, 99, 78997
2026/09/22 07:00:21.274, 1, 98, 78997
2026/09/22 07:00:36.275, 0, 100, 78997
2026/09/22 07:00:36.275, 1, 99, 78997
2026/09/22 07:00:51.275, 0, 100, 78997
2026/09/22 07:00:51.276, 1, 100, 78997
2026/09/22 07:01:06.276, 0, 98, 78997
2026/09/22 07:01:06.276, 1, 100, 78997
2026/09/22 07:01:21.277, 0, 100, 78997
2026/09/22 07:01:21.277, 1, 99, 78997
2026/09/22 07:01:36.278, 0, 98, 78997
2026/09/22 07:01:36.278, 1, 100, 78997
2026/09/22 07:01:51.278, 0, 96, 78997
2026/09/22 07:01:51.279, 1, 100, 78997
2026/09/22 07:02:06.280, 0, 100, 78997
2026/09/22 07:02:06.280, 1, 98, 78997
2026/09/22 07:02:21.281, 0, 97, 78997
2026/09/22 07:02:21.281, 1, 100, 78997
2026/09/22 07:02:36.282, 0, 99, 78997
2026/09/22 07:02:36.282, 1, 98, 78997
2026/09/22 07:02:51.283, 0, 96, 78997
2026/09/22 07:02:51.283, 1, 100, 78997
2026/09/22 07:03:06.284, 0, 99, 78997
2026/09/22 07:03:06.284, 1, 99, 78997
2026/09/22 07:03:21.286, 0, 100, 78997
2026/09/22 07:03:21.286, 1, 98, 78997
2026/09/22 07:03:36.287, 0, 95, 78997
2026/09/22 07:03:36.287, 1, 96, 78997
2026/09/22 07:03:51.288, 0, 100, 78997
2026/09/22 07:03:51.288, 1, 99, 78997
2026/09/22 07:04:06.289, 0, 96, 78997
2026/09/22 07:04:06.289, 1, 100, 78997
2026/09/22 07:04:21.290, 0, 100, 78997
2026/09/22 07:04:21.291, 1, 98, 78997
2026/09/22 07:04:36.292, 0, 95, 78997
2026/09/22 07:04:36.292, 1, 97, 78997
2026/09/22 07:04:51.293, 0, 100, 78997
2026/09/22 07:04:51.293, 1, 99, 78997
2026/09/22 07:05:06.294, 0, 98, 78997
2026/09/22 07:05:06.294, 1, 96, 78997
2026/09/22 07:05:21.296, 0, 99, 78997
2026/09/22 07:05:21.296, 1, 99, 78997
2026/09/22 07:05:36.297, 0, 96, 78997
2026/09/22 07:05:36.297, 1, 100, 78997
2026/09/22 07:05:51.298, 0, 100, 78997
2026/09/22 07:05:51.298, 1, 95, 78997
2026/09/22 07:06:06.299, 0, 96, 78997
2026/09/22 07:06:06.299, 1, 100, 78997
2026/09/22 07:06:21.300, 0, 99, 78997
2026/09/22 07:06:21.301, 1, 96, 78997
2026/09/22 07:06:36.302, 0, 96, 78997
2026/09/22 07:06:36.302, 1, 100, 78997
2026/09/22 07:06:51.303, 0, 83, 78997
2026/09/22 07:06:51.303, 1, 98, 78997
2026/09/22 07:07:06.305, 0, 96, 78997
2026/09/22 07:07:06.305, 1, 100, 78997
2026/09/22 07:07:21.306, 0, 98, 78997
2026/09/22 07:07:21.306, 1, 95, 78997
2026/09/22 07:07:36.307, 0, 97, 78997
2026/09/22 07:07:36.307, 1, 100, 78997
2026/09/22 07:07:51.308, 0, 100, 78997
2026/09/22 07:07:51.308, 1, 98, 78997
2026/09/22 07:08:06.310, 0, 6, 78997
2026/09/22 07:08:06.310, 1, 100, 78997
2026/09/22 07:08:21.311, 0, 99, 78997
2026/09/22 07:08:21.311, 1, 98, 78997
2026/09/22 07:08:36.312, 0, 98, 78997
2026/09/22 07:08:36.312, 1, 99, 78997
2026/09/22 07:08:51.313, 0, 99, 78997
2026/09/22 07:08:51.313, 1, 97, 78997
2026/09/22 07:09:06.315, 0, 100, 78997
2026/09/22 07:09:06.315, 1, 98, 78997
2026/09/22 07:09:21.316, 0, 95, 78997
2026/09/22 07:09:21.316, 1, 96, 78997
2026/09/22 07:09:36.317, 0, 100, 78997
2026/09/22 07:09:36.317, 1, 100, 78997
2026/09/22 07:09:51.318, 0, 95, 78997
2026/09/22 07:09:51.318, 1, 96, 78997
2026/09/22 07:10:06.319, 0, 100, 78997
2026/09/22 07:10:06.319, 1, 99, 78997
2026/09/22 07:10:21.321, 0, 99, 78997
2026/09/22 07:10:21.321, 1, 98, 78997
2026/09/22 07:10:36.322, 0, 96, 78997
2026/09/22 07:10:36.322, 1, 100, 78997
2026/09/22 07:10:51.323, 0, 98, 78997
2026/09/22 07:10:51.323, 1, 98, 78997
2026/09/22 07:11:06.324, 0, 97, 78997
2026/09/22 07:11:06.324, 1, 99, 78997
2026/09/22 07:11:21.325, 0, 98, 78997
2026/09/22 07:11:21.325, 1, 97, 78997
2026/09/22 07:11:36.327, 0, 97, 78997
2026/09/22 07:11:36.327, 1, 99, 78997
2026/09/22 07:11:51.328, 0, 99, 78997
2026/09/22 07:11:51.328, 1, 96, 78997
2026/09/22 07:12:06.330, 0, 98, 78997
2026/09/22 07:12:06.330, 1, 99, 78997
2026/09/22 07:12:21.331, 0, 97, 78997
2026/09/22 07:12:21.331, 1, 100, 78997
2026/09/22 07:12:36.332, 0, 100, 78997
2026/09/22 07:12:36.333, 1, 99, 78997
2026/09/22 07:12:51.334, 0, 98, 78997
2026/09/22 07:12:51.334, 1, 97, 78997
2026/09/22 07:13:06.335, 0, 97, 78997
2026/09/22 07:13:06.335, 1, 100, 78997
2026/09/22 07:13:21.336, 0, 95, 78997
2026/09/22 07:13:21.336, 1, 93, 78997
2026/09/22 07:13:36.338, 0, 100, 78997
2026/09/22 07:13:36.338, 1, 99, 78997
2026/09/22 07:13:51.339, 0, 97, 78997
2026/09/22 07:13:51.339, 1, 100, 78997
2026/09/22 07:14:06.341, 0, 97, 78997
2026/09/22 07:14:06.341, 1, 99, 78997
2026/09/22 07:14:21.342, 0, 96, 78997
2026/09/22 07:14:21.342, 1, 98, 78997
2026/09/22 07:14:36.343, 0, 98, 78997
2026/09/22 07:14:36.343, 1, 96, 78997
2026/09/22 07:14:51.345, 0, 99, 78997
2026/09/22 07:14:51.345, 1, 100, 78997
2026/09/22 07:15:06.346, 0, 97, 78997
2026/09/22 07:15:06.346, 1, 100, 78997
2026/09/22 07:15:21.347, 0, 79, 78997
2026/09/22 07:15:21.347, 1, 96, 78997
2026/09/22 07:15:36.348, 0, 96, 78997
2026/09/22 07:15:36.348, 1, 100, 78997
2026/09/22 07:15:51.349, 0, 99, 78997
2026/09/22 07:15:51.349, 1, 94, 78997
2026/09/22 07:16:06.350, 0, 100, 78997
2026/09/22 07:16:06.350, 1, 100, 78997
2026/09/22 07:16:21.351, 0, 94, 78997
2026/09/22 07:16:21.351, 1, 97, 78997
2026/09/22 07:16:36.352, 0, 100, 78997
2026/09/22 07:16:36.352, 1, 98, 78997
2026/09/22 07:16:51.354, 0, 99, 78997
2026/09/22 07:16:51.354, 1, 96, 78997
2026/09/22 07:17:06.355, 0, 97, 78997
2026/09/22 07:17:06.355, 1, 98, 78997
2026/09/22 07:17:21.357, 0, 100, 78997
2026/09/22 07:17:21.357, 1, 99, 78997
2026/09/22 07:17:36.358, 0, 100, 78997
2026/09/22 07:17:36.358, 1, 100, 78997
2026/09/22 07:17:51.359, 0, 98, 78997
2026/09/22 07:17:51.359, 1, 97, 78997
2026/09/22 07:18:06.361, 0, 96, 78997
2026/09/22 07:18:06.361, 1, 100, 78997
2026/09/22 07:18:21.362, 0, 99, 78997
2026/09/22 07:18:21.362, 1, 97, 78997
2026/09/22 07:18:36.363, 0, 95, 78997
2026/09/22 07:18:36.363, 1, 100, 78997
2026/09/22 07:18:51.365, 0, 97, 78997
2026/09/22 07:18:51.365, 1, 98, 78997
2026/09/22 07:19:06.366, 0, 100, 78997
2026/09/22 07:19:06.366, 1, 99, 78997
2026/09/22 07:19:21.367, 0, 99, 78997
2026/09/22 07:19:21.367, 1, 97, 78997
2026/09/22 07:19:36.368, 0, 97, 78997
2026/09/22 07:19:36.368, 1, 98, 78997
2026/09/22 07:19:51.370, 0, 98, 78997
2026/09/22 07:19:51.370, 1, 100, 78997
2026/09/22 07:20:06.371, 0, 100, 78997
2026/09/22 07:20:06.371, 1, 99, 78997
2026/09/22 07:20:21.372, 0, 96, 78997
2026/09/22 07:20:21.372, 1, 96, 78997
2026/09/22 07:20:36.373, 0, 98, 78997
2026/09/22 07:20:36.374, 1, 96, 78997
2026/09/22 07:20:51.375, 0, 97, 78997
2026/09/22 07:20:51.375, 1, 100, 78997
2026/09/22 07:21:06.376, 0, 100, 78997
2026/09/22 07:21:06.376, 1, 99, 78997
2026/09/22 07:21:21.377, 0, 95, 78997
2026/09/22 07:21:21.377, 1, 96, 78997
2026/09/22 07:21:36.378, 0, 98, 78997
2026/09/22 07:21:36.378, 1, 98, 78997
2026/09/22 07:21:51.379, 0, 96, 78997
2026/09/22 07:21:51.380, 1, 100, 78997
2026/09/22 07:22:06.381, 0, 99, 78997
2026/09/22 07:22:06.381, 1, 98, 78997
2026/09/22 07:22:21.382, 0, 100, 78997
2026/09/22 07:22:21.382, 1, 99, 78997
2026/09/22 07:22:36.383, 0, 98, 78997
2026/09/22 07:22:36.383, 1, 100, 78997
2026/09/22 07:22:51.384, 0, 98, 78997
2026/09/22 07:22:51.384, 1, 99, 78997
2026/09/22 07:23:06.385, 0, 96, 78997
2026/09/22 07:23:06.386, 1, 98, 78997
2026/09/22 07:23:21.387, 0, 0, 78997
2026/09/22 07:23:21.387, 1, 100, 78997
2026/09/22 07:23:36.388, 0, 98, 78997
2026/09/22 07:23:36.388, 1, 100, 78997
2026/09/22 07:23:51.389, 0, 99, 78997
2026/09/22 07:23:51.389, 1, 98, 78997
2026/09/22 07:24:06.390, 0, 100, 78997
2026/09/22 07:24:06.391, 1, 100, 78997
2026/09/22 07:24:21.392, 0, 94, 78997
2026/09/22 07:24:21.392, 1, 98, 78997
2026/09/22 07:24:36.393, 0, 100, 78997
2026/09/22 07:24:36.393, 1, 98, 78997
2026/09/22 07:24:51.395, 0, 99, 78997
2026/09/22 07:24:51.395, 1, 96, 78997
2026/09/22 07:25:06.396, 0, 96, 78997
2026/09/22 07:25:06.396, 1, 97, 78997
2026/09/22 07:25:21.397, 0, 100, 78997
2026/09/22 07:25:21.397, 1, 98, 78997
2026/09/22 07:25:36.399, 0, 96, 78997
2026/09/22 07:25:36.399, 1, 100, 78997
2026/09/22 07:25:51.400, 0, 99, 78997
2026/09/22 07:25:51.400, 1, 95, 78997
2026/09/22 07:26:06.401, 0, 100, 78997
2026/09/22 07:26:06.401, 1, 98, 78997
2026/09/22 07:26:21.403, 0, 99, 78997
2026/09/22 07:26:21.403, 1, 96, 78997
2026/09/22 07:26:36.404, 0, 96, 78997
2026/09/22 07:26:36.404, 1, 100, 78997
2026/09/22 07:26:51.405, 0, 97, 78997
2026/09/22 07:26:51.405, 1, 97, 78997
2026/09/22 07:27:06.406, 0, 100, 78997
2026/09/22 07:27:06.406, 1, 96, 78997
2026/09/22 07:27:21.408, 0, 100, 78997
2026/09/22 07:27:21.408, 1, 98, 78997
2026/09/22 07:27:36.409, 0, 100, 78997
2026/09/22 07:27:36.409, 1, 98, 78997
2026/09/22 07:27:51.411, 0, 100, 78997
2026/09/22 07:27:51.411, 1, 99, 78997
2026/09/22 07:28:06.411, 0, 3, 78997
2026/09/22 07:28:06.411, 1, 100, 78997
2026/09/22 07:28:21.412, 0, 96, 78997
2026/09/22 07:28:21.412, 1, 96, 78997
2026/09/22 07:28:36.413, 0, 94, 78997
2026/09/22 07:28:36.414, 1, 95, 78997
2026/09/22 07:28:51.415, 0, 100, 78997
2026/09/22 07:28:51.415, 1, 98, 78997
2026/09/22 07:29:06.416, 0, 100, 78997
2026/09/22 07:29:06.417, 1, 99, 78997
2026/09/22 07:29:21.418, 0, 98, 78997
2026/09/22 07:29:21.418, 1, 96, 78997
2026/09/22 07:29:36.419, 0, 100, 78997
2026/09/22 07:29:36.419, 1, 100, 78997
2026/09/22 07:29:51.420, 0, 98, 78997
2026/09/22 07:29:51.420, 1, 100, 78997
2026/09/22 07:30:06.421, 0, 97, 78997
2026/09/22 07:30:06.422, 1, 96, 78997
2026/09/22 07:30:21.423, 0, 95, 78997
2026/09/22 07:30:21.423, 1, 100, 78997
2026/09/22 07:30:36.424, 0, 100, 78997
2026/09/22 07:30:36.424, 1, 99, 78997
2026/09/22 07:30:51.425, 0, 95, 78997
2026/09/22 07:30:51.425, 1, 96, 78997
2026/09/22 07:31:06.426, 0, 100, 78997
2026/09/22 07:31:06.427, 1, 100, 78997
2026/09/22 07:31:21.428, 0, 100, 78997
2026/09/22 07:31:21.428, 1, 99, 78997
2026/09/22 07:31:36.429, 0, 99, 78997
2026/09/22 07:31:36.429, 1, 97, 78997
2026/09/22 07:31:51.430, 0, 96, 78997
2026/09/22 07:31:51.430, 1, 100, 78997
2026/09/22 07:32:06.432, 0, 99, 78997
2026/09/22 07:32:06.432, 1, 99, 78997
2026/09/22 07:32:21.433, 0, 95, 78997
2026/09/22 07:32:21.433, 1, 94, 78997
2026/09/22 07:32:36.434, 0, 100, 78997
2026/09/22 07:32:36.434, 1, 100, 78997
2026/09/22 07:32:51.435, 0, 99, 78997
2026/09/22 07:32:51.435, 1, 97, 78997
2026/09/22 07:33:06.436, 0, 94, 78997
2026/09/22 07:33:06.436, 1, 95, 78997
2026/09/22 07:33:21.437, 0, 97, 78997
2026/09/22 07:33:21.437, 1, 100, 78997
2026/09/22 07:33:36.439, 0, 95, 78997
2026/09/22 07:33:36.439, 1, 99, 78997
2026/09/22 07:33:51.440, 0, 95, 78997
2026/09/22 07:33:51.440, 1, 95, 78997
2026/09/22 07:34:06.441, 0, 100, 78997
2026/09/22 07:34:06.441, 1, 100, 78997
2026/09/22 07:34:21.442, 0, 98, 78997
2026/09/22 07:34:21.442, 1, 99, 78997
2026/09/22 07:34:36.444, 0, 98, 78997
2026/09/22 07:34:36.444, 1, 95, 78997
2026/09/22 07:34:51.445, 0, 100, 78997
2026/09/22 07:34:51.445, 1, 100, 78997
2026/09/22 07:35:06.446, 0, 99, 78997
2026/09/22 07:35:06.446, 1, 99, 78997
2026/09/22 07:35:21.448, 0, 97, 78997
2026/09/22 07:35:21.448, 1, 97, 78997
2026/09/22 07:35:36.449, 0, 95, 78997
2026/09/22 07:35:36.449, 1, 99, 78997
2026/09/22 07:35:51.450, 0, 100, 78997
2026/09/22 07:35:51.450, 1, 98, 78997
2026/09/22 07:36:06.451, 0, 99, 78997
2026/09/22 07:36:06.451, 1, 97, 78997
2026/09/22 07:36:21.452, 0, 100, 78997
2026/09/22 07:36:21.452, 1, 100, 78997
2026/09/22 07:36:36.453, 0, 98, 78997
2026/09/22 07:36:36.454, 1, 98, 78997
2026/09/22 07:36:51.455, 0, 96, 78997
2026/09/22 07:36:51.455, 1, 96, 78997
2026/09/22 07:37:06.456, 0, 100, 78997
2026/09/22 07:37:06.456, 1, 99, 78997
2026/09/22 07:37:21.457, 0, 100, 78997
2026/09/22 07:37:21.457, 1, 97, 78997
2026/09/22 07:37:36.458, 0, 97, 78997
2026/09/22 07:37:36.458, 1, 97, 78997
2026/09/22 07:37:51.459, 0, 100, 78997
2026/09/22 07:37:51.459, 1, 100, 78997
2026/09/22 07:38:06.460, 0, 98, 78997
2026/09/22 07:38:06.461, 1, 98, 78997
2026/09/22 07:38:21.462, 0, 93, 78997
2026/09/22 07:38:21.462, 1, 95, 78997
2026/09/22 07:38:36.463, 0, 93, 78997
2026/09/22 07:38:36.463, 1, 95, 78997
2026/09/22 07:38:51.464, 0, 94, 78997
2026/09/22 07:38:51.464, 1, 100, 78997
2026/09/22 07:39:06.465, 0, 100, 78997
2026/09/22 07:39:06.465, 1, 100, 78997
2026/09/22 07:39:21.467, 0, 99, 78997
2026/09/22 07:39:21.467, 1, 100, 78997
2026/09/22 07:39:36.468, 0, 99, 78997
2026/09/22 07:39:36.468, 1, 100, 78997
2026/09/22 07:39:51.469, 0, 99, 78997
2026/09/22 07:39:51.469, 1, 98, 78997
2026/09/22 07:40:06.470, 0, 98, 78997
2026/09/22 07:40:06.470, 1, 94, 78997
2026/09/22 07:40:21.471, 0, 100, 78997
2026/09/22 07:40:21.472, 1, 100, 78997
2026/09/22 07:40:36.473, 0, 97, 78997
2026/09/22 07:40:36.473, 1, 100, 78997
2026/09/22 07:40:51.474, 0, 98, 78997
2026/09/22 07:40:51.474, 1, 99, 78997
2026/09/22 07:41:06.475, 0, 98, 78997
2026/09/22 07:41:06.475, 1, 99, 78997
2026/09/22 07:41:21.476, 0, 98, 78997
2026/09/22 07:41:21.477, 1, 95, 78997
2026/09/22 07:41:36.478, 0, 94, 78997
2026/09/22 07:41:36.478, 1, 96, 78997
2026/09/22 07:41:51.479, 0, 99, 78997
2026/09/22 07:41:51.479, 1, 100, 78997
2026/09/22 07:42:06.480, 0, 98, 78997
2026/09/22 07:42:06.480, 1, 99, 78997
2026/09/22 07:42:21.482, 0, 97, 78997
2026/09/22 07:42:21.482, 1, 97, 78997
2026/09/22 07:42:36.483, 0, 98, 78997
2026/09/22 07:42:36.483, 1, 96, 78997
2026/09/22 07:42:51.484, 0, 98, 78997
2026/09/22 07:42:51.484, 1, 95, 78997
2026/09/22 07:43:06.486, 0, 96, 78997
2026/09/22 07:43:06.486, 1, 96, 78997
2026/09/22 07:43:21.487, 0, 3, 78997
2026/09/22 07:43:21.487, 1, 100, 78997
2026/09/22 07:43:36.488, 0, 100, 78997
2026/09/22 07:43:36.488, 1, 100, 78997
2026/09/22 07:43:51.489, 0, 100, 78997
2026/09/22 07:43:51.490, 1, 100, 78997
2026/09/22 07:44:06.491, 0, 99, 78997
2026/09/22 07:44:06.491, 1, 97, 78997
2026/09/22 07:44:21.492, 0, 99, 78997
2026/09/22 07:44:21.492, 1, 97, 78997
2026/09/22 07:44:36.493, 0, 96, 78997
2026/09/22 07:44:36.494, 1, 96, 78997
2026/09/22 07:44:51.495, 0, 95, 78997
2026/09/22 07:44:51.495, 1, 96, 78997
2026/09/22 07:45:06.496, 0, 3, 78997
2026/09/22 07:45:06.496, 1, 100, 78997
2026/09/22 07:45:21.497, 0, 100, 78997
2026/09/22 07:45:21.498, 1, 98, 78997
2026/09/22 07:45:36.498, 0, 100, 78997
2026/09/22 07:45:36.499, 1, 98, 78997
2026/09/22 07:45:51.500, 0, 97, 78997
2026/09/22 07:45:51.500, 1, 97, 78997
2026/09/22 07:46:06.501, 0, 99, 78997
2026/09/22 07:46:06.501, 1, 96, 78997
2026/09/22 07:46:21.502, 0, 97, 78997
2026/09/22 07:46:21.502, 1, 95, 78997
2026/09/22 07:46:36.504, 0, 95, 78997
2026/09/22 07:46:36.504, 1, 95, 78997
2026/09/22 07:46:51.505, 0, 96, 78997
2026/09/22 07:46:51.505, 1, 100, 78997
2026/09/22 07:47:06.506, 0, 96, 78997
2026/09/22 07:47:06.506, 1, 100, 78997
2026/09/22 07:47:21.508, 0, 100, 78997
2026/09/22 07:47:21.508, 1, 100, 78997
2026/09/22 07:47:36.509, 0, 100, 78997
2026/09/22 07:47:36.509, 1, 100, 78997
2026/09/22 07:47:51.510, 0, 99, 78997
2026/09/22 07:47:51.510, 1, 100, 78997
2026/09/22 07:48:06.512, 0, 99, 78997
2026/09/22 07:48:06.512, 1, 97, 78997
2026/09/22 07:48:21.513, 0, 100, 78997
2026/09/22 07:48:21.513, 1, 98, 78997
2026/09/22 07:48:36.514, 0, 98, 78997
2026/09/22 07:48:36.514, 1, 98, 78997
2026/09/22 07:48:51.515, 0, 95, 78997
2026/09/22 07:48:51.516, 1, 94, 78997
2026/09/22 07:49:06.516, 0, 97, 78997
2026/09/22 07:49:06.517, 1, 100, 78997
2026/09/22 07:49:21.518, 0, 100, 78997
2026/09/22 07:49:21.518, 1, 100, 78997
2026/09/22 07:49:36.519, 0, 100, 78997
2026/09/22 07:49:36.519, 1, 98, 78997
2026/09/22 07:49:51.521, 0, 95, 78997
2026/09/22 07:49:51.521, 1, 98, 78997
2026/09/22 07:50:06.522, 0, 95, 78997
2026/09/22 07:50:06.522, 1, 98, 78997
2026/09/22 07:50:21.523, 0, 95, 78997
2026/09/22 07:50:21.523, 1, 95, 78997
2026/09/22 07:50:36.524, 0, 95, 78997
2026/09/22 07:50:36.524, 1, 95, 78997
2026/09/22 07:50:51.525, 0, 96, 78997
2026/09/22 07:50:51.526, 1, 100, 78997
2026/09/22 07:51:06.527, 0, 95, 78997
2026/09/22 07:51:06.527, 1, 100, 78997
2026/09/22 07:51:21.528, 0, 98, 78997
2026/09/22 07:51:21.528, 1, 98, 78997
2026/09/22 07:51:36.529, 0, 98, 78997
2026/09/22 07:51:36.529, 1, 98, 78997
2026/09/22 07:51:51.531, 0, 98, 78997
2026/09/22 07:51:51.531, 1, 98, 78997
2026/09/22 07:52:06.532, 0, 97, 78997
2026/09/22 07:52:06.532, 1, 93, 78997
2026/09/22 07:52:21.533, 0, 96, 78997
2026/09/22 07:52:21.534, 1, 100, 78997
2026/09/22 07:52:36.535, 0, 100, 78997
2026/09/22 07:52:36.535, 1, 100, 78997
2026/09/22 07:52:51.536, 0, 99, 78997
2026/09/22 07:52:51.536, 1, 100, 78997
2026/09/22 07:53:06.537, 0, 99, 78997
2026/09/22 07:53:06.537, 1, 100, 78997
2026/09/22 07:53:21.538, 0, 98, 78997
2026/09/22 07:53:21.539, 1, 99, 78997
2026/09/22 07:53:36.540, 0, 83, 78997
2026/09/22 07:53:36.540, 1, 96, 78997
2026/09/22 07:53:51.541, 0, 99, 78997
2026/09/22 07:53:51.541, 1, 96, 78997
2026/09/22 07:54:06.542, 0, 95, 78997
2026/09/22 07:54:06.542, 1, 95, 78997
2026/09/22 07:54:21.544, 0, 96, 78997
2026/09/22 07:54:21.544, 1, 94, 78997
2026/09/22 07:54:36.545, 0, 94, 78997
2026/09/22 07:54:36.545, 1, 94, 78997
2026/09/22 07:54:51.546, 0, 96, 78997
2026/09/22 07:54:51.546, 1, 96, 78997
2026/09/22 07:55:06.547, 0, 95, 78997
2026/09/22 07:55:06.547, 1, 98, 78997
2026/09/22 07:55:21.548, 0, 99, 78997
2026/09/22 07:55:21.549, 1, 99, 78997
2026/09/22 07:55:36.550, 0, 97, 78997
2026/09/22 07:55:36.550, 1, 96, 78997
2026/09/22 07:55:51.551, 0, 95, 78997
2026/09/22 07:55:51.551, 1, 95, 78997
2026/09/22 07:56:06.552, 0, 98, 78997
2026/09/22 07:56:06.552, 1, 95, 78997
2026/09/22 07:56:21.554, 0, 100, 78997
2026/09/22 07:56:21.554, 1, 98, 78997
2026/09/22 07:56:36.555, 0, 100, 78997
2026/09/22 07:56:36.555, 1, 98, 78997
2026/09/22 07:56:51.556, 0, 97, 78997
2026/09/22 07:56:51.556, 1, 97, 78997
2026/09/22 07:57:06.557, 0, 98, 78997
2026/09/22 07:57:06.557, 1, 99, 78997
2026/09/22 07:57:21.558, 0, 6, 78997
2026/09/22 07:57:21.558, 1, 100, 78997
2026/09/22 07:57:36.559, 0, 98, 78997
2026/09/22 07:57:36.559, 1, 99, 78997
2026/09/22 07:57:51.560, 0, 99, 78997
2026/09/22 07:57:51.560, 1, 96, 78997
2026/09/22 07:58:06.561, 0, 100, 78997
2026/09/22 07:58:06.561, 1, 100, 78997
2026/09/22 07:58:21.563, 0, 100, 78997
2026/09/22 07:58:21.563, 1, 100, 78997
2026/09/22 07:58:36.564, 0, 99, 78997
2026/09/22 07:58:36.564, 1, 100, 78997
2026/09/22 07:58:51.565, 0, 98, 78997
2026/09/22 07:58:51.566, 1, 99, 78997
2026/09/22 07:59:06.567, 0, 98, 78997
2026/09/22 07:59:06.567, 1, 95, 78997
2026/09/22 07:59:21.568, 0, 98, 78997
2026/09/22 07:59:21.569, 1, 95, 78997
2026/09/22 07:59:36.570, 0, 96, 78997
2026/09/22 07:59:36.570, 1, 96, 78997
2026/09/22 07:59:51.571, 0, 97, 78997
2026/09/22 07:59:51.571, 1, 97, 78997
2026/09/22 08:00:06.572, 0, 100, 78997
2026/09/22 08:00:06.572, 1, 96, 78997
2026/09/22 08:00:21.573, 0, 100, 78997
2026/09/22 08:00:21.574, 1, 98, 78997
2026/09/22 08:00:36.575, 0, 99, 78997
2026/09/22 08:00:36.575, 1, 97, 78997
2026/09/22 08:00:51.576, 0, 97, 78997
2026/09/22 08:00:51.576, 1, 100, 78997
2026/09/22 08:01:06.577, 0, 100, 78997
2026/09/22 08:01:06.577, 1, 100, 78997
2026/09/22 08:01:21.578, 0, 97, 78997
2026/09/22 08:01:21.579, 1, 100, 78997
2026/09/22 08:01:36.580, 0, 98, 78997
2026/09/22 08:01:36.580, 1, 99, 78997
2026/09/22 08:01:51.581, 0, 97, 78997
2026/09/22 08:01:51.581, 1, 93, 78997
2026/09/22 08:02:06.583, 0, 98, 78997
2026/09/22 08:02:06.583, 1, 96, 78997
2026/09/22 08:02:21.584, 0, 97, 78997
2026/09/22 08:02:21.584, 1, 97, 78997
2026/09/22 08:02:36.585, 0, 100, 78997
2026/09/22 08:02:36.585, 1, 97, 78997
2026/09/22 08:02:51.587, 0, 100, 78997
2026/09/22 08:02:51.587, 1, 100, 78997
2026/09/22 08:03:06.588, 0, 98, 78997
2026/09/22 08:03:06.588, 1, 93, 78997
2026/09/22 08:03:21.589, 0, 98, 78997
2026/09/22 08:03:21.589, 1, 94, 78997
2026/09/22 08:03:36.590, 0, 99, 78997
2026/09/22 08:03:36.590, 1, 97, 78997
2026/09/22 08:03:51.591, 0, 100, 78997
2026/09/22 08:03:51.592, 1, 100, 78997
2026/09/22 08:04:06.593, 0, 99, 78997
2026/09/22 08:04:06.593, 1, 99, 78997
2026/09/22 08:04:21.594, 0, 97, 78997
2026/09/22 08:04:21.594, 1, 98, 78997
2026/09/22 08:04:36.595, 0, 99, 78997
2026/09/22 08:04:36.595, 1, 96, 78997
2026/09/22 08:04:51.596, 0, 96, 78997
2026/09/22 08:04:51.597, 1, 95, 78997
2026/09/22 08:05:06.598, 0, 3, 78997
2026/09/22 08:05:06.598, 1, 100, 78997
2026/09/22 08:05:21.599, 0, 96, 78997
2026/09/22 08:05:21.599, 1, 96, 78997
2026/09/22 08:05:36.600, 0, 100, 78997
2026/09/22 08:05:36.600, 1, 96, 78997
2026/09/22 08:05:51.601, 0, 100, 78997
2026/09/22 08:05:51.601, 1, 98, 78997
2026/09/22 08:06:06.603, 0, 100, 78997
2026/09/22 08:06:06.603, 1, 98, 78997
2026/09/22 08:06:21.604, 0, 94, 78997
2026/09/22 08:06:21.604, 1, 95, 78997
2026/09/22 08:06:36.606, 0, 94, 78997
2026/09/22 08:06:36.606, 1, 99, 78997
2026/09/22 08:06:51.607, 0, 100, 78997
2026/09/22 08:06:51.607, 1, 100, 78997
2026/09/22 08:07:06.608, 0, 100, 78997
2026/09/22 08:07:06.608, 1, 100, 78997
2026/09/22 08:07:21.609, 0, 100, 78997
2026/09/22 08:07:21.610, 1, 97, 78997
2026/09/22 08:07:36.610, 0, 98, 78997
2026/09/22 08:07:36.611, 1, 94, 78997
2026/09/22 08:07:51.612, 0, 97, 78997
2026/09/22 08:07:51.612, 1, 97, 78997
2026/09/22 08:08:06.613, 0, 94, 78997
2026/09/22 08:08:06.613, 1, 94, 78997
2026/09/22 08:08:21.614, 0, 98, 78997
2026/09/22 08:08:21.615, 1, 99, 78997
2026/09/22 08:08:36.616, 0, 99, 78997
2026/09/22 08:08:36.616, 1, 94, 78997
2026/09/22 08:08:51.617, 0, 98, 78997
2026/09/22 08:08:51.617, 1, 93, 78997
2026/09/22 08:09:06.618, 0, 96, 78997
2026/09/22 08:09:06.618, 1, 96, 78997
2026/09/22 08:09:21.619, 0, 95, 78997
2026/09/22 08:09:21.620, 1, 95, 78997
2026/09/22 08:09:36.621, 0, 97, 78997
2026/09/22 08:09:36.621, 1, 100, 78997
2026/09/22 08:09:51.622, 0, 100, 78997
2026/09/22 08:09:51.622, 1, 100, 78997
2026/09/22 08:10:06.623, 0, 100, 78997
2026/09/22 08:10:06.623, 1, 99, 78997
2026/09/22 08:10:21.625, 0, 98, 78997
2026/09/22 08:10:21.625, 1, 98, 78997
2026/09/22 08:10:36.626, 0, 94, 78997
2026/09/22 08:10:36.626, 1, 94, 78997
2026/09/22 08:10:51.627, 0, 90, 78997
2026/09/22 08:10:51.628, 1, 97, 78997
2026/09/22 08:11:06.629, 0, 95, 78997
2026/09/22 08:11:06.629, 1, 94, 78997
2026/09/22 08:11:21.630, 0, 96, 78997
2026/09/22 08:11:21.630, 1, 100, 78997
2026/09/22 08:11:36.631, 0, 95, 78997
2026/09/22 08:11:36.632, 1, 100, 78997
2026/09/22 08:11:51.632, 0, 98, 78997
2026/09/22 08:11:51.633, 1, 98, 78997
2026/09/22 08:12:06.634, 0, 98, 78997
2026/09/22 08:12:06.634, 1, 98, 78997
2026/09/22 08:12:21.635, 0, 98, 78997
2026/09/22 08:12:21.635, 1, 98, 78997
2026/09/22 08:12:36.637, 0, 95, 78997
2026/09/22 08:12:36.637, 1, 95, 78997
2026/09/22 08:12:51.638, 0, 97, 78997
2026/09/22 08:12:51.638, 1, 100, 78997
2026/09/22 08:13:06.639, 0, 98, 78997
2026/09/22 08:13:06.639, 1, 100, 78997
2026/09/22 08:13:21.641, 0, 98, 78997
2026/09/22 08:13:21.641, 1, 98, 78997
2026/09/22 08:13:36.642, 0, 96, 78997
2026/09/22 08:13:36.642, 1, 99, 78997
2026/09/22 08:13:51.643, 0, 95, 78997
2026/09/22 08:13:51.644, 1, 95, 78997
2026/09/22 08:14:06.645, 0, 94, 78997
2026/09/22 08:14:06.645, 1, 100, 78997
2026/09/22 08:14:21.646, 0, 92, 78997
2026/09/22 08:14:21.646, 1, 95, 78997
2026/09/22 08:14:36.647, 0, 100, 78997
2026/09/22 08:14:36.647, 1, 95, 78997
2026/09/22 08:14:51.648, 0, 100, 78997
2026/09/22 08:14:51.648, 1, 100, 78997
2026/09/22 08:15:06.649, 0, 100, 78997
2026/09/22 08:15:06.650, 1, 100, 78997
2026/09/22 08:15:21.651, 0, 97, 78997
2026/09/22 08:15:21.651, 1, 98, 78997
2026/09/22 08:15:36.652, 0, 95, 78997
2026/09/22 08:15:36.652, 1, 100, 78997
2026/09/22 08:15:51.653, 0, 100, 78997
2026/09/22 08:15:51.653, 1, 100, 78997
2026/09/22 08:16:06.654, 0, 98, 78997
2026/09/22 08:16:06.655, 1, 100, 78997
2026/09/22 08:16:21.655, 0, 98, 78997
2026/09/22 08:16:21.656, 1, 98, 78997
2026/09/22 08:16:36.657, 0, 94, 78997
2026/09/22 08:16:36.657, 1, 96, 78997
2026/09/22 08:16:51.658, 0, 96, 78997
2026/09/22 08:16:51.658, 1, 100, 78997
2026/09/22 08:17:06.659, 0, 98, 78997
2026/09/22 08:17:06.659, 1, 98, 78997
2026/09/22 08:17:21.660, 0, 5, 78997
2026/09/22 08:17:21.661, 1, 100, 78997
2026/09/22 08:17:36.662, 0, 100, 78997
2026/09/22 08:17:36.662, 1, 100, 78997
2026/09/22 08:17:51.663, 0, 98, 78997
2026/09/22 08:17:51.663, 1, 98, 78997
2026/09/22 08:18:06.665, 0, 96, 78997
2026/09/22 08:18:06.665, 1, 100, 78997
2026/09/22 08:18:21.666, 0, 100, 78997
2026/09/22 08:18:21.666, 1, 94, 78997
2026/09/22 08:18:36.667, 0, 97, 78997
2026/09/22 08:18:36.667, 1, 96, 78997
2026/09/22 08:18:51.668, 0, 100, 78997
2026/09/22 08:18:51.669, 1, 100, 78997
2026/09/22 08:19:06.670, 0, 98, 78997
2026/09/22 08:19:06.670, 1, 98, 78997
2026/09/22 08:19:21.671, 0, 96, 78997
2026/09/22 08:19:21.671, 1, 96, 78997
2026/09/22 08:19:36.672, 0, 99, 78997
2026/09/22 08:19:36.672, 1, 99, 78997
2026/09/22 08:19:51.674, 0, 98, 78997
2026/09/22 08:19:51.674, 1, 98, 78997
2026/09/22 08:20:06.675, 0, 98, 78997
2026/09/22 08:20:06.675, 1, 98, 78997
2026/09/22 08:20:21.677, 0, 98, 78997
2026/09/22 08:20:21.677, 1, 98, 78997
2026/09/22 08:20:36.678, 0, 100, 78997
2026/09/22 08:20:36.678, 1, 100, 78997
2026/09/22 08:20:51.680, 0, 99, 78997
2026/09/22 08:20:51.680, 1, 99, 78997
2026/09/22 08:21:06.681, 0, 98, 78997
2026/09/22 08:21:06.681, 1, 100, 78997
2026/09/22 08:21:21.682, 0, 100, 78997
2026/09/22 08:21:21.682, 1, 100, 78997
2026/09/22 08:21:36.684, 0, 99, 78997
2026/09/22 08:21:36.684, 1, 100, 78997
2026/09/22 08:21:51.685, 0, 98, 78997
2026/09/22 08:21:51.686, 1, 99, 78997
2026/09/22 08:22:06.687, 0, 98, 78997
2026/09/22 08:22:06.687, 1, 98, 78997
2026/09/22 08:22:21.688, 0, 98, 78997
2026/09/22 08:22:21.689, 1, 96, 78997
2026/09/22 08:22:36.690, 0, 96, 78997
2026/09/22 08:22:36.690, 1, 96, 78997
2026/09/22 08:22:51.691, 0, 100, 78997
2026/09/22 08:22:51.691, 1, 100, 78997
2026/09/22 08:23:06.693, 0, 100, 78997
2026/09/22 08:23:06.693, 1, 100, 78997
2026/09/22 08:23:21.694, 0, 98, 78997
2026/09/22 08:23:21.694, 1, 99, 78997
2026/09/22 08:23:36.695, 0, 100, 78997
2026/09/22 08:23:36.696, 1, 100, 78997
2026/09/22 08:23:51.697, 0, 99, 78997
2026/09/22 08:23:51.697, 1, 95, 78997
2026/09/22 08:24:06.698, 0, 96, 78997
2026/09/22 08:24:06.698, 1, 96, 78997
2026/09/22 08:24:21.700, 0, 100, 78997
2026/09/22 08:24:21.700, 1, 100, 78997
2026/09/22 08:24:36.701, 0, 100, 78997
2026/09/22 08:24:36.701, 1, 100, 78997
2026/09/22 08:24:51.702, 0, 100, 78997
2026/09/22 08:24:51.703, 1, 100, 78997
2026/09/22 08:25:06.704, 0, 97, 78997
2026/09/22 08:25:06.704, 1, 96, 78997
2026/09/22 08:25:21.705, 0, 99, 78997
2026/09/22 08:25:21.705, 1, 99, 78997
2026/09/22 08:25:36.706, 0, 92, 78997
2026/09/22 08:25:36.706, 1, 97, 78997
2026/09/22 08:25:51.707, 0, 96, 78997
2026/09/22 08:25:51.707, 1, 96, 78997
2026/09/22 08:26:06.709, 0, 95, 78997
2026/09/22 08:26:06.709, 1, 95, 78997
2026/09/22 08:26:21.710, 0, 96, 78997
2026/09/22 08:26:21.710, 1, 96, 78997
2026/09/22 08:26:36.711, 0, 95, 78997
2026/09/22 08:26:36.711, 1, 100, 78997
2026/09/22 08:26:51.712, 0, 100, 78997
2026/09/22 08:26:51.712, 1, 100, 78997
2026/09/22 08:27:06.713, 0, 97, 78997
2026/09/22 08:27:06.714, 1, 98, 78997
2026/09/22 08:27:21.715, 0, 97, 78997
2026/09/22 08:27:21.715, 1, 99, 78997
2026/09/22 08:27:36.716, 0, 92, 78997
2026/09/22 08:27:36.716, 1, 97, 78997
2026/09/22 08:27:51.717, 0, 96, 78997
2026/09/22 08:27:51.718, 1, 100, 78997
2026/09/22 08:28:06.719, 0, 100, 78997
2026/09/22 08:28:06.719, 1, 100, 78997
2026/09/22 08:28:21.720, 0, 100, 78997
2026/09/22 08:28:21.720, 1, 100, 78997
2026/09/22 08:28:36.721, 0, 87, 78997
2026/09/22 08:28:36.721, 1, 98, 78997
2026/09/22 08:28:51.722, 0, 100, 78997
2026/09/22 08:28:51.722, 1, 100, 78997
2026/09/22 08:29:06.723, 0, 99, 78997
2026/09/22 08:29:06.723, 1, 99, 78997
2026/09/22 08:29:21.724, 0, 99, 78997
2026/09/22 08:29:21.725, 1, 99, 78997
2026/09/22 08:29:36.726, 0, 96, 78997
2026/09/22 08:29:36.726, 1, 96, 78997
2026/09/22 08:29:51.727, 0, 100, 78997
2026/09/22 08:29:51.727, 1, 100, 78997
2026/09/22 08:30:06.728, 0, 95, 78997
2026/09/22 08:30:06.728, 1, 95, 78997
2026/09/22 08:30:21.729, 0, 96, 78997
2026/09/22 08:30:21.729, 1, 96, 78997
2026/09/22 08:30:36.730, 0, 100, 78997
2026/09/22 08:30:36.730, 1, 99, 78997
2026/09/22 08:30:51.731, 0, 95, 78997
2026/09/22 08:30:51.732, 1, 94, 78997
2026/09/22 08:31:06.733, 0, 97, 78997
2026/09/22 08:31:06.733, 1, 98, 78997
2026/09/22 08:31:21.734, 0, 96, 78997
2026/09/22 08:31:21.734, 1, 94, 78997
2026/09/22 08:31:36.735, 0, 95, 78997
2026/09/22 08:31:36.735, 1, 95, 78997
2026/09/22 08:31:51.736, 0, 100, 78997
2026/09/22 08:31:51.736, 1, 100, 78997
2026/09/22 08:32:06.738, 0, 96, 78997
2026/09/22 08:32:06.738, 1, 96, 78997
2026/09/22 08:32:21.739, 0, 96, 78997
2026/09/22 08:32:21.739, 1, 96, 78997
2026/09/22 08:32:36.740, 0, 100, 78997
2026/09/22 08:32:36.740, 1, 100, 78997
2026/09/22 08:32:51.741, 0, 100, 78997
2026/09/22 08:32:51.742, 1, 100, 78997
2026/09/22 08:33:06.743, 0, 94, 78997
2026/09/22 08:33:06.743, 1, 94, 78997
2026/09/22 08:33:21.744, 0, 96, 78997
2026/09/22 08:33:21.744, 1, 99, 78997
2026/09/22 08:33:36.745, 0, 99, 78997
2026/09/22 08:33:36.745, 1, 99, 78997
2026/09/22 08:33:51.746, 0, 97, 78997
2026/09/22 08:33:51.747, 1, 97, 78997
2026/09/22 08:34:06.748, 0, 95, 78997
2026/09/22 08:34:06.748, 1, 96, 78997
2026/09/22 08:34:21.749, 0, 99, 78997
2026/09/22 08:34:21.749, 1, 99, 78997
2026/09/22 08:34:36.750, 0, 96, 78997
2026/09/22 08:34:36.750, 1, 96, 78997
2026/09/22 08:34:51.751, 0, 98, 78997
2026/09/22 08:34:51.752, 1, 98, 78997
2026/09/22 08:35:06.753, 0, 96, 78997
2026/09/22 08:35:06.753, 1, 99, 78997
2026/09/22 08:35:21.754, 0, 96, 78997
2026/09/22 08:35:21.754, 1, 96, 78997
2026/09/22 08:35:36.755, 0, 99, 78997
2026/09/22 08:35:36.755, 1, 96, 78997
2026/09/22 08:35:51.757, 0, 100, 78997
2026/09/22 08:35:51.757, 1, 98, 78997
2026/09/22 08:36:06.758, 0, 97, 78997
2026/09/22 08:36:06.758, 1, 100, 78997
2026/09/22 08:36:21.759, 0, 99, 78997
2026/09/22 08:36:21.759, 1, 100, 78997
2026/09/22 08:36:36.760, 0, 97, 78997
2026/09/22 08:36:36.760, 1, 97, 78997
2026/09/22 08:36:51.761, 0, 96, 78997
2026/09/22 08:36:51.762, 1, 97, 78997
2026/09/22 08:37:06.763, 0, 100, 78997
2026/09/22 08:37:06.763, 1, 100, 78997
2026/09/22 08:37:21.764, 0, 2, 78997
2026/09/22 08:37:21.764, 1, 100, 78997
2026/09/22 08:37:36.765, 0, 100, 78997
2026/09/22 08:37:36.765, 1, 100, 78997
2026/09/22 08:37:51.767, 0, 98, 78997
2026/09/22 08:37:51.767, 1, 98, 78997
2026/09/22 08:38:06.768, 0, 98, 78997
2026/09/22 08:38:06.768, 1, 99, 78997
2026/09/22 08:38:21.769, 0, 96, 78997
2026/09/22 08:38:21.769, 1, 96, 78997
2026/09/22 08:38:36.770, 0, 100, 78997
2026/09/22 08:38:36.770, 1, 100, 78997
2026/09/22 08:38:51.771, 0, 95, 78997
2026/09/22 08:38:51.771, 1, 95, 78997
2026/09/22 08:39:06.772, 0, 100, 78997
2026/09/22 08:39:06.772, 1, 100, 78997
2026/09/22 08:39:21.773, 0, 99, 78997
2026/09/22 08:39:21.774, 1, 100, 78997
2026/09/22 08:39:36.775, 0, 98, 78997
2026/09/22 08:39:36.775, 1, 98, 78997
2026/09/22 08:39:51.776, 0, 96, 78997
2026/09/22 08:39:51.776, 1, 96, 78997
2026/09/22 08:40:06.777, 0, 96, 78997
2026/09/22 08:40:06.777, 1, 98, 78997
2026/09/22 08:40:21.778, 0, 98, 78997
2026/09/22 08:40:21.778, 1, 98, 78997
2026/09/22 08:40:36.779, 0, 100, 78997
2026/09/22 08:40:36.780, 1, 100, 78997
2026/09/22 08:40:51.780, 0, 100, 78997
2026/09/22 08:40:51.781, 1, 100, 78997
2026/09/22 08:41:06.782, 0, 99, 78997
2026/09/22 08:41:06.782, 1, 99, 78997
2026/09/22 08:41:21.783, 0, 96, 78997
2026/09/22 08:41:21.783, 1, 96, 78997
2026/09/22 08:41:36.784, 0, 100, 78997
2026/09/22 08:41:36.786, 1, 98, 78997
2026/09/22 08:41:51.787, 0, 97, 78997
2026/09/22 08:41:51.787, 1, 97, 78997
2026/09/22 08:42:06.788, 0, 100, 78997
2026/09/22 08:42:06.788, 1, 100, 78997
2026/09/22 08:42:21.790, 0, 99, 78997
2026/09/22 08:42:21.790, 1, 99, 78997
2026/09/22 08:42:36.791, 0, 98, 78997
2026/09/22 08:42:36.791, 1, 98, 78997
2026/09/22 08:42:51.792, 0, 96, 78997
2026/09/22 08:42:51.792, 1, 96, 78997
2026/09/22 08:43:06.794, 0, 99, 78997
2026/09/22 08:43:06.794, 1, 99, 78997
2026/09/22 08:43:21.795, 0, 98, 78997
2026/09/22 08:43:21.795, 1, 98, 78997
2026/09/22 08:43:36.796, 0, 96, 78997
2026/09/22 08:43:36.796, 1, 96, 78997
2026/09/22 08:43:51.797, 0, 100, 78997
2026/09/22 08:43:51.797, 1, 100, 78997
2026/09/22 08:44:06.798, 0, 98, 78997
2026/09/22 08:44:06.798, 1, 100, 78997
2026/09/22 08:44:21.799, 0, 100, 78997
2026/09/22 08:44:21.799, 1, 100, 78997
2026/09/22 08:44:36.801, 0, 99, 78997
2026/09/22 08:44:36.801, 1, 99, 78997
2026/09/22 08:44:51.802, 0, 97, 78997
2026/09/22 08:44:51.802, 1, 97, 78997
2026/09/22 08:45:06.803, 0, 96, 78997
2026/09/22 08:45:06.803, 1, 96, 78997
2026/09/22 08:45:21.804, 0, 100, 78997
2026/09/22 08:45:21.804, 1, 100, 78997
2026/09/22 08:45:36.805, 0, 99, 78997
2026/09/22 08:45:36.805, 1, 100, 78997
2026/09/22 08:45:51.806, 0, 96, 78997
2026/09/22 08:45:51.806, 1, 96, 78997
2026/09/22 08:46:06.808, 0, 100, 78997
2026/09/22 08:46:06.808, 1, 100, 78997
2026/09/22 08:46:21.809, 0, 98, 78997
2026/09/22 08:46:21.809, 1, 98, 78997
2026/09/22 08:46:36.810, 0, 98, 78997
2026/09/22 08:46:36.810, 1, 99, 78997
2026/09/22 08:46:51.811, 0, 95, 78997
2026/09/22 08:46:51.811, 1, 95, 78997
2026/09/22 08:47:06.812, 0, 98, 78997
2026/09/22 08:47:06.813, 1, 98, 78997
2026/09/22 08:47:21.814, 0, 95, 78997
2026/09/22 08:47:21.814, 1, 95, 78997
2026/09/22 08:47:36.815, 0, 100, 78997
2026/09/22 08:47:36.815, 1, 100, 78997
2026/09/22 08:47:51.816, 0, 99, 78997
2026/09/22 08:47:51.816, 1, 99, 78997
2026/09/22 08:48:06.818, 0, 95, 78997
2026/09/22 08:48:06.818, 1, 95, 78997
2026/09/22 08:48:21.819, 0, 99, 78997
2026/09/22 08:48:21.819, 1, 99, 78997
2026/09/22 08:48:36.820, 0, 100, 78997
2026/09/22 08:48:36.820, 1, 100, 78997
2026/09/22 08:48:51.821, 0, 89, 78997
2026/09/22 08:48:51.821, 1, 98, 78997
2026/09/22 08:49:06.822, 0, 96, 78997
2026/09/22 08:49:06.822, 1, 99, 78997
2026/09/22 08:49:21.823, 0, 97, 78997
2026/09/22 08:49:21.823, 1, 97, 78997
2026/09/22 08:49:36.824, 0, 100, 78997
2026/09/22 08:49:36.825, 1, 100, 78997
2026/09/22 08:49:51.826, 0, 93, 78997
2026/09/22 08:49:51.826, 1, 93, 78997
2026/09/22 08:50:06.827, 0, 95, 78997
2026/09/22 08:50:06.827, 1, 95, 78997
2026/09/22 08:50:21.828, 0, 100, 78997
2026/09/22 08:50:21.828, 1, 100, 78997
2026/09/22 08:50:36.829, 0, 87, 78997
2026/09/22 08:50:36.830, 1, 97, 78997
2026/09/22 08:50:51.831, 0, 96, 78997
2026/09/22 08:50:51.831, 1, 96, 78997
2026/09/22 08:51:06.832, 0, 100, 78997
2026/09/22 08:51:06.832, 1, 100, 78997
2026/09/22 08:51:21.833, 0, 99, 78997
2026/09/22 08:51:21.833, 1, 99, 78997
2026/09/22 08:51:36.834, 0, 100, 78997
2026/09/22 08:51:36.834, 1, 100, 78997
2026/09/22 08:51:51.835, 0, 97, 78997
2026/09/22 08:51:51.835, 1, 98, 78997
2026/09/22 08:52:06.836, 0, 100, 78997
2026/09/22 08:52:06.836, 1, 100, 78997
2026/09/22 08:52:21.837, 0, 99, 78997
2026/09/22 08:52:21.837, 1, 99, 78997
2026/09/22 08:52:36.838, 0, 100, 78997
2026/09/22 08:52:36.838, 1, 100, 78997
2026/09/22 08:52:51.839, 0, 98, 78997
2026/09/22 08:52:51.839, 1, 98, 78997
2026/09/22 08:53:06.840, 0, 97, 78997
2026/09/22 08:53:06.841, 1, 97, 78997
2026/09/22 08:53:21.842, 0, 98, 78997
2026/09/22 08:53:21.842, 1, 99, 78997
2026/09/22 08:53:36.843, 0, 97, 78997
2026/09/22 08:53:36.843, 1, 97, 78997
2026/09/22 08:53:51.843, 0, 96, 78997
2026/09/22 08:53:51.844, 1, 99, 78997
2026/09/22 08:54:06.844, 0, 100, 78997
2026/09/22 08:54:06.845, 1, 100, 78997
2026/09/22 08:54:21.846, 0, 95, 78997
2026/09/22 08:54:21.846, 1, 95, 78997
2026/09/22 08:54:36.847, 0, 99, 78997
2026/09/22 08:54:36.847, 1, 99, 78997
2026/09/22 08:54:51.848, 0, 96, 78997
2026/09/22 08:54:51.848, 1, 96, 78997
2026/09/22 08:55:06.849, 0, 100, 78997
2026/09/22 08:55:06.849, 1, 100, 78997
2026/09/22 08:55:21.850, 0, 100, 78997
2026/09/22 08:55:21.850, 1, 100, 78997
2026/09/22 08:55:36.851, 0, 99, 78997
2026/09/22 08:55:36.851, 1, 99, 78997
2026/09/22 08:55:51.852, 0, 96, 78997
2026/09/22 08:55:51.852, 1, 96, 78997
2026/09/22 08:56:06.853, 0, 99, 78997
2026/09/22 08:56:06.853, 1, 99, 78997
2026/09/22 08:56:21.854, 0, 97, 78997
2026/09/22 08:56:21.854, 1, 97, 78997
2026/09/22 08:56:36.855, 0, 97, 78997
2026/09/22 08:56:36.855, 1, 97, 78997
2026/09/22 08:56:51.856, 0, 100, 78997
2026/09/22 08:56:51.856, 1, 100, 78997
2026/09/22 08:57:06.857, 0, 94, 78997
2026/09/22 08:57:06.857, 1, 94, 78997
2026/09/22 08:57:21.858, 0, 5, 78997
2026/09/22 08:57:21.858, 1, 100, 78997
2026/09/22 08:57:36.859, 0, 100, 78997
2026/09/22 08:57:36.859, 1, 100, 78997
2026/09/22 08:57:51.860, 0, 95, 78997
2026/09/22 08:57:51.860, 1, 95, 78997
2026/09/22 08:58:06.861, 0, 98, 78997
2026/09/22 08:58:06.861, 1, 98, 78997
2026/09/22 08:58:21.862, 0, 98, 78997
2026/09/22 08:58:21.863, 1, 99, 78997
2026/09/22 08:58:36.864, 0, 97, 78997
2026/09/22 08:58:36.864, 1, 97, 78997
2026/09/22 08:58:51.865, 0, 100, 78997
2026/09/22 08:58:51.865, 1, 100, 78997
2026/09/22 08:59:06.866, 0, 85, 78997
2026/09/22 08:59:06.866, 1, 100, 78997
2026/09/22 08:59:21.867, 0, 100, 78997
2026/09/22 08:59:21.867, 1, 97, 78997
2026/09/22 08:59:36.868, 0, 99, 78997
2026/09/22 08:59:36.868, 1, 99, 78997
2026/09/22 08:59:51.869, 0, 97, 78997
2026/09/22 08:59:51.869, 1, 97, 78997
2026/09/22 09:00:06.870, 0, 96, 78997
2026/09/22 09:00:06.870, 1, 96, 78997
2026/09/22 09:00:21.871, 0, 100, 78997
2026/09/22 09:00:21.872, 1, 100, 78997
2026/09/22 09:00:36.872, 0, 99, 78997
2026/09/22 09:00:36.872, 1, 99, 78997
2026/09/22 09:00:51.874, 0, 95, 78997
2026/09/22 09:00:51.874, 1, 95, 78997
2026/09/22 09:01:06.875, 0, 97, 78997
2026/09/22 09:01:06.875, 1, 97, 78997
2026/09/22 09:01:21.876, 0, 100, 78997
2026/09/22 09:01:21.876, 1, 100, 78997
2026/09/22 09:01:36.877, 0, 99, 78997
2026/09/22 09:01:36.877, 1, 99, 78997
2026/09/22 09:01:51.878, 0, 100, 78997
2026/09/22 09:01:51.882, 1, 99, 78997
2026/09/22 09:02:06.883, 0, 98, 78997
2026/09/22 09:02:06.883, 1, 96, 78997
2026/09/22 09:02:21.884, 0, 98, 78997
2026/09/22 09:02:21.885, 1, 99, 78997
2026/09/22 09:02:36.886, 0, 96, 78997
2026/09/22 09:02:36.886, 1, 96, 78997
2026/09/22 09:02:51.887, 0, 100, 78997
2026/09/22 09:02:51.887, 1, 100, 78997
2026/09/22 09:03:06.888, 0, 100, 78997
2026/09/22 09:03:06.888, 1, 100, 78997
2026/09/22 09:03:21.889, 0, 97, 78997
2026/09/22 09:03:21.889, 1, 98, 78997
2026/09/22 09:03:36.890, 0, 93, 78997
2026/09/22 09:03:36.890, 1, 94, 78997
2026/09/22 09:03:51.891, 0, 96, 78997
2026/09/22 09:03:51.891, 1, 96, 78997
2026/09/22 09:04:06.892, 0, 100, 78997
2026/09/22 09:04:06.892, 1, 100, 78997
2026/09/22 09:04:21.893, 0, 99, 78997
2026/09/22 09:04:21.894, 1, 99, 78997
2026/09/22 09:04:36.895, 0, 93, 78997
2026/09/22 09:04:36.895, 1, 94, 78997
2026/09/22 09:04:51.896, 0, 98, 78997
2026/09/22 09:04:51.896, 1, 96, 78997
2026/09/22 09:05:06.897, 0, 97, 78997
2026/09/22 09:05:06.897, 1, 97, 78997
2026/09/22 09:05:21.898, 0, 98, 78997
2026/09/22 09:05:21.898, 1, 99, 78997
2026/09/22 09:05:36.899, 0, 100, 78997
2026/09/22 09:05:36.899, 1, 100, 78997
2026/09/22 09:05:51.900, 0, 97, 78997
2026/09/22 09:05:51.900, 1, 97, 78997
2026/09/22 09:06:06.901, 0, 96, 78997
2026/09/22 09:06:06.901, 1, 99, 78997
2026/09/22 09:06:21.903, 0, 100, 78997
2026/09/22 09:06:21.903, 1, 100, 78997
2026/09/22 09:06:36.904, 0, 86, 78997
2026/09/22 09:06:36.904, 1, 97, 78997
2026/09/22 09:06:51.905, 0, 98, 78997
2026/09/22 09:06:51.905, 1, 98, 78997
2026/09/22 09:07:06.906, 0, 95, 78997
2026/09/22 09:07:06.906, 1, 95, 78997
2026/09/22 09:07:21.907, 0, 100, 78997
2026/09/22 09:07:21.907, 1, 96, 78997
2026/09/22 09:07:36.908, 0, 96, 78997
2026/09/22 09:07:36.908, 1, 99, 78997
2026/09/22 09:07:51.910, 0, 100, 78997
2026/09/22 09:07:51.910, 1, 100, 78997
2026/09/22 09:08:06.911, 0, 99, 78997
2026/09/22 09:08:06.911, 1, 99, 78997
2026/09/22 09:08:21.912, 0, 97, 78997
2026/09/22 09:08:21.912, 1, 97, 78997
2026/09/22 09:08:36.913, 0, 100, 78997
2026/09/22 09:08:36.913, 1, 100, 78997
2026/09/22 09:08:51.915, 0, 96, 78997
2026/09/22 09:08:51.915, 1, 98, 78997
2026/09/22 09:09:06.916, 0, 100, 78997
2026/09/22 09:09:06.916, 1, 100, 78997
2026/09/22 09:09:21.917, 0, 99, 78997
2026/09/22 09:09:21.917, 1, 99, 78997
2026/09/22 09:09:36.918, 0, 98, 78997
2026/09/22 09:09:36.918, 1, 98, 78997
2026/09/22 09:09:51.919, 0, 96, 78997
2026/09/22 09:09:51.919, 1, 96, 78997
2026/09/22 09:10:06.920, 0, 99, 78997
2026/09/22 09:10:06.920, 1, 96, 78997
2026/09/22 09:10:21.921, 0, 96, 78997
2026/09/22 09:10:21.921, 1, 97, 78997
2026/09/22 09:10:36.922, 0, 100, 78997
2026/09/22 09:10:36.922, 1, 97, 78997
2026/09/22 09:10:51.923, 0, 96, 78997
2026/09/22 09:10:51.924, 1, 96, 78997
2026/09/22 09:11:06.924, 0, 95, 78997
2026/09/22 09:11:06.925, 1, 95, 78997
2026/09/22 09:11:21.926, 0, 96, 78997
2026/09/22 09:11:21.926, 1, 98, 78997
2026/09/22 09:11:36.927, 0, 100, 78997
2026/09/22 09:11:36.927, 1, 97, 78997
2026/09/22 09:11:51.928, 0, 98, 78997
2026/09/22 09:11:51.928, 1, 98, 78997
2026/09/22 09:12:06.929, 0, 97, 78997
2026/09/22 09:12:06.929, 1, 97, 78997
2026/09/22 09:12:21.930, 0, 96, 78997
2026/09/22 09:12:21.931, 1, 96, 78997
2026/09/22 09:12:36.932, 0, 100, 78997
2026/09/22 09:12:36.932, 1, 100, 78997
2026/09/22 09:12:51.933, 0, 96, 78997
2026/09/22 09:12:51.933, 1, 99, 78997
2026/09/22 09:13:06.934, 0, 96, 78997
2026/09/22 09:13:06.934, 1, 96, 78997
2026/09/22 09:13:21.935, 0, 98, 78997
2026/09/22 09:13:21.935, 1, 100, 78997
2026/09/22 09:13:36.936, 0, 97, 78997
2026/09/22 09:13:36.936, 1, 99, 78997
2026/09/22 09:13:51.937, 0, 93, 78997
2026/09/22 09:13:51.937, 1, 93, 78997
2026/09/22 09:14:06.939, 0, 100, 78997
2026/09/22 09:14:06.939, 1, 95, 78997
2026/09/22 09:14:21.940, 0, 4, 78997
2026/09/22 09:14:21.940, 1, 100, 78997
2026/09/22 09:14:36.941, 0, 99, 78997
2026/09/22 09:14:36.941, 1, 99, 78997
2026/09/22 09:14:51.942, 0, 94, 78997
2026/09/22 09:14:51.942, 1, 95, 78997
2026/09/22 09:15:06.943, 0, 95, 78997
2026/09/22 09:15:06.943, 1, 95, 78997
2026/09/22 09:15:21.944, 0, 99, 78997
2026/09/22 09:15:21.944, 1, 100, 78997
2026/09/22 09:15:36.945, 0, 99, 78997
2026/09/22 09:15:36.945, 1, 92, 78997
2026/09/22 09:15:51.946, 0, 99, 78997
2026/09/22 09:15:51.946, 1, 99, 78997
2026/09/22 09:16:06.947, 0, 96, 78997
2026/09/22 09:16:06.947, 1, 99, 78997
2026/09/22 09:16:21.948, 0, 100, 78997
2026/09/22 09:16:21.948, 1, 96, 78997
2026/09/22 09:16:36.949, 0, 100, 78997
2026/09/22 09:16:36.950, 1, 100, 78997
2026/09/22 09:16:51.951, 0, 94, 78997
2026/09/22 09:16:51.951, 1, 97, 78997
2026/09/22 09:17:06.952, 0, 100, 78997
2026/09/22 09:17:06.952, 1, 100, 78997
2026/09/22 09:17:21.953, 0, 100, 78997
2026/09/22 09:17:21.953, 1, 100, 78997
2026/09/22 09:17:36.954, 0, 97, 78997
2026/09/22 09:17:36.954, 1, 97, 78997
2026/09/22 09:17:51.955, 0, 100, 78997
2026/09/22 09:17:51.956, 1, 100, 78997
2026/09/22 09:18:06.957, 0, 96, 78997
2026/09/22 09:18:06.957, 1, 97, 78997
2026/09/22 09:18:21.958, 0, 96, 78997
2026/09/22 09:18:21.958, 1, 99, 78997
2026/09/22 09:18:36.959, 0, 100, 78997
2026/09/22 09:18:36.959, 1, 100, 78997
2026/09/22 09:18:51.960, 0, 99, 78997
2026/09/22 09:18:51.960, 1, 98, 78997
2026/09/22 09:19:06.961, 0, 93, 78997
2026/09/22 09:19:06.961, 1, 99, 78997
2026/09/22 09:19:21.962, 0, 93, 78997
2026/09/22 09:19:21.963, 1, 94, 78997
2026/09/22 09:19:36.964, 0, 99, 78997
2026/09/22 09:19:36.964, 1, 100, 78997
2026/09/22 09:19:51.965, 0, 93, 78997
2026/09/22 09:19:51.965, 1, 94, 78997
2026/09/22 09:20:06.966, 0, 93, 78997
2026/09/22 09:20:06.966, 1, 94, 78997
2026/09/22 09:20:21.967, 0, 100, 78997
2026/09/22 09:20:21.967, 1, 100, 78997
2026/09/22 09:20:36.968, 0, 99, 78997
2026/09/22 09:20:36.968, 1, 99, 78997
2026/09/22 09:20:51.970, 0, 94, 78997
2026/09/22 09:20:51.970, 1, 94, 78997
2026/09/22 09:21:06.971, 0, 97, 78997
2026/09/22 09:21:06.971, 1, 97, 78997
2026/09/22 09:21:21.972, 0, 99, 78997
2026/09/22 09:21:21.972, 1, 98, 78997
2026/09/22 09:21:36.973, 0, 94, 78997
2026/09/22 09:21:36.973, 1, 94, 78997
2026/09/22 09:21:51.975, 0, 95, 78997
2026/09/22 09:21:51.975, 1, 95, 78997
2026/09/22 09:22:06.976, 0, 100, 78997
2026/09/22 09:22:06.976, 1, 97, 78997
2026/09/22 09:22:21.977, 0, 97, 78997
2026/09/22 09:22:21.977, 1, 99, 78997
2026/09/22 09:22:36.978, 0, 100, 78997
2026/09/22 09:22:36.978, 1, 100, 78997
2026/09/22 09:22:51.979, 0, 98, 78997
2026/09/22 09:22:51.979, 1, 98, 78997
2026/09/22 09:23:06.980, 0, 95, 78997
2026/09/22 09:23:06.980, 1, 96, 78997
2026/09/22 09:23:21.982, 0, 97, 78997
2026/09/22 09:23:21.982, 1, 97, 78997
2026/09/22 09:23:36.983, 0, 100, 78997
2026/09/22 09:23:36.983, 1, 95, 78997
2026/09/22 09:23:51.984, 0, 99, 78997
2026/09/22 09:23:51.984, 1, 99, 78997
2026/09/22 09:24:06.985, 0, 97, 78997
2026/09/22 09:24:06.985, 1, 97, 78997
2026/09/22 09:24:21.986, 0, 95, 78997
2026/09/22 09:24:21.987, 1, 95, 78997
2026/09/22 09:24:36.987, 0, 97, 78997
2026/09/22 09:24:36.988, 1, 97, 78997
2026/09/22 09:24:51.989, 0, 99, 78997
2026/09/22 09:24:51.989, 1, 100, 78997
2026/09/22 09:25:06.990, 0, 0, 78969
2026/09/22 09:25:06.990, 1, 73, 3
